[07/29/24 19:56:08] crowsnest: crowsnest - A webcam Service for multiple Cams and Stream Services.
[07/29/24 19:56:08] crowsnest: Version: v4.1.9-1-gd75a3ae
[07/29/24 19:56:08] crowsnest: Prepare Startup ...
[07/29/24 19:56:08] crowsnest: INFO: Host information:
[07/29/24 19:56:08] crowsnest: Host Info: Distribution: Debian GNU/Linux 11 (bullseye)
[07/29/24 19:56:08] crowsnest: Host Info: Kernel: Linux 5.16.17-sun50iw6 aarch64
[07/29/24 19:56:08] crowsnest: Host Info: Available CPU Cores: 4
[07/29/24 19:56:08] crowsnest: Host Info: Available Memory: 2032516 kB
[07/29/24 19:56:08] crowsnest: Host Info: Diskspace (avail. / total): 1.5G / 7.0G
[07/29/24 19:56:08] crowsnest: INFO: Checking Dependencies
[07/29/24 19:56:08] crowsnest: Dependency: 'crudini' found in /usr/bin/crudini.
[07/29/24 19:56:08] crowsnest: Dependency: 'find' found in /usr/bin/find.
[07/29/24 19:56:08] crowsnest: Dependency: 'xargs' found in /usr/bin/xargs.
[07/29/24 19:56:08] crowsnest: Dependency: 'ustreamer' found in bin/ustreamer/src/ustreamer.bin.
[07/29/24 19:56:09] crowsnest: Version Control: ustreamer is up to date. (v6.10)
[07/29/24 19:56:09] crowsnest: INFO: Print Configfile: '/home/kkobold/printer_data/config/crowsnest.conf'
[07/29/24 19:56:09] crowsnest:		[crowsnest]
[07/29/24 19:56:09] crowsnest:		log_path: /home/kkobold/printer_data/logs/crowsnest.log
[07/29/24 19:56:09] crowsnest:		log_level: verbose
[07/29/24 19:56:09] crowsnest:		delete_log: false
[07/29/24 19:56:09] crowsnest:		no_proxy: false
[07/29/24 19:56:09] crowsnest:		
[07/29/24 19:56:09] crowsnest:		[cam 1]
[07/29/24 19:56:09] crowsnest:		mode: ustreamer
[07/29/24 19:56:09] crowsnest:		
[07/29/24 19:56:09] crowsnest:		enable_rtsp: false
[07/29/24 19:56:09] crowsnest:		rtsp_port: 8554
[07/29/24 19:56:09] crowsnest:		port: 8080
[07/29/24 19:56:09] crowsnest:		device: /dev/video0
[07/29/24 19:56:09] crowsnest:		resolution: 640x480
[07/29/24 19:56:09] crowsnest:		max_fps: 15
[07/29/24 19:56:09] crowsnest: INFO: Detect available Devices
[07/29/24 19:56:09] crowsnest: ERROR: No usable Devices Found. Stopping crowsnest.
[07/29/24 19:56:15] crowsnest: crowsnest - A webcam Service for multiple Cams and Stream Services.
[07/29/24 19:56:15] crowsnest: Version: v4.1.9-1-gd75a3ae
[07/29/24 19:56:15] crowsnest: Prepare Startup ...
[07/29/24 19:56:15] crowsnest: INFO: Host information:
[07/29/24 19:56:15] crowsnest: Host Info: Distribution: Debian GNU/Linux 11 (bullseye)
[07/29/24 19:56:15] crowsnest: Host Info: Kernel: Linux 5.16.17-sun50iw6 aarch64
[07/29/24 19:56:15] crowsnest: Host Info: Available CPU Cores: 4
[07/29/24 19:56:15] crowsnest: Host Info: Available Memory: 2032516 kB
[07/29/24 19:56:15] crowsnest: Host Info: Diskspace (avail. / total): 1.5G / 7.0G
[07/29/24 19:56:15] crowsnest: INFO: Checking Dependencies
[07/29/24 19:56:15] crowsnest: Dependency: 'crudini' found in /usr/bin/crudini.
[07/29/24 19:56:15] crowsnest: Dependency: 'find' found in /usr/bin/find.
[07/29/24 19:56:15] crowsnest: Dependency: 'xargs' found in /usr/bin/xargs.
[07/29/24 19:56:15] crowsnest: Dependency: 'ustreamer' found in bin/ustreamer/src/ustreamer.bin.
[07/29/24 19:56:15] crowsnest: Version Control: ustreamer is up to date. (v6.10)
[07/29/24 19:56:15] crowsnest: INFO: Print Configfile: '/home/kkobold/printer_data/config/crowsnest.conf'
[07/29/24 19:56:15] crowsnest:		[crowsnest]
[07/29/24 19:56:15] crowsnest:		log_path: /home/kkobold/printer_data/logs/crowsnest.log
[07/29/24 19:56:15] crowsnest:		log_level: verbose
[07/29/24 19:56:15] crowsnest:		delete_log: false
[07/29/24 19:56:15] crowsnest:		no_proxy: false
[07/29/24 19:56:15] crowsnest:		
[07/29/24 19:56:15] crowsnest:		[cam 1]
[07/29/24 19:56:15] crowsnest:		mode: ustreamer
[07/29/24 19:56:15] crowsnest:		
[07/29/24 19:56:15] crowsnest:		enable_rtsp: false
[07/29/24 19:56:15] crowsnest:		rtsp_port: 8554
[07/29/24 19:56:15] crowsnest:		port: 8080
[07/29/24 19:56:15] crowsnest:		device: /dev/video0
[07/29/24 19:56:15] crowsnest:		resolution: 640x480
[07/29/24 19:56:15] crowsnest:		max_fps: 15
[07/29/24 19:56:15] crowsnest: INFO: Detect available Devices
[07/29/24 19:56:15] crowsnest: ERROR: No usable Devices Found. Stopping crowsnest.
[07/29/24 19:56:34] crowsnest: crowsnest - A webcam Service for multiple Cams and Stream Services.
[07/29/24 19:56:34] crowsnest: Version: v4.1.9-1-gd75a3ae
[07/29/24 19:56:34] crowsnest: Prepare Startup ...
[07/29/24 19:56:34] crowsnest: INFO: Host information:
[07/29/24 19:56:34] crowsnest: Host Info: Distribution: Debian GNU/Linux 11 (bullseye)
[07/29/24 19:56:34] crowsnest: Host Info: Kernel: Linux 5.16.17-sun50iw6 aarch64
[07/29/24 19:56:34] crowsnest: Host Info: Available CPU Cores: 4
[07/29/24 19:56:34] crowsnest: Host Info: Available Memory: 2032516 kB
[07/29/24 19:56:34] crowsnest: Host Info: Diskspace (avail. / total): 1.5G / 7.0G
[07/29/24 19:56:34] crowsnest: INFO: Checking Dependencies
[07/29/24 19:56:34] crowsnest: Dependency: 'crudini' found in /usr/bin/crudini.
[07/29/24 19:56:34] crowsnest: Dependency: 'find' found in /usr/bin/find.
[07/29/24 19:56:34] crowsnest: Dependency: 'xargs' found in /usr/bin/xargs.
[07/29/24 19:56:34] crowsnest: Dependency: 'ustreamer' found in bin/ustreamer/src/ustreamer.bin.
[07/29/24 19:56:34] crowsnest: Version Control: ustreamer is up to date. (v6.10)
[07/29/24 19:56:34] crowsnest: INFO: Print Configfile: '/home/kkobold/printer_data/config/crowsnest.conf'
[07/29/24 19:56:34] crowsnest:		[crowsnest]
[07/29/24 19:56:34] crowsnest:		log_path: /home/kkobold/printer_data/logs/crowsnest.log
[07/29/24 19:56:34] crowsnest:		log_level: verbose
[07/29/24 19:56:34] crowsnest:		delete_log: false
[07/29/24 19:56:34] crowsnest:		no_proxy: false
[07/29/24 19:56:34] crowsnest:		
[07/29/24 19:56:34] crowsnest:		[cam 1]
[07/29/24 19:56:34] crowsnest:		mode: ustreamer
[07/29/24 19:56:34] crowsnest:		
[07/29/24 19:56:34] crowsnest:		enable_rtsp: false
[07/29/24 19:56:34] crowsnest:		rtsp_port: 8554
[07/29/24 19:56:34] crowsnest:		port: 8080
[07/29/24 19:56:34] crowsnest:		device: /dev/video0
[07/29/24 19:56:34] crowsnest:		resolution: 640x480
[07/29/24 19:56:34] crowsnest:		max_fps: 15
[07/29/24 19:56:34] crowsnest: INFO: Detect available Devices
[07/29/24 19:56:34] crowsnest: ERROR: No usable Devices Found. Stopping crowsnest.
[07/29/24 19:56:40] crowsnest: crowsnest - A webcam Service for multiple Cams and Stream Services.
[07/29/24 19:56:40] crowsnest: Version: v4.1.9-1-gd75a3ae
[07/29/24 19:56:40] crowsnest: Prepare Startup ...
[07/29/24 19:56:40] crowsnest: INFO: Host information:
[07/29/24 19:56:40] crowsnest: Host Info: Distribution: Debian GNU/Linux 11 (bullseye)
[07/29/24 19:56:40] crowsnest: Host Info: Kernel: Linux 5.16.17-sun50iw6 aarch64
[07/29/24 19:56:40] crowsnest: Host Info: Available CPU Cores: 4
[07/29/24 19:56:40] crowsnest: Host Info: Available Memory: 2032516 kB
[07/29/24 19:56:40] crowsnest: Host Info: Diskspace (avail. / total): 1.5G / 7.0G
[07/29/24 19:56:40] crowsnest: INFO: Checking Dependencies
[07/29/24 19:56:40] crowsnest: Dependency: 'crudini' found in /usr/bin/crudini.
[07/29/24 19:56:40] crowsnest: Dependency: 'find' found in /usr/bin/find.
[07/29/24 19:56:40] crowsnest: Dependency: 'xargs' found in /usr/bin/xargs.
[07/29/24 19:56:40] crowsnest: Dependency: 'ustreamer' found in bin/ustreamer/src/ustreamer.bin.
[07/29/24 19:56:40] crowsnest: Version Control: ustreamer is up to date. (v6.10)
[07/29/24 19:56:41] crowsnest: INFO: Print Configfile: '/home/kkobold/printer_data/config/crowsnest.conf'
[07/29/24 19:56:41] crowsnest:		[crowsnest]
[07/29/24 19:56:41] crowsnest:		log_path: /home/kkobold/printer_data/logs/crowsnest.log
[07/29/24 19:56:41] crowsnest:		log_level: verbose
[07/29/24 19:56:41] crowsnest:		delete_log: false
[07/29/24 19:56:41] crowsnest:		no_proxy: false
[07/29/24 19:56:41] crowsnest:		
[07/29/24 19:56:41] crowsnest:		[cam 1]
[07/29/24 19:56:41] crowsnest:		mode: ustreamer
[07/29/24 19:56:41] crowsnest:		
[07/29/24 19:56:41] crowsnest:		enable_rtsp: false
[07/29/24 19:56:41] crowsnest:		rtsp_port: 8554
[07/29/24 19:56:41] crowsnest:		port: 8080
[07/29/24 19:56:41] crowsnest:		device: /dev/video0
[07/29/24 19:56:41] crowsnest:		resolution: 640x480
[07/29/24 19:56:41] crowsnest:		max_fps: 15
[07/29/24 19:56:41] crowsnest: INFO: Detect available Devices
[07/29/24 19:56:41] crowsnest: ERROR: No usable Devices Found. Stopping crowsnest.
[07/29/24 19:56:47] crowsnest: crowsnest - A webcam Service for multiple Cams and Stream Services.
[07/29/24 19:56:47] crowsnest: Version: v4.1.9-1-gd75a3ae
[07/29/24 19:56:47] crowsnest: Prepare Startup ...
[07/29/24 19:56:47] crowsnest: INFO: Host information:
[07/29/24 19:56:47] crowsnest: Host Info: Distribution: Debian GNU/Linux 11 (bullseye)
[07/29/24 19:56:47] crowsnest: Host Info: Kernel: Linux 5.16.17-sun50iw6 aarch64
[07/29/24 19:56:47] crowsnest: Host Info: Available CPU Cores: 4
[07/29/24 19:56:47] crowsnest: Host Info: Available Memory: 2032516 kB
[07/29/24 19:56:47] crowsnest: Host Info: Diskspace (avail. / total): 1.5G / 7.0G
[07/29/24 19:56:47] crowsnest: INFO: Checking Dependencies
[07/29/24 19:56:47] crowsnest: Dependency: 'crudini' found in /usr/bin/crudini.
[07/29/24 19:56:47] crowsnest: Dependency: 'find' found in /usr/bin/find.
[07/29/24 19:56:47] crowsnest: Dependency: 'xargs' found in /usr/bin/xargs.
[07/29/24 19:56:47] crowsnest: Dependency: 'ustreamer' found in bin/ustreamer/src/ustreamer.bin.
[07/29/24 19:56:47] crowsnest: Version Control: ustreamer is up to date. (v6.10)
[07/29/24 19:56:47] crowsnest: INFO: Print Configfile: '/home/kkobold/printer_data/config/crowsnest.conf'
[07/29/24 19:56:47] crowsnest:		[crowsnest]
[07/29/24 19:56:47] crowsnest:		log_path: /home/kkobold/printer_data/logs/crowsnest.log
[07/29/24 19:56:47] crowsnest:		log_level: verbose
[07/29/24 19:56:47] crowsnest:		delete_log: false
[07/29/24 19:56:47] crowsnest:		no_proxy: false
[07/29/24 19:56:47] crowsnest:		
[07/29/24 19:56:47] crowsnest:		[cam 1]
[07/29/24 19:56:47] crowsnest:		mode: ustreamer
[07/29/24 19:56:47] crowsnest:		
[07/29/24 19:56:47] crowsnest:		enable_rtsp: false
[07/29/24 19:56:47] crowsnest:		rtsp_port: 8554
[07/29/24 19:56:47] crowsnest:		port: 8080
[07/29/24 19:56:47] crowsnest:		device: /dev/video0
[07/29/24 19:56:47] crowsnest:		resolution: 640x480
[07/29/24 19:56:47] crowsnest:		max_fps: 15
[07/29/24 19:56:47] crowsnest: INFO: Detect available Devices
[07/29/24 19:56:47] crowsnest: ERROR: No usable Devices Found. Stopping crowsnest.
[07/29/24 19:56:53] crowsnest: crowsnest - A webcam Service for multiple Cams and Stream Services.
[07/29/24 19:56:53] crowsnest: Version: v4.1.9-1-gd75a3ae
[07/29/24 19:56:53] crowsnest: Prepare Startup ...
[07/29/24 19:56:53] crowsnest: INFO: Host information:
[07/29/24 19:56:53] crowsnest: Host Info: Distribution: Debian GNU/Linux 11 (bullseye)
[07/29/24 19:56:53] crowsnest: Host Info: Kernel: Linux 5.16.17-sun50iw6 aarch64
[07/29/24 19:56:53] crowsnest: Host Info: Available CPU Cores: 4
[07/29/24 19:56:53] crowsnest: Host Info: Available Memory: 2032516 kB
[07/29/24 19:56:53] crowsnest: Host Info: Diskspace (avail. / total): 1.5G / 7.0G
[07/29/24 19:56:53] crowsnest: INFO: Checking Dependencies
[07/29/24 19:56:53] crowsnest: Dependency: 'crudini' found in /usr/bin/crudini.
[07/29/24 19:56:53] crowsnest: Dependency: 'find' found in /usr/bin/find.
[07/29/24 19:56:53] crowsnest: Dependency: 'xargs' found in /usr/bin/xargs.
[07/29/24 19:56:53] crowsnest: Dependency: 'ustreamer' found in bin/ustreamer/src/ustreamer.bin.
[07/29/24 19:56:53] crowsnest: Version Control: ustreamer is up to date. (v6.10)
[07/29/24 19:56:53] crowsnest: INFO: Print Configfile: '/home/kkobold/printer_data/config/crowsnest.conf'
[07/29/24 19:56:53] crowsnest:		[crowsnest]
[07/29/24 19:56:53] crowsnest:		log_path: /home/kkobold/printer_data/logs/crowsnest.log
[07/29/24 19:56:53] crowsnest:		log_level: verbose
[07/29/24 19:56:53] crowsnest:		delete_log: false
[07/29/24 19:56:53] crowsnest:		no_proxy: false
[07/29/24 19:56:53] crowsnest:		
[07/29/24 19:56:53] crowsnest:		[cam 1]
[07/29/24 19:56:53] crowsnest:		mode: ustreamer
[07/29/24 19:56:53] crowsnest:		
[07/29/24 19:56:53] crowsnest:		enable_rtsp: false
[07/29/24 19:56:53] crowsnest:		rtsp_port: 8554
[07/29/24 19:56:53] crowsnest:		port: 8080
[07/29/24 19:56:53] crowsnest:		device: /dev/video0
[07/29/24 19:56:53] crowsnest:		resolution: 640x480
[07/29/24 19:56:53] crowsnest:		max_fps: 15
[07/29/24 19:56:53] crowsnest: INFO: Detect available Devices
[07/29/24 19:56:53] crowsnest: ERROR: No usable Devices Found. Stopping crowsnest.
[07/29/24 19:56:59] crowsnest: crowsnest - A webcam Service for multiple Cams and Stream Services.
[07/29/24 19:56:59] crowsnest: Version: v4.1.9-1-gd75a3ae
[07/29/24 19:56:59] crowsnest: Prepare Startup ...
[07/29/24 19:56:59] crowsnest: INFO: Host information:
[07/29/24 19:56:59] crowsnest: Host Info: Distribution: Debian GNU/Linux 11 (bullseye)
[07/29/24 19:56:59] crowsnest: Host Info: Kernel: Linux 5.16.17-sun50iw6 aarch64
[07/29/24 19:56:59] crowsnest: Host Info: Available CPU Cores: 4
[07/29/24 19:56:59] crowsnest: Host Info: Available Memory: 2032516 kB
[07/29/24 19:56:59] crowsnest: Host Info: Diskspace (avail. / total): 1.5G / 7.0G
[07/29/24 19:56:59] crowsnest: INFO: Checking Dependencies
[07/29/24 19:56:59] crowsnest: Dependency: 'crudini' found in /usr/bin/crudini.
[07/29/24 19:56:59] crowsnest: Dependency: 'find' found in /usr/bin/find.
[07/29/24 19:56:59] crowsnest: Dependency: 'xargs' found in /usr/bin/xargs.
[07/29/24 19:56:59] crowsnest: Dependency: 'ustreamer' found in bin/ustreamer/src/ustreamer.bin.
[07/29/24 19:56:59] crowsnest: Version Control: ustreamer is up to date. (v6.10)
[07/29/24 19:56:59] crowsnest: INFO: Print Configfile: '/home/kkobold/printer_data/config/crowsnest.conf'
[07/29/24 19:56:59] crowsnest:		[crowsnest]
[07/29/24 19:56:59] crowsnest:		log_path: /home/kkobold/printer_data/logs/crowsnest.log
[07/29/24 19:56:59] crowsnest:		log_level: verbose
[07/29/24 19:56:59] crowsnest:		delete_log: false
[07/29/24 19:56:59] crowsnest:		no_proxy: false
[07/29/24 19:56:59] crowsnest:		
[07/29/24 19:56:59] crowsnest:		[cam 1]
[07/29/24 19:56:59] crowsnest:		mode: ustreamer
[07/29/24 19:56:59] crowsnest:		
[07/29/24 19:56:59] crowsnest:		enable_rtsp: false
[07/29/24 19:56:59] crowsnest:		rtsp_port: 8554
[07/29/24 19:56:59] crowsnest:		port: 8080
[07/29/24 19:56:59] crowsnest:		device: /dev/video0
[07/29/24 19:56:59] crowsnest:		resolution: 640x480
[07/29/24 19:56:59] crowsnest:		max_fps: 15
[07/29/24 19:56:59] crowsnest: INFO: Detect available Devices
[07/29/24 19:56:59] crowsnest: ERROR: No usable Devices Found. Stopping crowsnest.
[07/29/24 19:57:05] crowsnest: crowsnest - A webcam Service for multiple Cams and Stream Services.
[07/29/24 19:57:05] crowsnest: Version: v4.1.9-1-gd75a3ae
[07/29/24 19:57:05] crowsnest: Prepare Startup ...
[07/29/24 19:57:05] crowsnest: INFO: Host information:
[07/29/24 19:57:05] crowsnest: Host Info: Distribution: Debian GNU/Linux 11 (bullseye)
[07/29/24 19:57:05] crowsnest: Host Info: Kernel: Linux 5.16.17-sun50iw6 aarch64
[07/29/24 19:57:05] crowsnest: Host Info: Available CPU Cores: 4
[07/29/24 19:57:05] crowsnest: Host Info: Available Memory: 2032516 kB
[07/29/24 19:57:05] crowsnest: Host Info: Diskspace (avail. / total): 1.5G / 7.0G
[07/29/24 19:57:05] crowsnest: INFO: Checking Dependencies
[07/29/24 19:57:05] crowsnest: Dependency: 'crudini' found in /usr/bin/crudini.
[07/29/24 19:57:05] crowsnest: Dependency: 'find' found in /usr/bin/find.
[07/29/24 19:57:05] crowsnest: Dependency: 'xargs' found in /usr/bin/xargs.
[07/29/24 19:57:05] crowsnest: Dependency: 'ustreamer' found in bin/ustreamer/src/ustreamer.bin.
[07/29/24 19:57:06] crowsnest: Version Control: ustreamer is up to date. (v6.10)
[07/29/24 19:57:06] crowsnest: INFO: Print Configfile: '/home/kkobold/printer_data/config/crowsnest.conf'
[07/29/24 19:57:06] crowsnest:		[crowsnest]
[07/29/24 19:57:06] crowsnest:		log_path: /home/kkobold/printer_data/logs/crowsnest.log
[07/29/24 19:57:06] crowsnest:		log_level: verbose
[07/29/24 19:57:06] crowsnest:		delete_log: false
[07/29/24 19:57:06] crowsnest:		no_proxy: false
[07/29/24 19:57:06] crowsnest:		
[07/29/24 19:57:06] crowsnest:		[cam 1]
[07/29/24 19:57:06] crowsnest:		mode: ustreamer
[07/29/24 19:57:06] crowsnest:		
[07/29/24 19:57:06] crowsnest:		enable_rtsp: false
[07/29/24 19:57:06] crowsnest:		rtsp_port: 8554
[07/29/24 19:57:06] crowsnest:		port: 8080
[07/29/24 19:57:06] crowsnest:		device: /dev/video0
[07/29/24 19:57:06] crowsnest:		resolution: 640x480
[07/29/24 19:57:06] crowsnest:		max_fps: 15
[07/29/24 19:57:06] crowsnest: INFO: Detect available Devices
[07/29/24 19:57:06] crowsnest: ERROR: No usable Devices Found. Stopping crowsnest.
[07/29/24 19:57:12] crowsnest: crowsnest - A webcam Service for multiple Cams and Stream Services.
[07/29/24 19:57:12] crowsnest: Version: v4.1.9-1-gd75a3ae
[07/29/24 19:57:12] crowsnest: Prepare Startup ...
[07/29/24 19:57:12] crowsnest: INFO: Host information:
[07/29/24 19:57:12] crowsnest: Host Info: Distribution: Debian GNU/Linux 11 (bullseye)
[07/29/24 19:57:12] crowsnest: Host Info: Kernel: Linux 5.16.17-sun50iw6 aarch64
[07/29/24 19:57:12] crowsnest: Host Info: Available CPU Cores: 4
[07/29/24 19:57:12] crowsnest: Host Info: Available Memory: 2032516 kB
[07/29/24 19:57:12] crowsnest: Host Info: Diskspace (avail. / total): 1.5G / 7.0G
[07/29/24 19:57:12] crowsnest: INFO: Checking Dependencies
[07/29/24 19:57:12] crowsnest: Dependency: 'crudini' found in /usr/bin/crudini.
[07/29/24 19:57:12] crowsnest: Dependency: 'find' found in /usr/bin/find.
[07/29/24 19:57:12] crowsnest: Dependency: 'xargs' found in /usr/bin/xargs.
[07/29/24 19:57:12] crowsnest: Dependency: 'ustreamer' found in bin/ustreamer/src/ustreamer.bin.
[07/29/24 19:57:12] crowsnest: Version Control: ustreamer is up to date. (v6.10)
[07/29/24 19:57:12] crowsnest: INFO: Print Configfile: '/home/kkobold/printer_data/config/crowsnest.conf'
[07/29/24 19:57:12] crowsnest:		[crowsnest]
[07/29/24 19:57:12] crowsnest:		log_path: /home/kkobold/printer_data/logs/crowsnest.log
[07/29/24 19:57:12] crowsnest:		log_level: verbose
[07/29/24 19:57:12] crowsnest:		delete_log: false
[07/29/24 19:57:12] crowsnest:		no_proxy: false
[07/29/24 19:57:12] crowsnest:		
[07/29/24 19:57:12] crowsnest:		[cam 1]
[07/29/24 19:57:12] crowsnest:		mode: ustreamer
[07/29/24 19:57:12] crowsnest:		
[07/29/24 19:57:12] crowsnest:		enable_rtsp: false
[07/29/24 19:57:12] crowsnest:		rtsp_port: 8554
[07/29/24 19:57:12] crowsnest:		port: 8080
[07/29/24 19:57:12] crowsnest:		device: /dev/video0
[07/29/24 19:57:12] crowsnest:		resolution: 640x480
[07/29/24 19:57:12] crowsnest:		max_fps: 15
[07/29/24 19:57:12] crowsnest: INFO: Detect available Devices
[07/29/24 19:57:12] crowsnest: ERROR: No usable Devices Found. Stopping crowsnest.
[07/29/24 19:57:18] crowsnest: crowsnest - A webcam Service for multiple Cams and Stream Services.
[07/29/24 19:57:18] crowsnest: Version: v4.1.9-1-gd75a3ae
[07/29/24 19:57:18] crowsnest: Prepare Startup ...
[07/29/24 19:57:18] crowsnest: INFO: Host information:
[07/29/24 19:57:18] crowsnest: Host Info: Distribution: Debian GNU/Linux 11 (bullseye)
[07/29/24 19:57:18] crowsnest: Host Info: Kernel: Linux 5.16.17-sun50iw6 aarch64
[07/29/24 19:57:18] crowsnest: Host Info: Available CPU Cores: 4
[07/29/24 19:57:18] crowsnest: Host Info: Available Memory: 2032516 kB
[07/29/24 19:57:18] crowsnest: Host Info: Diskspace (avail. / total): 1.5G / 7.0G
[07/29/24 19:57:18] crowsnest: INFO: Checking Dependencies
[07/29/24 19:57:18] crowsnest: Dependency: 'crudini' found in /usr/bin/crudini.
[07/29/24 19:57:18] crowsnest: Dependency: 'find' found in /usr/bin/find.
[07/29/24 19:57:18] crowsnest: Dependency: 'xargs' found in /usr/bin/xargs.
[07/29/24 19:57:18] crowsnest: Dependency: 'ustreamer' found in bin/ustreamer/src/ustreamer.bin.
[07/29/24 19:57:18] crowsnest: Version Control: ustreamer is up to date. (v6.10)
[07/29/24 19:57:18] crowsnest: INFO: Print Configfile: '/home/kkobold/printer_data/config/crowsnest.conf'
[07/29/24 19:57:18] crowsnest:		[crowsnest]
[07/29/24 19:57:18] crowsnest:		log_path: /home/kkobold/printer_data/logs/crowsnest.log
[07/29/24 19:57:18] crowsnest:		log_level: verbose
[07/29/24 19:57:18] crowsnest:		delete_log: false
[07/29/24 19:57:18] crowsnest:		no_proxy: false
[07/29/24 19:57:18] crowsnest:		
[07/29/24 19:57:18] crowsnest:		[cam 1]
[07/29/24 19:57:18] crowsnest:		mode: ustreamer
[07/29/24 19:57:18] crowsnest:		
[07/29/24 19:57:18] crowsnest:		enable_rtsp: false
[07/29/24 19:57:18] crowsnest:		rtsp_port: 8554
[07/29/24 19:57:18] crowsnest:		port: 8080
[07/29/24 19:57:18] crowsnest:		device: /dev/video0
[07/29/24 19:57:18] crowsnest:		resolution: 640x480
[07/29/24 19:57:18] crowsnest:		max_fps: 15
[07/29/24 19:57:18] crowsnest: INFO: Detect available Devices
[07/29/24 19:57:18] crowsnest: ERROR: No usable Devices Found. Stopping crowsnest.
[07/29/24 20:00:24] crowsnest: crowsnest - A webcam Service for multiple Cams and Stream Services.
[07/29/24 20:00:24] crowsnest: Version: v4.1.9-1-gd75a3ae
[07/29/24 20:00:24] crowsnest: Prepare Startup ...
[07/29/24 20:00:24] crowsnest: INFO: Host information:
[07/29/24 20:00:24] crowsnest: Host Info: Distribution: Debian GNU/Linux 11 (bullseye)
[07/29/24 20:00:24] crowsnest: Host Info: Kernel: Linux 5.16.17-sun50iw6 aarch64
[07/29/24 20:00:24] crowsnest: Host Info: Available CPU Cores: 4
[07/29/24 20:00:24] crowsnest: Host Info: Available Memory: 2032516 kB
[07/29/24 20:00:24] crowsnest: Host Info: Diskspace (avail. / total): 1.5G / 7.0G
[07/29/24 20:00:24] crowsnest: INFO: Checking Dependencies
[07/29/24 20:00:24] crowsnest: Dependency: 'crudini' found in /usr/bin/crudini.
[07/29/24 20:00:24] crowsnest: Dependency: 'find' found in /usr/bin/find.
[07/29/24 20:00:24] crowsnest: Dependency: 'xargs' found in /usr/bin/xargs.
[07/29/24 20:00:24] crowsnest: Dependency: 'ustreamer' found in bin/ustreamer/src/ustreamer.bin.
[07/29/24 20:00:24] crowsnest: Version Control: ustreamer is up to date. (v6.10)
[07/29/24 20:00:24] crowsnest: INFO: Print Configfile: '/home/kkobold/printer_data/config/crowsnest.conf'
[07/29/24 20:00:24] crowsnest:		[crowsnest]
[07/29/24 20:00:24] crowsnest:		log_path: /home/kkobold/printer_data/logs/crowsnest.log
[07/29/24 20:00:24] crowsnest:		log_level: verbose
[07/29/24 20:00:24] crowsnest:		delete_log: false
[07/29/24 20:00:24] crowsnest:		no_proxy: false
[07/29/24 20:00:24] crowsnest:		
[07/29/24 20:00:24] crowsnest:		[cam 1]
[07/29/24 20:00:24] crowsnest:		mode: ustreamer
[07/29/24 20:00:24] crowsnest:		
[07/29/24 20:00:24] crowsnest:		enable_rtsp: false
[07/29/24 20:00:24] crowsnest:		rtsp_port: 8554
[07/29/24 20:00:24] crowsnest:		port: 8080
[07/29/24 20:00:24] crowsnest:		device: /dev/video0
[07/29/24 20:00:24] crowsnest:		resolution: 640x480
[07/29/24 20:00:24] crowsnest:		max_fps: 15
[07/29/24 20:00:24] crowsnest: INFO: Detect available Devices
[07/29/24 20:00:24] crowsnest: ERROR: No usable Devices Found. Stopping crowsnest.
[07/29/24 20:41:50] crowsnest: crowsnest - A webcam Service for multiple Cams and Stream Services.
[07/29/24 20:41:50] crowsnest: Version: v4.1.9-1-gd75a3ae
[07/29/24 20:41:50] crowsnest: Prepare Startup ...
[07/29/24 20:41:50] crowsnest: INFO: Host information:
[07/29/24 20:41:50] crowsnest: Host Info: Distribution: Debian GNU/Linux 11 (bullseye)
[07/29/24 20:41:50] crowsnest: Host Info: Kernel: Linux 5.16.17-sun50iw6 aarch64
[07/29/24 20:41:50] crowsnest: Host Info: Available CPU Cores: 4
[07/29/24 20:41:50] crowsnest: Host Info: Available Memory: 2032516 kB
[07/29/24 20:41:50] crowsnest: Host Info: Diskspace (avail. / total): 1.5G / 7.0G
[07/29/24 20:41:50] crowsnest: INFO: Checking Dependencies
[07/29/24 20:41:50] crowsnest: Dependency: 'crudini' found in /usr/bin/crudini.
[07/29/24 20:41:51] crowsnest: Dependency: 'find' found in /usr/bin/find.
[07/29/24 20:41:51] crowsnest: Dependency: 'xargs' found in /usr/bin/xargs.
[07/29/24 20:41:51] crowsnest: Dependency: 'ustreamer' found in bin/ustreamer/src/ustreamer.bin.
[07/29/24 20:41:51] crowsnest: Version Control: ustreamer is up to date. (v6.10)
[07/29/24 20:41:51] crowsnest: INFO: Print Configfile: '/home/kkobold/printer_data/config/crowsnest.conf'
[07/29/24 20:41:51] crowsnest:		[crowsnest]
[07/29/24 20:41:51] crowsnest:		log_path: /home/kkobold/printer_data/logs/crowsnest.log
[07/29/24 20:41:51] crowsnest:		log_level: verbose
[07/29/24 20:41:51] crowsnest:		delete_log: false
[07/29/24 20:41:51] crowsnest:		no_proxy: false
[07/29/24 20:41:51] crowsnest:		
[07/29/24 20:41:51] crowsnest:		[cam 1]
[07/29/24 20:41:51] crowsnest:		mode: ustreamer
[07/29/24 20:41:51] crowsnest:		
[07/29/24 20:41:51] crowsnest:		enable_rtsp: false
[07/29/24 20:41:51] crowsnest:		rtsp_port: 8554
[07/29/24 20:41:51] crowsnest:		port: 8080
[07/29/24 20:41:51] crowsnest:		device: /dev/video0
[07/29/24 20:41:51] crowsnest:		resolution: 640x480
[07/29/24 20:41:51] crowsnest:		max_fps: 15
[07/29/24 20:41:51] crowsnest: INFO: Detect available Devices
[07/29/24 20:41:51] crowsnest: INFO: Found 1 total available Device(s)
[07/29/24 20:41:51] crowsnest: INFO: Found 1 available v4l2 (UVC) camera(s)
[07/29/24 20:41:51] crowsnest: /dev/v4l/by-id/usb-GENERAL_GENERAL_WEBCAM_JH0918_20210304_v012-video-index0 -> /dev/video1
[07/29/24 20:41:51] crowsnest: Supported Formats:
[07/29/24 20:41:51] crowsnest:		[0]: 'MJPG' (Motion-JPEG, compressed)
[07/29/24 20:41:51] crowsnest:		Size: Discrete 1920x1080
[07/29/24 20:41:51] crowsnest:		Interval: Discrete 0.033s (30.000 fps)
[07/29/24 20:41:51] crowsnest:		Interval: Discrete 0.033s (30.000 fps)
[07/29/24 20:41:51] crowsnest:		Size: Discrete 1280x720
[07/29/24 20:41:51] crowsnest:		Interval: Discrete 0.033s (30.000 fps)
[07/29/24 20:41:51] crowsnest:		Interval: Discrete 0.033s (30.000 fps)
[07/29/24 20:41:51] crowsnest:		Interval: Discrete 0.033s (30.000 fps)
[07/29/24 20:41:51] crowsnest:		Interval: Discrete 0.033s (30.000 fps)
[07/29/24 20:41:51] crowsnest:		Size: Discrete 640x480
[07/29/24 20:41:51] crowsnest:		Interval: Discrete 0.033s (30.000 fps)
[07/29/24 20:41:51] crowsnest:		Size: Discrete 1920x1080
[07/29/24 20:41:51] crowsnest:		Interval: Discrete 0.033s (30.000 fps)
[07/29/24 20:41:51] crowsnest:		Interval: Discrete 0.033s (30.000 fps)
[07/29/24 20:41:51] crowsnest:		Size: Discrete 1280x720
[07/29/24 20:41:51] crowsnest:		Interval: Discrete 0.033s (30.000 fps)
[07/29/24 20:41:51] crowsnest:		Interval: Discrete 0.033s (30.000 fps)
[07/29/24 20:41:51] crowsnest:		Interval: Discrete 0.033s (30.000 fps)
[07/29/24 20:41:51] crowsnest:		Interval: Discrete 0.033s (30.000 fps)
[07/29/24 20:41:51] crowsnest:		[1]: 'YUYV' (YUYV 4:2:2)
[07/29/24 20:41:51] crowsnest:		Size: Discrete 640x480
[07/29/24 20:41:51] crowsnest:		Interval: Discrete 0.033s (30.000 fps)
[07/29/24 20:41:51] crowsnest:		Size: Discrete 640x360
[07/29/24 20:41:51] crowsnest:		Interval: Discrete 0.033s (30.000 fps)
[07/29/24 20:41:51] crowsnest:		Size: Discrete 480x270
[07/29/24 20:41:51] crowsnest:		Interval: Discrete 0.033s (30.000 fps)
[07/29/24 20:41:51] crowsnest:		Size: Discrete 320x240
[07/29/24 20:41:51] crowsnest:		Interval: Discrete 0.033s (30.000 fps)
[07/29/24 20:41:51] crowsnest:		Size: Discrete 176x144
[07/29/24 20:41:51] crowsnest:		Interval: Discrete 0.033s (30.000 fps)
[07/29/24 20:41:51] crowsnest: Supported Controls:
[07/29/24 20:41:51] crowsnest:		
[07/29/24 20:41:51] crowsnest:		User Controls
[07/29/24 20:41:51] crowsnest:		
[07/29/24 20:41:51] crowsnest:		brightness 0x00980900 (int)    : min=1 max=255 step=1 default=16 value=16
[07/29/24 20:41:51] crowsnest: Try to start configured Cams / Services...
[07/29/24 20:41:53] crowsnest: INFO: Configuration of Section [cam 1] looks good. Continue ...
[07/29/24 20:41:54] crowsnest: V4L2 Control: No parameters set for [cam 1]. Skipped.
[07/29/24 20:41:56] crowsnest: Starting ustreamer with Device /dev/video0 ...
[07/29/24 20:41:58] crowsnest:  ... Done!
[07/29/24 20:43:21] crowsnest: Shutdown or Killed by User!
[07/29/24 20:43:21] crowsnest: Please come again :)
[07/29/24 20:43:21] crowsnest: Goodbye...
[07/29/24 20:43:32] crowsnest: crowsnest - A webcam Service for multiple Cams and Stream Services.
[07/29/24 20:43:32] crowsnest: Version: v4.1.9-1-gd75a3ae
[07/29/24 20:43:32] crowsnest: Prepare Startup ...
[07/29/24 20:43:33] crowsnest: INFO: Host information:
[07/29/24 20:43:33] crowsnest: Host Info: Distribution: Debian GNU/Linux 11 (bullseye)
[07/29/24 20:43:33] crowsnest: Host Info: Kernel: Linux 5.16.17-sun50iw6 aarch64
[07/29/24 20:43:33] crowsnest: Host Info: Available CPU Cores: 4
[07/29/24 20:43:33] crowsnest: Host Info: Available Memory: 2032516 kB
[07/29/24 20:43:33] crowsnest: Host Info: Diskspace (avail. / total): 1.5G / 7.0G
[07/29/24 20:43:33] crowsnest: INFO: Checking Dependencies
[07/29/24 20:43:33] crowsnest: Dependency: 'crudini' found in /usr/bin/crudini.
[07/29/24 20:43:33] crowsnest: Dependency: 'find' found in /usr/bin/find.
[07/29/24 20:43:33] crowsnest: Dependency: 'xargs' found in /usr/bin/xargs.
[07/29/24 20:43:33] crowsnest: Dependency: 'ustreamer' found in bin/ustreamer/src/ustreamer.bin.
[07/29/24 20:43:33] crowsnest: Version Control: ustreamer is up to date. (v6.10)
[07/29/24 20:43:33] crowsnest: INFO: Print Configfile: '/home/kkobold/printer_data/config/crowsnest.conf'
[07/29/24 20:43:33] crowsnest:		[crowsnest]
[07/29/24 20:43:33] crowsnest:		log_path: /home/kkobold/printer_data/logs/crowsnest.log
[07/29/24 20:43:33] crowsnest:		log_level: verbose
[07/29/24 20:43:33] crowsnest:		delete_log: false
[07/29/24 20:43:33] crowsnest:		no_proxy: false
[07/29/24 20:43:33] crowsnest:		
[07/29/24 20:43:33] crowsnest:		[cam 1]
[07/29/24 20:43:33] crowsnest:		mode: ustreamer
[07/29/24 20:43:33] crowsnest:		
[07/29/24 20:43:33] crowsnest:		enable_rtsp: false
[07/29/24 20:43:33] crowsnest:		rtsp_port: 8554
[07/29/24 20:43:33] crowsnest:		port: 8080
[07/29/24 20:43:33] crowsnest:		device: /dev/video0
[07/29/24 20:43:33] crowsnest:		resolution: 640x480
[07/29/24 20:43:33] crowsnest:		max_fps: 15
[07/29/24 20:43:33] crowsnest: INFO: Detect available Devices
[07/29/24 20:43:33] crowsnest: ERROR: No usable Devices Found. Stopping crowsnest.
[07/29/24 20:43:39] crowsnest: crowsnest - A webcam Service for multiple Cams and Stream Services.
[07/29/24 20:43:39] crowsnest: Version: v4.1.9-1-gd75a3ae
[07/29/24 20:43:39] crowsnest: Prepare Startup ...
[07/29/24 20:43:39] crowsnest: INFO: Host information:
[07/29/24 20:43:39] crowsnest: Host Info: Distribution: Debian GNU/Linux 11 (bullseye)
[07/29/24 20:43:39] crowsnest: Host Info: Kernel: Linux 5.16.17-sun50iw6 aarch64
[07/29/24 20:43:39] crowsnest: Host Info: Available CPU Cores: 4
[07/29/24 20:43:39] crowsnest: Host Info: Available Memory: 2032516 kB
[07/29/24 20:43:39] crowsnest: Host Info: Diskspace (avail. / total): 1.5G / 7.0G
[07/29/24 20:43:40] crowsnest: INFO: Checking Dependencies
[07/29/24 20:43:40] crowsnest: Dependency: 'crudini' found in /usr/bin/crudini.
[07/29/24 20:43:40] crowsnest: Dependency: 'find' found in /usr/bin/find.
[07/29/24 20:43:40] crowsnest: Dependency: 'xargs' found in /usr/bin/xargs.
[07/29/24 20:43:40] crowsnest: Dependency: 'ustreamer' found in bin/ustreamer/src/ustreamer.bin.
[07/29/24 20:43:40] crowsnest: Version Control: ustreamer is up to date. (v6.10)
[07/29/24 20:43:40] crowsnest: INFO: Print Configfile: '/home/kkobold/printer_data/config/crowsnest.conf'
[07/29/24 20:43:40] crowsnest:		[crowsnest]
[07/29/24 20:43:40] crowsnest:		log_path: /home/kkobold/printer_data/logs/crowsnest.log
[07/29/24 20:43:40] crowsnest:		log_level: verbose
[07/29/24 20:43:40] crowsnest:		delete_log: false
[07/29/24 20:43:40] crowsnest:		no_proxy: false
[07/29/24 20:43:40] crowsnest:		
[07/29/24 20:43:40] crowsnest:		[cam 1]
[07/29/24 20:43:40] crowsnest:		mode: ustreamer
[07/29/24 20:43:40] crowsnest:		
[07/29/24 20:43:40] crowsnest:		enable_rtsp: false
[07/29/24 20:43:40] crowsnest:		rtsp_port: 8554
[07/29/24 20:43:40] crowsnest:		port: 8080
[07/29/24 20:43:40] crowsnest:		device: /dev/video0
[07/29/24 20:43:40] crowsnest:		resolution: 640x480
[07/29/24 20:43:40] crowsnest:		max_fps: 15
[07/29/24 20:43:40] crowsnest: INFO: Detect available Devices
[07/29/24 20:43:40] crowsnest: ERROR: No usable Devices Found. Stopping crowsnest.
[07/29/24 20:44:00] crowsnest: crowsnest - A webcam Service for multiple Cams and Stream Services.
[07/29/24 20:44:00] crowsnest: Version: v4.1.9-1-gd75a3ae
[07/29/24 20:44:00] crowsnest: Prepare Startup ...
[07/29/24 20:44:00] crowsnest: INFO: Host information:
[07/29/24 20:44:00] crowsnest: Host Info: Distribution: Debian GNU/Linux 11 (bullseye)
[07/29/24 20:44:00] crowsnest: Host Info: Kernel: Linux 5.16.17-sun50iw6 aarch64
[07/29/24 20:44:00] crowsnest: Host Info: Available CPU Cores: 4
[07/29/24 20:44:00] crowsnest: Host Info: Available Memory: 2032516 kB
[07/29/24 20:44:00] crowsnest: Host Info: Diskspace (avail. / total): 1.5G / 7.0G
[07/29/24 20:44:00] crowsnest: INFO: Checking Dependencies
[07/29/24 20:44:00] crowsnest: Dependency: 'crudini' found in /usr/bin/crudini.
[07/29/24 20:44:00] crowsnest: Dependency: 'find' found in /usr/bin/find.
[07/29/24 20:44:00] crowsnest: Dependency: 'xargs' found in /usr/bin/xargs.
[07/29/24 20:44:00] crowsnest: Dependency: 'ustreamer' found in bin/ustreamer/src/ustreamer.bin.
[07/29/24 20:44:00] crowsnest: Version Control: ustreamer is up to date. (v6.10)
[07/29/24 20:44:00] crowsnest: INFO: Print Configfile: '/home/kkobold/printer_data/config/crowsnest.conf'
[07/29/24 20:44:00] crowsnest:		[crowsnest]
[07/29/24 20:44:00] crowsnest:		log_path: /home/kkobold/printer_data/logs/crowsnest.log
[07/29/24 20:44:00] crowsnest:		log_level: verbose
[07/29/24 20:44:00] crowsnest:		delete_log: false
[07/29/24 20:44:00] crowsnest:		no_proxy: false
[07/29/24 20:44:00] crowsnest:		
[07/29/24 20:44:00] crowsnest:		[cam 1]
[07/29/24 20:44:00] crowsnest:		mode: ustreamer
[07/29/24 20:44:00] crowsnest:		
[07/29/24 20:44:00] crowsnest:		enable_rtsp: false
[07/29/24 20:44:00] crowsnest:		rtsp_port: 8554
[07/29/24 20:44:00] crowsnest:		port: 8080
[07/29/24 20:44:00] crowsnest:		device: /dev/video0
[07/29/24 20:44:00] crowsnest:		resolution: 640x480
[07/29/24 20:44:00] crowsnest:		max_fps: 15
[07/29/24 20:44:00] crowsnest: INFO: Detect available Devices
[07/29/24 20:44:00] crowsnest: ERROR: No usable Devices Found. Stopping crowsnest.
[07/29/24 20:44:06] crowsnest: crowsnest - A webcam Service for multiple Cams and Stream Services.
[07/29/24 20:44:06] crowsnest: Version: v4.1.9-1-gd75a3ae
[07/29/24 20:44:06] crowsnest: Prepare Startup ...
[07/29/24 20:44:06] crowsnest: INFO: Host information:
[07/29/24 20:44:06] crowsnest: Host Info: Distribution: Debian GNU/Linux 11 (bullseye)
[07/29/24 20:44:06] crowsnest: Host Info: Kernel: Linux 5.16.17-sun50iw6 aarch64
[07/29/24 20:44:06] crowsnest: Host Info: Available CPU Cores: 4
[07/29/24 20:44:06] crowsnest: Host Info: Available Memory: 2032516 kB
[07/29/24 20:44:06] crowsnest: Host Info: Diskspace (avail. / total): 1.5G / 7.0G
[07/29/24 20:44:06] crowsnest: INFO: Checking Dependencies
[07/29/24 20:44:06] crowsnest: Dependency: 'crudini' found in /usr/bin/crudini.
[07/29/24 20:44:06] crowsnest: Dependency: 'find' found in /usr/bin/find.
[07/29/24 20:44:06] crowsnest: Dependency: 'xargs' found in /usr/bin/xargs.
[07/29/24 20:44:06] crowsnest: Dependency: 'ustreamer' found in bin/ustreamer/src/ustreamer.bin.
[07/29/24 20:44:06] crowsnest: Version Control: ustreamer is up to date. (v6.10)
[07/29/24 20:44:06] crowsnest: INFO: Print Configfile: '/home/kkobold/printer_data/config/crowsnest.conf'
[07/29/24 20:44:06] crowsnest:		[crowsnest]
[07/29/24 20:44:06] crowsnest:		log_path: /home/kkobold/printer_data/logs/crowsnest.log
[07/29/24 20:44:06] crowsnest:		log_level: verbose
[07/29/24 20:44:06] crowsnest:		delete_log: false
[07/29/24 20:44:06] crowsnest:		no_proxy: false
[07/29/24 20:44:06] crowsnest:		
[07/29/24 20:44:06] crowsnest:		[cam 1]
[07/29/24 20:44:06] crowsnest:		mode: ustreamer
[07/29/24 20:44:06] crowsnest:		
[07/29/24 20:44:06] crowsnest:		enable_rtsp: false
[07/29/24 20:44:06] crowsnest:		rtsp_port: 8554
[07/29/24 20:44:06] crowsnest:		port: 8080
[07/29/24 20:44:06] crowsnest:		device: /dev/video0
[07/29/24 20:44:06] crowsnest:		resolution: 640x480
[07/29/24 20:44:06] crowsnest:		max_fps: 15
[07/29/24 20:44:06] crowsnest: INFO: Detect available Devices
[07/29/24 20:44:07] crowsnest: ERROR: No usable Devices Found. Stopping crowsnest.
[07/29/24 20:44:13] crowsnest: crowsnest - A webcam Service for multiple Cams and Stream Services.
[07/29/24 20:44:13] crowsnest: Version: v4.1.9-1-gd75a3ae
[07/29/24 20:44:13] crowsnest: Prepare Startup ...
[07/29/24 20:44:13] crowsnest: INFO: Host information:
[07/29/24 20:44:13] crowsnest: Host Info: Distribution: Debian GNU/Linux 11 (bullseye)
[07/29/24 20:44:13] crowsnest: Host Info: Kernel: Linux 5.16.17-sun50iw6 aarch64
[07/29/24 20:44:13] crowsnest: Host Info: Available CPU Cores: 4
[07/29/24 20:44:13] crowsnest: Host Info: Available Memory: 2032516 kB
[07/29/24 20:44:13] crowsnest: Host Info: Diskspace (avail. / total): 1.5G / 7.0G
[07/29/24 20:44:13] crowsnest: INFO: Checking Dependencies
[07/29/24 20:44:13] crowsnest: Dependency: 'crudini' found in /usr/bin/crudini.
[07/29/24 20:44:13] crowsnest: Dependency: 'find' found in /usr/bin/find.
[07/29/24 20:44:13] crowsnest: Dependency: 'xargs' found in /usr/bin/xargs.
[07/29/24 20:44:13] crowsnest: Dependency: 'ustreamer' found in bin/ustreamer/src/ustreamer.bin.
[07/29/24 20:44:13] crowsnest: Version Control: ustreamer is up to date. (v6.10)
[07/29/24 20:44:13] crowsnest: INFO: Print Configfile: '/home/kkobold/printer_data/config/crowsnest.conf'
[07/29/24 20:44:13] crowsnest:		[crowsnest]
[07/29/24 20:44:13] crowsnest:		log_path: /home/kkobold/printer_data/logs/crowsnest.log
[07/29/24 20:44:13] crowsnest:		log_level: verbose
[07/29/24 20:44:13] crowsnest:		delete_log: false
[07/29/24 20:44:13] crowsnest:		no_proxy: false
[07/29/24 20:44:13] crowsnest:		
[07/29/24 20:44:13] crowsnest:		[cam 1]
[07/29/24 20:44:13] crowsnest:		mode: ustreamer
[07/29/24 20:44:13] crowsnest:		
[07/29/24 20:44:13] crowsnest:		enable_rtsp: false
[07/29/24 20:44:13] crowsnest:		rtsp_port: 8554
[07/29/24 20:44:13] crowsnest:		port: 8080
[07/29/24 20:44:13] crowsnest:		device: /dev/video0
[07/29/24 20:44:13] crowsnest:		resolution: 640x480
[07/29/24 20:44:13] crowsnest:		max_fps: 15
[07/29/24 20:44:13] crowsnest: INFO: Detect available Devices
[07/29/24 20:44:13] crowsnest: ERROR: No usable Devices Found. Stopping crowsnest.
[07/29/24 20:44:19] crowsnest: crowsnest - A webcam Service for multiple Cams and Stream Services.
[07/29/24 20:44:19] crowsnest: Version: v4.1.9-1-gd75a3ae
[07/29/24 20:44:19] crowsnest: Prepare Startup ...
[07/29/24 20:44:19] crowsnest: INFO: Host information:
[07/29/24 20:44:19] crowsnest: Host Info: Distribution: Debian GNU/Linux 11 (bullseye)
[07/29/24 20:44:19] crowsnest: Host Info: Kernel: Linux 5.16.17-sun50iw6 aarch64
[07/29/24 20:44:19] crowsnest: Host Info: Available CPU Cores: 4
[07/29/24 20:44:19] crowsnest: Host Info: Available Memory: 2032516 kB
[07/29/24 20:44:19] crowsnest: Host Info: Diskspace (avail. / total): 1.5G / 7.0G
[07/29/24 20:44:19] crowsnest: INFO: Checking Dependencies
[07/29/24 20:44:19] crowsnest: Dependency: 'crudini' found in /usr/bin/crudini.
[07/29/24 20:44:19] crowsnest: Dependency: 'find' found in /usr/bin/find.
[07/29/24 20:44:19] crowsnest: Dependency: 'xargs' found in /usr/bin/xargs.
[07/29/24 20:44:19] crowsnest: Dependency: 'ustreamer' found in bin/ustreamer/src/ustreamer.bin.
[07/29/24 20:44:19] crowsnest: Version Control: ustreamer is up to date. (v6.10)
[07/29/24 20:44:19] crowsnest: INFO: Print Configfile: '/home/kkobold/printer_data/config/crowsnest.conf'
[07/29/24 20:44:19] crowsnest:		[crowsnest]
[07/29/24 20:44:19] crowsnest:		log_path: /home/kkobold/printer_data/logs/crowsnest.log
[07/29/24 20:44:19] crowsnest:		log_level: verbose
[07/29/24 20:44:19] crowsnest:		delete_log: false
[07/29/24 20:44:19] crowsnest:		no_proxy: false
[07/29/24 20:44:19] crowsnest:		
[07/29/24 20:44:19] crowsnest:		[cam 1]
[07/29/24 20:44:19] crowsnest:		mode: ustreamer
[07/29/24 20:44:19] crowsnest:		
[07/29/24 20:44:19] crowsnest:		enable_rtsp: false
[07/29/24 20:44:19] crowsnest:		rtsp_port: 8554
[07/29/24 20:44:19] crowsnest:		port: 8080
[07/29/24 20:44:19] crowsnest:		device: /dev/video0
[07/29/24 20:44:19] crowsnest:		resolution: 640x480
[07/29/24 20:44:19] crowsnest:		max_fps: 15
[07/29/24 20:44:19] crowsnest: INFO: Detect available Devices
[07/29/24 20:44:19] crowsnest: INFO: Found 1 total available Device(s)
[07/29/24 20:44:19] crowsnest: INFO: Found 1 available v4l2 (UVC) camera(s)
[07/29/24 20:44:19] crowsnest: /dev/v4l/by-id/usb-GENERAL_GENERAL_WEBCAM_JH0918_20210304_v012-video-index0 -> /dev/video1
[07/29/24 20:44:19] crowsnest: Supported Formats:
[07/29/24 20:44:19] crowsnest:		[0]: 'MJPG' (Motion-JPEG, compressed)
[07/29/24 20:44:19] crowsnest:		Size: Discrete 1920x1080
[07/29/24 20:44:19] crowsnest:		Interval: Discrete 0.033s (30.000 fps)
[07/29/24 20:44:19] crowsnest:		Interval: Discrete 0.033s (30.000 fps)
[07/29/24 20:44:19] crowsnest:		Size: Discrete 1280x720
[07/29/24 20:44:19] crowsnest:		Interval: Discrete 0.033s (30.000 fps)
[07/29/24 20:44:19] crowsnest:		Interval: Discrete 0.033s (30.000 fps)
[07/29/24 20:44:19] crowsnest:		Interval: Discrete 0.033s (30.000 fps)
[07/29/24 20:44:19] crowsnest:		Interval: Discrete 0.033s (30.000 fps)
[07/29/24 20:44:19] crowsnest:		Size: Discrete 640x480
[07/29/24 20:44:19] crowsnest:		Interval: Discrete 0.033s (30.000 fps)
[07/29/24 20:44:19] crowsnest:		Size: Discrete 1920x1080
[07/29/24 20:44:19] crowsnest:		Interval: Discrete 0.033s (30.000 fps)
[07/29/24 20:44:19] crowsnest:		Interval: Discrete 0.033s (30.000 fps)
[07/29/24 20:44:19] crowsnest:		Size: Discrete 1280x720
[07/29/24 20:44:19] crowsnest:		Interval: Discrete 0.033s (30.000 fps)
[07/29/24 20:44:19] crowsnest:		Interval: Discrete 0.033s (30.000 fps)
[07/29/24 20:44:19] crowsnest:		Interval: Discrete 0.033s (30.000 fps)
[07/29/24 20:44:19] crowsnest:		Interval: Discrete 0.033s (30.000 fps)
[07/29/24 20:44:19] crowsnest:		[1]: 'YUYV' (YUYV 4:2:2)
[07/29/24 20:44:19] crowsnest:		Size: Discrete 640x480
[07/29/24 20:44:19] crowsnest:		Interval: Discrete 0.033s (30.000 fps)
[07/29/24 20:44:19] crowsnest:		Size: Discrete 640x360
[07/29/24 20:44:19] crowsnest:		Interval: Discrete 0.033s (30.000 fps)
[07/29/24 20:44:19] crowsnest:		Size: Discrete 480x270
[07/29/24 20:44:19] crowsnest:		Interval: Discrete 0.033s (30.000 fps)
[07/29/24 20:44:19] crowsnest:		Size: Discrete 320x240
[07/29/24 20:44:19] crowsnest:		Interval: Discrete 0.033s (30.000 fps)
[07/29/24 20:44:19] crowsnest:		Size: Discrete 176x144
[07/29/24 20:44:19] crowsnest:		Interval: Discrete 0.033s (30.000 fps)
[07/29/24 20:44:19] crowsnest: Supported Controls:
[07/29/24 20:44:19] crowsnest:		
[07/29/24 20:44:19] crowsnest:		User Controls
[07/29/24 20:44:19] crowsnest:		
[07/29/24 20:44:19] crowsnest:		brightness 0x00980900 (int)    : min=1 max=255 step=1 default=16 value=16
[07/29/24 20:44:19] crowsnest: Try to start configured Cams / Services...
[07/29/24 20:44:22] crowsnest: INFO: Configuration of Section [cam 1] looks good. Continue ...
[07/29/24 20:44:22] crowsnest: V4L2 Control: No parameters set for [cam 1]. Skipped.
[07/29/24 20:44:24] crowsnest: Starting ustreamer with Device /dev/video0 ...
[07/29/24 20:44:26] crowsnest:  ... Done!
[07/29/24 20:53:00] crowsnest: crowsnest - A webcam Service for multiple Cams and Stream Services.
[07/29/24 20:53:00] crowsnest: Version: v4.1.9-1-gd75a3ae
[07/29/24 20:53:00] crowsnest: Prepare Startup ...
[07/29/24 20:53:00] crowsnest: INFO: Host information:
[07/29/24 20:53:00] crowsnest: Host Info: Distribution: Debian GNU/Linux 11 (bullseye)
[07/29/24 20:53:00] crowsnest: Host Info: Kernel: Linux 5.16.17-sun50iw6 aarch64
[07/29/24 20:53:00] crowsnest: Host Info: Available CPU Cores: 4
[07/29/24 20:53:00] crowsnest: Host Info: Available Memory: 2032516 kB
[07/29/24 20:53:00] crowsnest: Host Info: Diskspace (avail. / total): 1.5G / 7.0G
[07/29/24 20:53:00] crowsnest: INFO: Checking Dependencies
[07/29/24 20:53:00] crowsnest: Dependency: 'crudini' found in /usr/bin/crudini.
[07/29/24 20:53:00] crowsnest: Dependency: 'find' found in /usr/bin/find.
[07/29/24 20:53:00] crowsnest: Dependency: 'xargs' found in /usr/bin/xargs.
[07/29/24 20:53:00] crowsnest: Dependency: 'ustreamer' found in bin/ustreamer/src/ustreamer.bin.
[07/29/24 20:53:00] crowsnest: Version Control: ustreamer is up to date. (v6.10)
[07/29/24 20:53:00] crowsnest: INFO: Print Configfile: '/home/kkobold/printer_data/config/crowsnest.conf'
[07/29/24 20:53:00] crowsnest:		[crowsnest]
[07/29/24 20:53:00] crowsnest:		log_path: /home/kkobold/printer_data/logs/crowsnest.log
[07/29/24 20:53:00] crowsnest:		log_level: verbose
[07/29/24 20:53:00] crowsnest:		delete_log: false
[07/29/24 20:53:00] crowsnest:		no_proxy: false
[07/29/24 20:53:00] crowsnest:		
[07/29/24 20:53:00] crowsnest:		[cam 1]
[07/29/24 20:53:00] crowsnest:		mode: ustreamer
[07/29/24 20:53:00] crowsnest:		
[07/29/24 20:53:00] crowsnest:		enable_rtsp: false
[07/29/24 20:53:00] crowsnest:		rtsp_port: 8554
[07/29/24 20:53:00] crowsnest:		port: 8080
[07/29/24 20:53:00] crowsnest:		device: /dev/video0
[07/29/24 20:53:00] crowsnest:		resolution: 640x480
[07/29/24 20:53:00] crowsnest:		max_fps: 15
[07/29/24 20:53:00] crowsnest: INFO: Detect available Devices
[07/29/24 20:53:00] crowsnest: INFO: Found 1 total available Device(s)
[07/29/24 20:53:00] crowsnest: INFO: Found 1 available v4l2 (UVC) camera(s)
[07/29/24 20:53:00] crowsnest: /dev/v4l/by-id/usb-GENERAL_GENERAL_WEBCAM_JH0918_20210304_v012-video-index0 -> /dev/video1
[07/29/24 20:53:00] crowsnest: Supported Formats:
[07/29/24 20:53:00] crowsnest:		[0]: 'MJPG' (Motion-JPEG, compressed)
[07/29/24 20:53:00] crowsnest:		Size: Discrete 1920x1080
[07/29/24 20:53:00] crowsnest:		Interval: Discrete 0.033s (30.000 fps)
[07/29/24 20:53:00] crowsnest:		Interval: Discrete 0.033s (30.000 fps)
[07/29/24 20:53:00] crowsnest:		Size: Discrete 1280x720
[07/29/24 20:53:00] crowsnest:		Interval: Discrete 0.033s (30.000 fps)
[07/29/24 20:53:00] crowsnest:		Interval: Discrete 0.033s (30.000 fps)
[07/29/24 20:53:00] crowsnest:		Interval: Discrete 0.033s (30.000 fps)
[07/29/24 20:53:00] crowsnest:		Interval: Discrete 0.033s (30.000 fps)
[07/29/24 20:53:00] crowsnest:		Size: Discrete 640x480
[07/29/24 20:53:00] crowsnest:		Interval: Discrete 0.033s (30.000 fps)
[07/29/24 20:53:00] crowsnest:		Size: Discrete 1920x1080
[07/29/24 20:53:00] crowsnest:		Interval: Discrete 0.033s (30.000 fps)
[07/29/24 20:53:00] crowsnest:		Interval: Discrete 0.033s (30.000 fps)
[07/29/24 20:53:00] crowsnest:		Size: Discrete 1280x720
[07/29/24 20:53:00] crowsnest:		Interval: Discrete 0.033s (30.000 fps)
[07/29/24 20:53:00] crowsnest:		Interval: Discrete 0.033s (30.000 fps)
[07/29/24 20:53:00] crowsnest:		Interval: Discrete 0.033s (30.000 fps)
[07/29/24 20:53:00] crowsnest:		Interval: Discrete 0.033s (30.000 fps)
[07/29/24 20:53:00] crowsnest:		[1]: 'YUYV' (YUYV 4:2:2)
[07/29/24 20:53:00] crowsnest:		Size: Discrete 640x480
[07/29/24 20:53:00] crowsnest:		Interval: Discrete 0.033s (30.000 fps)
[07/29/24 20:53:00] crowsnest:		Size: Discrete 640x360
[07/29/24 20:53:00] crowsnest:		Interval: Discrete 0.033s (30.000 fps)
[07/29/24 20:53:00] crowsnest:		Size: Discrete 480x270
[07/29/24 20:53:00] crowsnest:		Interval: Discrete 0.033s (30.000 fps)
[07/29/24 20:53:00] crowsnest:		Size: Discrete 320x240
[07/29/24 20:53:00] crowsnest:		Interval: Discrete 0.033s (30.000 fps)
[07/29/24 20:53:00] crowsnest:		Size: Discrete 176x144
[07/29/24 20:53:00] crowsnest:		Interval: Discrete 0.033s (30.000 fps)
[07/29/24 20:53:01] crowsnest: Supported Controls:
[07/29/24 20:53:01] crowsnest:		
[07/29/24 20:53:01] crowsnest:		User Controls
[07/29/24 20:53:01] crowsnest:		
[07/29/24 20:53:01] crowsnest:		brightness 0x00980900 (int)    : min=1 max=255 step=1 default=16 value=16
[07/29/24 20:53:01] crowsnest: Try to start configured Cams / Services...
[07/29/24 20:53:03] crowsnest: INFO: Configuration of Section [cam 1] looks good. Continue ...
[07/29/24 20:53:04] crowsnest: V4L2 Control: No parameters set for [cam 1]. Skipped.
[07/29/24 20:53:06] crowsnest: Starting ustreamer with Device /dev/video0 ...
[07/29/24 20:53:07] crowsnest:  ... Done!
[07/29/24 20:56:01] crowsnest: Shutdown or Killed by User!
[07/29/24 20:56:01] crowsnest: Please come again :)
[07/29/24 20:56:01] crowsnest: Goodbye...
[07/29/24 20:56:02] crowsnest: crowsnest - A webcam Service for multiple Cams and Stream Services.
[07/29/24 20:56:02] crowsnest: Version: v4.1.9-1-gd75a3ae
[07/29/24 20:56:02] crowsnest: Prepare Startup ...
[07/29/24 20:56:02] crowsnest: INFO: Host information:
[07/29/24 20:56:02] crowsnest: Host Info: Distribution: Debian GNU/Linux 11 (bullseye)
[07/29/24 20:56:02] crowsnest: Host Info: Kernel: Linux 5.16.17-sun50iw6 aarch64
[07/29/24 20:56:02] crowsnest: Host Info: Available CPU Cores: 4
[07/29/24 20:56:02] crowsnest: Host Info: Available Memory: 2032516 kB
[07/29/24 20:56:02] crowsnest: Host Info: Diskspace (avail. / total): 1.5G / 7.0G
[07/29/24 20:56:02] crowsnest: INFO: Checking Dependencies
[07/29/24 20:56:02] crowsnest: Dependency: 'crudini' found in /usr/bin/crudini.
[07/29/24 20:56:02] crowsnest: Dependency: 'find' found in /usr/bin/find.
[07/29/24 20:56:03] crowsnest: Dependency: 'xargs' found in /usr/bin/xargs.
[07/29/24 20:56:03] crowsnest: Dependency: 'ustreamer' found in bin/ustreamer/src/ustreamer.bin.
[07/29/24 20:56:03] crowsnest: Version Control: ustreamer is up to date. (v6.10)
[07/29/24 20:56:03] crowsnest: INFO: Print Configfile: '/home/kkobold/printer_data/config/crowsnest.conf'
[07/29/24 20:56:03] crowsnest:		[crowsnest]
[07/29/24 20:56:03] crowsnest:		log_path: /home/kkobold/printer_data/logs/crowsnest.log
[07/29/24 20:56:03] crowsnest:		log_level: verbose
[07/29/24 20:56:03] crowsnest:		delete_log: false
[07/29/24 20:56:03] crowsnest:		no_proxy: true
[07/29/24 20:56:03] crowsnest:		
[07/29/24 20:56:03] crowsnest:		[cam 1]
[07/29/24 20:56:03] crowsnest:		mode: ustreamer
[07/29/24 20:56:03] crowsnest:		
[07/29/24 20:56:03] crowsnest:		enable_rtsp: false
[07/29/24 20:56:03] crowsnest:		rtsp_port: 8554
[07/29/24 20:56:03] crowsnest:		port: 8080
[07/29/24 20:56:03] crowsnest:		device: /dev/video0
[07/29/24 20:56:03] crowsnest:		resolution: 640x480
[07/29/24 20:56:03] crowsnest:		max_fps: 15
[07/29/24 20:56:03] crowsnest: INFO: Detect available Devices
[07/29/24 20:56:03] crowsnest: INFO: Found 1 total available Device(s)
[07/29/24 20:56:03] crowsnest: INFO: Found 1 available v4l2 (UVC) camera(s)
[07/29/24 20:56:03] crowsnest: /dev/v4l/by-id/usb-GENERAL_GENERAL_WEBCAM_JH0918_20210304_v012-video-index0 -> /dev/video1
[07/29/24 20:56:03] crowsnest: Supported Formats:
[07/29/24 20:56:03] crowsnest:		[0]: 'MJPG' (Motion-JPEG, compressed)
[07/29/24 20:56:03] crowsnest:		Size: Discrete 1920x1080
[07/29/24 20:56:03] crowsnest:		Interval: Discrete 0.033s (30.000 fps)
[07/29/24 20:56:03] crowsnest:		Interval: Discrete 0.033s (30.000 fps)
[07/29/24 20:56:03] crowsnest:		Size: Discrete 1280x720
[07/29/24 20:56:03] crowsnest:		Interval: Discrete 0.033s (30.000 fps)
[07/29/24 20:56:03] crowsnest:		Interval: Discrete 0.033s (30.000 fps)
[07/29/24 20:56:03] crowsnest:		Interval: Discrete 0.033s (30.000 fps)
[07/29/24 20:56:03] crowsnest:		Interval: Discrete 0.033s (30.000 fps)
[07/29/24 20:56:03] crowsnest:		Size: Discrete 640x480
[07/29/24 20:56:03] crowsnest:		Interval: Discrete 0.033s (30.000 fps)
[07/29/24 20:56:03] crowsnest:		Size: Discrete 1920x1080
[07/29/24 20:56:03] crowsnest:		Interval: Discrete 0.033s (30.000 fps)
[07/29/24 20:56:03] crowsnest:		Interval: Discrete 0.033s (30.000 fps)
[07/29/24 20:56:03] crowsnest:		Size: Discrete 1280x720
[07/29/24 20:56:03] crowsnest:		Interval: Discrete 0.033s (30.000 fps)
[07/29/24 20:56:03] crowsnest:		Interval: Discrete 0.033s (30.000 fps)
[07/29/24 20:56:03] crowsnest:		Interval: Discrete 0.033s (30.000 fps)
[07/29/24 20:56:03] crowsnest:		Interval: Discrete 0.033s (30.000 fps)
[07/29/24 20:56:03] crowsnest:		[1]: 'YUYV' (YUYV 4:2:2)
[07/29/24 20:56:03] crowsnest:		Size: Discrete 640x480
[07/29/24 20:56:03] crowsnest:		Interval: Discrete 0.033s (30.000 fps)
[07/29/24 20:56:03] crowsnest:		Size: Discrete 640x360
[07/29/24 20:56:03] crowsnest:		Interval: Discrete 0.033s (30.000 fps)
[07/29/24 20:56:03] crowsnest:		Size: Discrete 480x270
[07/29/24 20:56:03] crowsnest:		Interval: Discrete 0.033s (30.000 fps)
[07/29/24 20:56:03] crowsnest:		Size: Discrete 320x240
[07/29/24 20:56:03] crowsnest:		Interval: Discrete 0.033s (30.000 fps)
[07/29/24 20:56:03] crowsnest:		Size: Discrete 176x144
[07/29/24 20:56:03] crowsnest:		Interval: Discrete 0.033s (30.000 fps)
[07/29/24 20:56:03] crowsnest: Supported Controls:
[07/29/24 20:56:03] crowsnest:		
[07/29/24 20:56:03] crowsnest:		User Controls
[07/29/24 20:56:03] crowsnest:		
[07/29/24 20:56:03] crowsnest:		brightness 0x00980900 (int)    : min=1 max=255 step=1 default=16 value=16
[07/29/24 20:56:03] crowsnest: Try to start configured Cams / Services...
[07/29/24 20:56:05] crowsnest: INFO: Configuration of Section [cam 1] looks good. Continue ...
[07/29/24 20:56:06] crowsnest: V4L2 Control: No parameters set for [cam 1]. Skipped.
[07/29/24 20:56:08] crowsnest: INFO: Set to 'no_proxy' mode! Using 0.0.0.0 !
[07/29/24 20:56:08] crowsnest: Starting ustreamer with Device /dev/video0 ...
[07/29/24 20:56:10] crowsnest:  ... Done!
[07/29/24 20:58:52] crowsnest: crowsnest - A webcam Service for multiple Cams and Stream Services.
[07/29/24 20:58:52] crowsnest: Version: v4.1.9-1-gd75a3ae
[07/29/24 20:58:52] crowsnest: Prepare Startup ...
[07/29/24 20:58:52] crowsnest: INFO: Host information:
[07/29/24 20:58:52] crowsnest: Host Info: Distribution: Debian GNU/Linux 11 (bullseye)
[07/29/24 20:58:52] crowsnest: Host Info: Kernel: Linux 5.16.17-sun50iw6 aarch64
[07/29/24 20:58:52] crowsnest: Host Info: Available CPU Cores: 4
[07/29/24 20:58:52] crowsnest: Host Info: Available Memory: 2032516 kB
[07/29/24 20:58:52] crowsnest: Host Info: Diskspace (avail. / total): 1.5G / 7.0G
[07/29/24 20:58:52] crowsnest: INFO: Checking Dependencies
[07/29/24 20:58:52] crowsnest: Dependency: 'crudini' found in /usr/bin/crudini.
[07/29/24 20:58:52] crowsnest: Dependency: 'find' found in /usr/bin/find.
[07/29/24 20:58:52] crowsnest: Dependency: 'xargs' found in /usr/bin/xargs.
[07/29/24 20:58:52] crowsnest: Dependency: 'ustreamer' found in bin/ustreamer/src/ustreamer.bin.
[07/29/24 20:58:52] crowsnest: Version Control: ustreamer is up to date. (v6.10)
[07/29/24 20:58:52] crowsnest: INFO: Print Configfile: '/home/kkobold/printer_data/config/crowsnest.conf'
[07/29/24 20:58:52] crowsnest:		[crowsnest]
[07/29/24 20:58:52] crowsnest:		log_path: /home/kkobold/printer_data/logs/crowsnest.log
[07/29/24 20:58:52] crowsnest:		log_level: verbose
[07/29/24 20:58:52] crowsnest:		delete_log: false
[07/29/24 20:58:52] crowsnest:		no_proxy: true
[07/29/24 20:58:52] crowsnest:		
[07/29/24 20:58:52] crowsnest:		[cam 1]
[07/29/24 20:58:52] crowsnest:		mode: ustreamer
[07/29/24 20:58:52] crowsnest:		
[07/29/24 20:58:52] crowsnest:		enable_rtsp: false
[07/29/24 20:58:52] crowsnest:		rtsp_port: 8554
[07/29/24 20:58:52] crowsnest:		port: 8080
[07/29/24 20:58:52] crowsnest:		device: /dev/video1
[07/29/24 20:58:52] crowsnest:		resolution: 640x480
[07/29/24 20:58:52] crowsnest:		max_fps: 15
[07/29/24 20:58:52] crowsnest: INFO: Detect available Devices
[07/29/24 20:58:52] crowsnest: INFO: Found 1 total available Device(s)
[07/29/24 20:58:52] crowsnest: INFO: Found 1 available v4l2 (UVC) camera(s)
[07/29/24 20:58:52] crowsnest: /dev/v4l/by-id/usb-GENERAL_GENERAL_WEBCAM_JH0918_20210304_v012-video-index0 -> /dev/video1
[07/29/24 20:58:52] crowsnest: Supported Formats:
[07/29/24 20:58:52] crowsnest:		[0]: 'MJPG' (Motion-JPEG, compressed)
[07/29/24 20:58:52] crowsnest:		Size: Discrete 1920x1080
[07/29/24 20:58:52] crowsnest:		Interval: Discrete 0.033s (30.000 fps)
[07/29/24 20:58:52] crowsnest:		Interval: Discrete 0.033s (30.000 fps)
[07/29/24 20:58:52] crowsnest:		Size: Discrete 1280x720
[07/29/24 20:58:52] crowsnest:		Interval: Discrete 0.033s (30.000 fps)
[07/29/24 20:58:52] crowsnest:		Interval: Discrete 0.033s (30.000 fps)
[07/29/24 20:58:52] crowsnest:		Interval: Discrete 0.033s (30.000 fps)
[07/29/24 20:58:52] crowsnest:		Interval: Discrete 0.033s (30.000 fps)
[07/29/24 20:58:52] crowsnest:		Size: Discrete 640x480
[07/29/24 20:58:52] crowsnest:		Interval: Discrete 0.033s (30.000 fps)
[07/29/24 20:58:52] crowsnest:		Size: Discrete 1920x1080
[07/29/24 20:58:52] crowsnest:		Interval: Discrete 0.033s (30.000 fps)
[07/29/24 20:58:52] crowsnest:		Interval: Discrete 0.033s (30.000 fps)
[07/29/24 20:58:52] crowsnest:		Size: Discrete 1280x720
[07/29/24 20:58:52] crowsnest:		Interval: Discrete 0.033s (30.000 fps)
[07/29/24 20:58:52] crowsnest:		Interval: Discrete 0.033s (30.000 fps)
[07/29/24 20:58:52] crowsnest:		Interval: Discrete 0.033s (30.000 fps)
[07/29/24 20:58:52] crowsnest:		Interval: Discrete 0.033s (30.000 fps)
[07/29/24 20:58:52] crowsnest:		[1]: 'YUYV' (YUYV 4:2:2)
[07/29/24 20:58:52] crowsnest:		Size: Discrete 640x480
[07/29/24 20:58:52] crowsnest:		Interval: Discrete 0.033s (30.000 fps)
[07/29/24 20:58:52] crowsnest:		Size: Discrete 640x360
[07/29/24 20:58:52] crowsnest:		Interval: Discrete 0.033s (30.000 fps)
[07/29/24 20:58:52] crowsnest:		Size: Discrete 480x270
[07/29/24 20:58:52] crowsnest:		Interval: Discrete 0.033s (30.000 fps)
[07/29/24 20:58:52] crowsnest:		Size: Discrete 320x240
[07/29/24 20:58:52] crowsnest:		Interval: Discrete 0.033s (30.000 fps)
[07/29/24 20:58:52] crowsnest:		Size: Discrete 176x144
[07/29/24 20:58:52] crowsnest:		Interval: Discrete 0.033s (30.000 fps)
[07/29/24 20:58:53] crowsnest: Supported Controls:
[07/29/24 20:58:53] crowsnest:		
[07/29/24 20:58:53] crowsnest:		User Controls
[07/29/24 20:58:53] crowsnest:		
[07/29/24 20:58:53] crowsnest:		brightness 0x00980900 (int)    : min=1 max=255 step=1 default=16 value=16
[07/29/24 20:58:53] crowsnest: Try to start configured Cams / Services...
[07/29/24 20:58:55] crowsnest: INFO: Configuration of Section [cam 1] looks good. Continue ...
[07/29/24 20:58:56] crowsnest: V4L2 Control: No parameters set for [cam 1]. Skipped.
[07/29/24 20:58:57] crowsnest: INFO: Set to 'no_proxy' mode! Using 0.0.0.0 !
[07/29/24 20:58:58] crowsnest: Starting ustreamer with Device /dev/video1 ...
[07/29/24 20:58:59] crowsnest:  ... Done!
[07/29/24 20:59:44] crowsnest: crowsnest - A webcam Service for multiple Cams and Stream Services.
[07/29/24 20:59:44] crowsnest: Version: v4.1.9-1-gd75a3ae
[07/29/24 20:59:44] crowsnest: Prepare Startup ...
[07/29/24 20:59:44] crowsnest: INFO: Host information:
[07/29/24 20:59:44] crowsnest: Host Info: Distribution: Debian GNU/Linux 11 (bullseye)
[07/29/24 20:59:44] crowsnest: Host Info: Kernel: Linux 5.16.17-sun50iw6 aarch64
[07/29/24 20:59:44] crowsnest: Host Info: Available CPU Cores: 4
[07/29/24 20:59:44] crowsnest: Host Info: Available Memory: 2032516 kB
[07/29/24 20:59:44] crowsnest: Host Info: Diskspace (avail. / total): 1.5G / 7.0G
[07/29/24 20:59:44] crowsnest: INFO: Checking Dependencies
[07/29/24 20:59:44] crowsnest: Dependency: 'crudini' found in /usr/bin/crudini.
[07/29/24 20:59:44] crowsnest: Dependency: 'find' found in /usr/bin/find.
[07/29/24 20:59:44] crowsnest: Dependency: 'xargs' found in /usr/bin/xargs.
[07/29/24 20:59:44] crowsnest: Dependency: 'ustreamer' found in bin/ustreamer/src/ustreamer.bin.
[07/29/24 20:59:44] crowsnest: Version Control: ustreamer is up to date. (v6.10)
[07/29/24 20:59:44] crowsnest: INFO: Print Configfile: '/home/kkobold/printer_data/config/crowsnest.conf'
[07/29/24 20:59:44] crowsnest:		[crowsnest]
[07/29/24 20:59:44] crowsnest:		log_path: /home/kkobold/printer_data/logs/crowsnest.log
[07/29/24 20:59:44] crowsnest:		log_level: verbose
[07/29/24 20:59:44] crowsnest:		delete_log: false
[07/29/24 20:59:44] crowsnest:		no_proxy: true
[07/29/24 20:59:44] crowsnest:		
[07/29/24 20:59:44] crowsnest:		[cam 1]
[07/29/24 20:59:44] crowsnest:		mode: ustreamer
[07/29/24 20:59:44] crowsnest:		
[07/29/24 20:59:44] crowsnest:		enable_rtsp: false
[07/29/24 20:59:44] crowsnest:		rtsp_port: 8554
[07/29/24 20:59:44] crowsnest:		port: 8080
[07/29/24 20:59:44] crowsnest:		device: /dev/video2
[07/29/24 20:59:44] crowsnest:		resolution: 640x480
[07/29/24 20:59:44] crowsnest:		max_fps: 15
[07/29/24 20:59:44] crowsnest: INFO: Detect available Devices
[07/29/24 20:59:44] crowsnest: INFO: Found 1 total available Device(s)
[07/29/24 20:59:44] crowsnest: INFO: Found 1 available v4l2 (UVC) camera(s)
[07/29/24 20:59:44] crowsnest: /dev/v4l/by-id/usb-GENERAL_GENERAL_WEBCAM_JH0918_20210304_v012-video-index0 -> /dev/video1
[07/29/24 20:59:44] crowsnest: Supported Formats:
[07/29/24 20:59:44] crowsnest:		[0]: 'MJPG' (Motion-JPEG, compressed)
[07/29/24 20:59:44] crowsnest:		Size: Discrete 1920x1080
[07/29/24 20:59:44] crowsnest:		Interval: Discrete 0.033s (30.000 fps)
[07/29/24 20:59:44] crowsnest:		Interval: Discrete 0.033s (30.000 fps)
[07/29/24 20:59:44] crowsnest:		Size: Discrete 1280x720
[07/29/24 20:59:44] crowsnest:		Interval: Discrete 0.033s (30.000 fps)
[07/29/24 20:59:44] crowsnest:		Interval: Discrete 0.033s (30.000 fps)
[07/29/24 20:59:44] crowsnest:		Interval: Discrete 0.033s (30.000 fps)
[07/29/24 20:59:44] crowsnest:		Interval: Discrete 0.033s (30.000 fps)
[07/29/24 20:59:44] crowsnest:		Size: Discrete 640x480
[07/29/24 20:59:44] crowsnest:		Interval: Discrete 0.033s (30.000 fps)
[07/29/24 20:59:44] crowsnest:		Size: Discrete 1920x1080
[07/29/24 20:59:44] crowsnest:		Interval: Discrete 0.033s (30.000 fps)
[07/29/24 20:59:44] crowsnest:		Interval: Discrete 0.033s (30.000 fps)
[07/29/24 20:59:44] crowsnest:		Size: Discrete 1280x720
[07/29/24 20:59:44] crowsnest:		Interval: Discrete 0.033s (30.000 fps)
[07/29/24 20:59:44] crowsnest:		Interval: Discrete 0.033s (30.000 fps)
[07/29/24 20:59:44] crowsnest:		Interval: Discrete 0.033s (30.000 fps)
[07/29/24 20:59:44] crowsnest:		Interval: Discrete 0.033s (30.000 fps)
[07/29/24 20:59:44] crowsnest:		[1]: 'YUYV' (YUYV 4:2:2)
[07/29/24 20:59:44] crowsnest:		Size: Discrete 640x480
[07/29/24 20:59:44] crowsnest:		Interval: Discrete 0.033s (30.000 fps)
[07/29/24 20:59:44] crowsnest:		Size: Discrete 640x360
[07/29/24 20:59:44] crowsnest:		Interval: Discrete 0.033s (30.000 fps)
[07/29/24 20:59:44] crowsnest:		Size: Discrete 480x270
[07/29/24 20:59:44] crowsnest:		Interval: Discrete 0.033s (30.000 fps)
[07/29/24 20:59:44] crowsnest:		Size: Discrete 320x240
[07/29/24 20:59:44] crowsnest:		Interval: Discrete 0.033s (30.000 fps)
[07/29/24 20:59:44] crowsnest:		Size: Discrete 176x144
[07/29/24 20:59:44] crowsnest:		Interval: Discrete 0.033s (30.000 fps)
[07/29/24 20:59:44] crowsnest: Supported Controls:
[07/29/24 20:59:44] crowsnest:		
[07/29/24 20:59:44] crowsnest:		User Controls
[07/29/24 20:59:44] crowsnest:		
[07/29/24 20:59:44] crowsnest:		brightness 0x00980900 (int)    : min=1 max=255 step=1 default=16 value=16
[07/29/24 20:59:44] crowsnest: Try to start configured Cams / Services...
[07/29/24 20:59:46] crowsnest: INFO: Configuration of Section [cam 1] looks good. Continue ...
[07/29/24 20:59:47] crowsnest: V4L2 Control: No parameters set for [cam 1]. Skipped.
[07/29/24 20:59:49] crowsnest: INFO: Set to 'no_proxy' mode! Using 0.0.0.0 !
[07/29/24 20:59:49] crowsnest: Starting ustreamer with Device /dev/video2 ...
[07/29/24 20:59:51] crowsnest:  ... Done!
[07/29/24 21:00:52] crowsnest: Shutdown or Killed by User!
[07/29/24 21:00:52] crowsnest: Please come again :)
[07/29/24 21:00:52] crowsnest: Goodbye...
[07/29/24 21:00:53] crowsnest: crowsnest - A webcam Service for multiple Cams and Stream Services.
[07/29/24 21:00:53] crowsnest: Version: v4.1.9-1-gd75a3ae
[07/29/24 21:00:53] crowsnest: Prepare Startup ...
[07/29/24 21:00:53] crowsnest: INFO: Host information:
[07/29/24 21:00:53] crowsnest: Host Info: Distribution: Debian GNU/Linux 11 (bullseye)
[07/29/24 21:00:53] crowsnest: Host Info: Kernel: Linux 5.16.17-sun50iw6 aarch64
[07/29/24 21:00:53] crowsnest: Host Info: Available CPU Cores: 4
[07/29/24 21:00:53] crowsnest: Host Info: Available Memory: 2032516 kB
[07/29/24 21:00:53] crowsnest: Host Info: Diskspace (avail. / total): 1.5G / 7.0G
[07/29/24 21:00:53] crowsnest: INFO: Checking Dependencies
[07/29/24 21:00:53] crowsnest: Dependency: 'crudini' found in /usr/bin/crudini.
[07/29/24 21:00:53] crowsnest: Dependency: 'find' found in /usr/bin/find.
[07/29/24 21:00:53] crowsnest: Dependency: 'xargs' found in /usr/bin/xargs.
[07/29/24 21:00:53] crowsnest: Dependency: 'ustreamer' found in bin/ustreamer/src/ustreamer.bin.
[07/29/24 21:00:53] crowsnest: Version Control: ustreamer is up to date. (v6.10)
[07/29/24 21:00:53] crowsnest: INFO: Print Configfile: '/home/kkobold/printer_data/config/crowsnest.conf'
[07/29/24 21:00:53] crowsnest:		[crowsnest]
[07/29/24 21:00:53] crowsnest:		log_path: /home/kkobold/printer_data/logs/crowsnest.log
[07/29/24 21:00:53] crowsnest:		log_level: verbose
[07/29/24 21:00:53] crowsnest:		delete_log: false
[07/29/24 21:00:53] crowsnest:		no_proxy: true
[07/29/24 21:00:53] crowsnest:		
[07/29/24 21:00:53] crowsnest:		[cam 1]
[07/29/24 21:00:53] crowsnest:		mode: ustreamer
[07/29/24 21:00:53] crowsnest:		
[07/29/24 21:00:53] crowsnest:		enable_rtsp: false
[07/29/24 21:00:53] crowsnest:		rtsp_port: 8554
[07/29/24 21:00:53] crowsnest:		port: 8080
[07/29/24 21:00:53] crowsnest:		device: /dev/video2
[07/29/24 21:00:53] crowsnest:		resolution: 640x480
[07/29/24 21:00:53] crowsnest: INFO: Detect available Devices
[07/29/24 21:00:53] crowsnest: INFO: Found 1 total available Device(s)
[07/29/24 21:00:53] crowsnest: INFO: Found 1 available v4l2 (UVC) camera(s)
[07/29/24 21:00:53] crowsnest: /dev/v4l/by-id/usb-GENERAL_GENERAL_WEBCAM_JH0918_20210304_v012-video-index0 -> /dev/video1
[07/29/24 21:00:53] crowsnest: Supported Formats:
[07/29/24 21:00:53] crowsnest:		[0]: 'MJPG' (Motion-JPEG, compressed)
[07/29/24 21:00:53] crowsnest:		Size: Discrete 1920x1080
[07/29/24 21:00:53] crowsnest:		Interval: Discrete 0.033s (30.000 fps)
[07/29/24 21:00:53] crowsnest:		Interval: Discrete 0.033s (30.000 fps)
[07/29/24 21:00:53] crowsnest:		Size: Discrete 1280x720
[07/29/24 21:00:53] crowsnest:		Interval: Discrete 0.033s (30.000 fps)
[07/29/24 21:00:53] crowsnest:		Interval: Discrete 0.033s (30.000 fps)
[07/29/24 21:00:53] crowsnest:		Interval: Discrete 0.033s (30.000 fps)
[07/29/24 21:00:53] crowsnest:		Interval: Discrete 0.033s (30.000 fps)
[07/29/24 21:00:53] crowsnest:		Size: Discrete 640x480
[07/29/24 21:00:53] crowsnest:		Interval: Discrete 0.033s (30.000 fps)
[07/29/24 21:00:53] crowsnest:		Size: Discrete 1920x1080
[07/29/24 21:00:53] crowsnest:		Interval: Discrete 0.033s (30.000 fps)
[07/29/24 21:00:53] crowsnest:		Interval: Discrete 0.033s (30.000 fps)
[07/29/24 21:00:53] crowsnest:		Size: Discrete 1280x720
[07/29/24 21:00:53] crowsnest:		Interval: Discrete 0.033s (30.000 fps)
[07/29/24 21:00:53] crowsnest:		Interval: Discrete 0.033s (30.000 fps)
[07/29/24 21:00:53] crowsnest:		Interval: Discrete 0.033s (30.000 fps)
[07/29/24 21:00:53] crowsnest:		Interval: Discrete 0.033s (30.000 fps)
[07/29/24 21:00:53] crowsnest:		[1]: 'YUYV' (YUYV 4:2:2)
[07/29/24 21:00:53] crowsnest:		Size: Discrete 640x480
[07/29/24 21:00:53] crowsnest:		Interval: Discrete 0.033s (30.000 fps)
[07/29/24 21:00:53] crowsnest:		Size: Discrete 640x360
[07/29/24 21:00:53] crowsnest:		Interval: Discrete 0.033s (30.000 fps)
[07/29/24 21:00:53] crowsnest:		Size: Discrete 480x270
[07/29/24 21:00:53] crowsnest:		Interval: Discrete 0.033s (30.000 fps)
[07/29/24 21:00:53] crowsnest:		Size: Discrete 320x240
[07/29/24 21:00:53] crowsnest:		Interval: Discrete 0.033s (30.000 fps)
[07/29/24 21:00:53] crowsnest:		Size: Discrete 176x144
[07/29/24 21:00:53] crowsnest:		Interval: Discrete 0.033s (30.000 fps)
[07/29/24 21:00:54] crowsnest: Supported Controls:
[07/29/24 21:00:54] crowsnest:		
[07/29/24 21:00:54] crowsnest:		User Controls
[07/29/24 21:00:54] crowsnest:		
[07/29/24 21:00:54] crowsnest:		brightness 0x00980900 (int)    : min=1 max=255 step=1 default=16 value=16
[07/29/24 21:00:54] crowsnest: Try to start configured Cams / Services...
[07/29/24 21:00:56] crowsnest: ERROR: Parameter max_fps not found in Section [cam 1].
[07/29/24 21:00:56] crowsnest: ERROR: Please check your configuration!
[07/29/24 21:01:02] crowsnest: crowsnest - A webcam Service for multiple Cams and Stream Services.
[07/29/24 21:01:02] crowsnest: Version: v4.1.9-1-gd75a3ae
[07/29/24 21:01:02] crowsnest: Prepare Startup ...
[07/29/24 21:01:02] crowsnest: INFO: Host information:
[07/29/24 21:01:02] crowsnest: Host Info: Distribution: Debian GNU/Linux 11 (bullseye)
[07/29/24 21:01:02] crowsnest: Host Info: Kernel: Linux 5.16.17-sun50iw6 aarch64
[07/29/24 21:01:02] crowsnest: Host Info: Available CPU Cores: 4
[07/29/24 21:01:02] crowsnest: Host Info: Available Memory: 2032516 kB
[07/29/24 21:01:02] crowsnest: Host Info: Diskspace (avail. / total): 1.5G / 7.0G
[07/29/24 21:01:02] crowsnest: INFO: Checking Dependencies
[07/29/24 21:01:02] crowsnest: Dependency: 'crudini' found in /usr/bin/crudini.
[07/29/24 21:01:02] crowsnest: Dependency: 'find' found in /usr/bin/find.
[07/29/24 21:01:02] crowsnest: Dependency: 'xargs' found in /usr/bin/xargs.
[07/29/24 21:01:02] crowsnest: Dependency: 'ustreamer' found in bin/ustreamer/src/ustreamer.bin.
[07/29/24 21:01:02] crowsnest: Version Control: ustreamer is up to date. (v6.10)
[07/29/24 21:01:02] crowsnest: INFO: Print Configfile: '/home/kkobold/printer_data/config/crowsnest.conf'
[07/29/24 21:01:02] crowsnest:		[crowsnest]
[07/29/24 21:01:02] crowsnest:		log_path: /home/kkobold/printer_data/logs/crowsnest.log
[07/29/24 21:01:02] crowsnest:		log_level: verbose
[07/29/24 21:01:02] crowsnest:		delete_log: false
[07/29/24 21:01:02] crowsnest:		no_proxy: true
[07/29/24 21:01:02] crowsnest:		
[07/29/24 21:01:02] crowsnest:		[cam 1]
[07/29/24 21:01:02] crowsnest:		mode: ustreamer
[07/29/24 21:01:02] crowsnest:		
[07/29/24 21:01:02] crowsnest:		enable_rtsp: false
[07/29/24 21:01:02] crowsnest:		rtsp_port: 8554
[07/29/24 21:01:02] crowsnest:		port: 8080
[07/29/24 21:01:02] crowsnest:		device: /dev/video2
[07/29/24 21:01:02] crowsnest:		resolution: 640x480
[07/29/24 21:01:02] crowsnest: INFO: Detect available Devices
[07/29/24 21:01:02] crowsnest: INFO: Found 1 total available Device(s)
[07/29/24 21:01:02] crowsnest: INFO: Found 1 available v4l2 (UVC) camera(s)
[07/29/24 21:01:02] crowsnest: /dev/v4l/by-id/usb-GENERAL_GENERAL_WEBCAM_JH0918_20210304_v012-video-index0 -> /dev/video1
[07/29/24 21:01:02] crowsnest: Supported Formats:
[07/29/24 21:01:02] crowsnest:		[0]: 'MJPG' (Motion-JPEG, compressed)
[07/29/24 21:01:02] crowsnest:		Size: Discrete 1920x1080
[07/29/24 21:01:02] crowsnest:		Interval: Discrete 0.033s (30.000 fps)
[07/29/24 21:01:02] crowsnest:		Interval: Discrete 0.033s (30.000 fps)
[07/29/24 21:01:02] crowsnest:		Size: Discrete 1280x720
[07/29/24 21:01:02] crowsnest:		Interval: Discrete 0.033s (30.000 fps)
[07/29/24 21:01:02] crowsnest:		Interval: Discrete 0.033s (30.000 fps)
[07/29/24 21:01:02] crowsnest:		Interval: Discrete 0.033s (30.000 fps)
[07/29/24 21:01:02] crowsnest:		Interval: Discrete 0.033s (30.000 fps)
[07/29/24 21:01:02] crowsnest:		Size: Discrete 640x480
[07/29/24 21:01:02] crowsnest:		Interval: Discrete 0.033s (30.000 fps)
[07/29/24 21:01:02] crowsnest:		Size: Discrete 1920x1080
[07/29/24 21:01:02] crowsnest:		Interval: Discrete 0.033s (30.000 fps)
[07/29/24 21:01:02] crowsnest:		Interval: Discrete 0.033s (30.000 fps)
[07/29/24 21:01:02] crowsnest:		Size: Discrete 1280x720
[07/29/24 21:01:02] crowsnest:		Interval: Discrete 0.033s (30.000 fps)
[07/29/24 21:01:02] crowsnest:		Interval: Discrete 0.033s (30.000 fps)
[07/29/24 21:01:02] crowsnest:		Interval: Discrete 0.033s (30.000 fps)
[07/29/24 21:01:02] crowsnest:		Interval: Discrete 0.033s (30.000 fps)
[07/29/24 21:01:02] crowsnest:		[1]: 'YUYV' (YUYV 4:2:2)
[07/29/24 21:01:02] crowsnest:		Size: Discrete 640x480
[07/29/24 21:01:02] crowsnest:		Interval: Discrete 0.033s (30.000 fps)
[07/29/24 21:01:02] crowsnest:		Size: Discrete 640x360
[07/29/24 21:01:02] crowsnest:		Interval: Discrete 0.033s (30.000 fps)
[07/29/24 21:01:02] crowsnest:		Size: Discrete 480x270
[07/29/24 21:01:02] crowsnest:		Interval: Discrete 0.033s (30.000 fps)
[07/29/24 21:01:02] crowsnest:		Size: Discrete 320x240
[07/29/24 21:01:02] crowsnest:		Interval: Discrete 0.033s (30.000 fps)
[07/29/24 21:01:02] crowsnest:		Size: Discrete 176x144
[07/29/24 21:01:02] crowsnest:		Interval: Discrete 0.033s (30.000 fps)
[07/29/24 21:01:02] crowsnest: Supported Controls:
[07/29/24 21:01:02] crowsnest:		
[07/29/24 21:01:02] crowsnest:		User Controls
[07/29/24 21:01:02] crowsnest:		
[07/29/24 21:01:02] crowsnest:		brightness 0x00980900 (int)    : min=1 max=255 step=1 default=16 value=16
[07/29/24 21:01:02] crowsnest: Try to start configured Cams / Services...
[07/29/24 21:01:04] crowsnest: ERROR: Parameter max_fps not found in Section [cam 1].
[07/29/24 21:01:04] crowsnest: ERROR: Please check your configuration!
[07/29/24 21:01:11] crowsnest: crowsnest - A webcam Service for multiple Cams and Stream Services.
[07/29/24 21:01:11] crowsnest: Version: v4.1.9-1-gd75a3ae
[07/29/24 21:01:11] crowsnest: Prepare Startup ...
[07/29/24 21:01:11] crowsnest: INFO: Host information:
[07/29/24 21:01:11] crowsnest: Host Info: Distribution: Debian GNU/Linux 11 (bullseye)
[07/29/24 21:01:11] crowsnest: Host Info: Kernel: Linux 5.16.17-sun50iw6 aarch64
[07/29/24 21:01:11] crowsnest: Host Info: Available CPU Cores: 4
[07/29/24 21:01:11] crowsnest: Host Info: Available Memory: 2032516 kB
[07/29/24 21:01:11] crowsnest: Host Info: Diskspace (avail. / total): 1.5G / 7.0G
[07/29/24 21:01:11] crowsnest: INFO: Checking Dependencies
[07/29/24 21:01:11] crowsnest: Dependency: 'crudini' found in /usr/bin/crudini.
[07/29/24 21:01:11] crowsnest: Dependency: 'find' found in /usr/bin/find.
[07/29/24 21:01:11] crowsnest: Dependency: 'xargs' found in /usr/bin/xargs.
[07/29/24 21:01:11] crowsnest: Dependency: 'ustreamer' found in bin/ustreamer/src/ustreamer.bin.
[07/29/24 21:01:11] crowsnest: Version Control: ustreamer is up to date. (v6.10)
[07/29/24 21:01:11] crowsnest: INFO: Print Configfile: '/home/kkobold/printer_data/config/crowsnest.conf'
[07/29/24 21:01:11] crowsnest:		[crowsnest]
[07/29/24 21:01:11] crowsnest:		log_path: /home/kkobold/printer_data/logs/crowsnest.log
[07/29/24 21:01:11] crowsnest:		log_level: verbose
[07/29/24 21:01:11] crowsnest:		delete_log: false
[07/29/24 21:01:11] crowsnest:		no_proxy: true
[07/29/24 21:01:11] crowsnest:		
[07/29/24 21:01:11] crowsnest:		[cam 1]
[07/29/24 21:01:11] crowsnest:		mode: ustreamer
[07/29/24 21:01:11] crowsnest:		
[07/29/24 21:01:11] crowsnest:		enable_rtsp: false
[07/29/24 21:01:11] crowsnest:		rtsp_port: 8554
[07/29/24 21:01:11] crowsnest:		port: 8080
[07/29/24 21:01:11] crowsnest:		device: /dev/video2
[07/29/24 21:01:11] crowsnest:		resolution: 640x480
[07/29/24 21:01:11] crowsnest: INFO: Detect available Devices
[07/29/24 21:01:11] crowsnest: INFO: Found 1 total available Device(s)
[07/29/24 21:01:11] crowsnest: INFO: Found 1 available v4l2 (UVC) camera(s)
[07/29/24 21:01:11] crowsnest: /dev/v4l/by-id/usb-GENERAL_GENERAL_WEBCAM_JH0918_20210304_v012-video-index0 -> /dev/video1
[07/29/24 21:01:11] crowsnest: Supported Formats:
[07/29/24 21:01:11] crowsnest:		[0]: 'MJPG' (Motion-JPEG, compressed)
[07/29/24 21:01:11] crowsnest:		Size: Discrete 1920x1080
[07/29/24 21:01:11] crowsnest:		Interval: Discrete 0.033s (30.000 fps)
[07/29/24 21:01:11] crowsnest:		Interval: Discrete 0.033s (30.000 fps)
[07/29/24 21:01:11] crowsnest:		Size: Discrete 1280x720
[07/29/24 21:01:11] crowsnest:		Interval: Discrete 0.033s (30.000 fps)
[07/29/24 21:01:11] crowsnest:		Interval: Discrete 0.033s (30.000 fps)
[07/29/24 21:01:11] crowsnest:		Interval: Discrete 0.033s (30.000 fps)
[07/29/24 21:01:11] crowsnest:		Interval: Discrete 0.033s (30.000 fps)
[07/29/24 21:01:11] crowsnest:		Size: Discrete 640x480
[07/29/24 21:01:11] crowsnest:		Interval: Discrete 0.033s (30.000 fps)
[07/29/24 21:01:11] crowsnest:		Size: Discrete 1920x1080
[07/29/24 21:01:11] crowsnest:		Interval: Discrete 0.033s (30.000 fps)
[07/29/24 21:01:11] crowsnest:		Interval: Discrete 0.033s (30.000 fps)
[07/29/24 21:01:11] crowsnest:		Size: Discrete 1280x720
[07/29/24 21:01:11] crowsnest:		Interval: Discrete 0.033s (30.000 fps)
[07/29/24 21:01:11] crowsnest:		Interval: Discrete 0.033s (30.000 fps)
[07/29/24 21:01:11] crowsnest:		Interval: Discrete 0.033s (30.000 fps)
[07/29/24 21:01:11] crowsnest:		Interval: Discrete 0.033s (30.000 fps)
[07/29/24 21:01:11] crowsnest:		[1]: 'YUYV' (YUYV 4:2:2)
[07/29/24 21:01:11] crowsnest:		Size: Discrete 640x480
[07/29/24 21:01:11] crowsnest:		Interval: Discrete 0.033s (30.000 fps)
[07/29/24 21:01:11] crowsnest:		Size: Discrete 640x360
[07/29/24 21:01:11] crowsnest:		Interval: Discrete 0.033s (30.000 fps)
[07/29/24 21:01:11] crowsnest:		Size: Discrete 480x270
[07/29/24 21:01:11] crowsnest:		Interval: Discrete 0.033s (30.000 fps)
[07/29/24 21:01:11] crowsnest:		Size: Discrete 320x240
[07/29/24 21:01:11] crowsnest:		Interval: Discrete 0.033s (30.000 fps)
[07/29/24 21:01:11] crowsnest:		Size: Discrete 176x144
[07/29/24 21:01:11] crowsnest:		Interval: Discrete 0.033s (30.000 fps)
[07/29/24 21:01:11] crowsnest: Supported Controls:
[07/29/24 21:01:11] crowsnest:		
[07/29/24 21:01:11] crowsnest:		User Controls
[07/29/24 21:01:11] crowsnest:		
[07/29/24 21:01:11] crowsnest:		brightness 0x00980900 (int)    : min=1 max=255 step=1 default=16 value=16
[07/29/24 21:01:11] crowsnest: Try to start configured Cams / Services...
[07/29/24 21:01:13] crowsnest: ERROR: Parameter max_fps not found in Section [cam 1].
[07/29/24 21:01:13] crowsnest: ERROR: Please check your configuration!
[07/29/24 21:01:19] crowsnest: crowsnest - A webcam Service for multiple Cams and Stream Services.
[07/29/24 21:01:19] crowsnest: Version: v4.1.9-1-gd75a3ae
[07/29/24 21:01:19] crowsnest: Prepare Startup ...
[07/29/24 21:01:19] crowsnest: INFO: Host information:
[07/29/24 21:01:19] crowsnest: Host Info: Distribution: Debian GNU/Linux 11 (bullseye)
[07/29/24 21:01:19] crowsnest: Host Info: Kernel: Linux 5.16.17-sun50iw6 aarch64
[07/29/24 21:01:19] crowsnest: Host Info: Available CPU Cores: 4
[07/29/24 21:01:19] crowsnest: Host Info: Available Memory: 2032516 kB
[07/29/24 21:01:19] crowsnest: Host Info: Diskspace (avail. / total): 1.5G / 7.0G
[07/29/24 21:01:19] crowsnest: INFO: Checking Dependencies
[07/29/24 21:01:19] crowsnest: Dependency: 'crudini' found in /usr/bin/crudini.
[07/29/24 21:01:19] crowsnest: Dependency: 'find' found in /usr/bin/find.
[07/29/24 21:01:19] crowsnest: Dependency: 'xargs' found in /usr/bin/xargs.
[07/29/24 21:01:20] crowsnest: Dependency: 'ustreamer' found in bin/ustreamer/src/ustreamer.bin.
[07/29/24 21:01:20] crowsnest: Version Control: ustreamer is up to date. (v6.10)
[07/29/24 21:01:20] crowsnest: INFO: Print Configfile: '/home/kkobold/printer_data/config/crowsnest.conf'
[07/29/24 21:01:20] crowsnest:		[crowsnest]
[07/29/24 21:01:20] crowsnest:		log_path: /home/kkobold/printer_data/logs/crowsnest.log
[07/29/24 21:01:20] crowsnest:		log_level: verbose
[07/29/24 21:01:20] crowsnest:		delete_log: false
[07/29/24 21:01:20] crowsnest:		no_proxy: true
[07/29/24 21:01:20] crowsnest:		
[07/29/24 21:01:20] crowsnest:		[cam 1]
[07/29/24 21:01:20] crowsnest:		mode: ustreamer
[07/29/24 21:01:20] crowsnest:		
[07/29/24 21:01:20] crowsnest:		enable_rtsp: false
[07/29/24 21:01:20] crowsnest:		rtsp_port: 8554
[07/29/24 21:01:20] crowsnest:		port: 8080
[07/29/24 21:01:20] crowsnest:		device: /dev/video2
[07/29/24 21:01:20] crowsnest:		resolution: 640x480
[07/29/24 21:01:20] crowsnest: INFO: Detect available Devices
[07/29/24 21:01:20] crowsnest: INFO: Found 1 total available Device(s)
[07/29/24 21:01:20] crowsnest: INFO: Found 1 available v4l2 (UVC) camera(s)
[07/29/24 21:01:20] crowsnest: /dev/v4l/by-id/usb-GENERAL_GENERAL_WEBCAM_JH0918_20210304_v012-video-index0 -> /dev/video1
[07/29/24 21:01:20] crowsnest: Supported Formats:
[07/29/24 21:01:20] crowsnest:		[0]: 'MJPG' (Motion-JPEG, compressed)
[07/29/24 21:01:20] crowsnest:		Size: Discrete 1920x1080
[07/29/24 21:01:20] crowsnest:		Interval: Discrete 0.033s (30.000 fps)
[07/29/24 21:01:20] crowsnest:		Interval: Discrete 0.033s (30.000 fps)
[07/29/24 21:01:20] crowsnest:		Size: Discrete 1280x720
[07/29/24 21:01:20] crowsnest:		Interval: Discrete 0.033s (30.000 fps)
[07/29/24 21:01:20] crowsnest:		Interval: Discrete 0.033s (30.000 fps)
[07/29/24 21:01:20] crowsnest:		Interval: Discrete 0.033s (30.000 fps)
[07/29/24 21:01:20] crowsnest:		Interval: Discrete 0.033s (30.000 fps)
[07/29/24 21:01:20] crowsnest:		Size: Discrete 640x480
[07/29/24 21:01:20] crowsnest:		Interval: Discrete 0.033s (30.000 fps)
[07/29/24 21:01:20] crowsnest:		Size: Discrete 1920x1080
[07/29/24 21:01:20] crowsnest:		Interval: Discrete 0.033s (30.000 fps)
[07/29/24 21:01:20] crowsnest:		Interval: Discrete 0.033s (30.000 fps)
[07/29/24 21:01:20] crowsnest:		Size: Discrete 1280x720
[07/29/24 21:01:20] crowsnest:		Interval: Discrete 0.033s (30.000 fps)
[07/29/24 21:01:20] crowsnest:		Interval: Discrete 0.033s (30.000 fps)
[07/29/24 21:01:20] crowsnest:		Interval: Discrete 0.033s (30.000 fps)
[07/29/24 21:01:20] crowsnest:		Interval: Discrete 0.033s (30.000 fps)
[07/29/24 21:01:20] crowsnest:		[1]: 'YUYV' (YUYV 4:2:2)
[07/29/24 21:01:20] crowsnest:		Size: Discrete 640x480
[07/29/24 21:01:20] crowsnest:		Interval: Discrete 0.033s (30.000 fps)
[07/29/24 21:01:20] crowsnest:		Size: Discrete 640x360
[07/29/24 21:01:20] crowsnest:		Interval: Discrete 0.033s (30.000 fps)
[07/29/24 21:01:20] crowsnest:		Size: Discrete 480x270
[07/29/24 21:01:20] crowsnest:		Interval: Discrete 0.033s (30.000 fps)
[07/29/24 21:01:20] crowsnest:		Size: Discrete 320x240
[07/29/24 21:01:20] crowsnest:		Interval: Discrete 0.033s (30.000 fps)
[07/29/24 21:01:20] crowsnest:		Size: Discrete 176x144
[07/29/24 21:01:20] crowsnest:		Interval: Discrete 0.033s (30.000 fps)
[07/29/24 21:01:20] crowsnest: Supported Controls:
[07/29/24 21:01:20] crowsnest:		
[07/29/24 21:01:20] crowsnest:		User Controls
[07/29/24 21:01:20] crowsnest:		
[07/29/24 21:01:20] crowsnest:		brightness 0x00980900 (int)    : min=1 max=255 step=1 default=16 value=16
[07/29/24 21:01:20] crowsnest: Try to start configured Cams / Services...
[07/29/24 21:01:22] crowsnest: ERROR: Parameter max_fps not found in Section [cam 1].
[07/29/24 21:01:22] crowsnest: ERROR: Please check your configuration!
[07/29/24 21:01:28] crowsnest: crowsnest - A webcam Service for multiple Cams and Stream Services.
[07/29/24 21:01:28] crowsnest: Version: v4.1.9-1-gd75a3ae
[07/29/24 21:01:28] crowsnest: Prepare Startup ...
[07/29/24 21:01:28] crowsnest: INFO: Host information:
[07/29/24 21:01:28] crowsnest: Host Info: Distribution: Debian GNU/Linux 11 (bullseye)
[07/29/24 21:01:28] crowsnest: Host Info: Kernel: Linux 5.16.17-sun50iw6 aarch64
[07/29/24 21:01:28] crowsnest: Host Info: Available CPU Cores: 4
[07/29/24 21:01:28] crowsnest: Host Info: Available Memory: 2032516 kB
[07/29/24 21:01:28] crowsnest: Host Info: Diskspace (avail. / total): 1.5G / 7.0G
[07/29/24 21:01:28] crowsnest: INFO: Checking Dependencies
[07/29/24 21:01:28] crowsnest: Dependency: 'crudini' found in /usr/bin/crudini.
[07/29/24 21:01:28] crowsnest: Dependency: 'find' found in /usr/bin/find.
[07/29/24 21:01:28] crowsnest: Dependency: 'xargs' found in /usr/bin/xargs.
[07/29/24 21:01:28] crowsnest: Dependency: 'ustreamer' found in bin/ustreamer/src/ustreamer.bin.
[07/29/24 21:01:28] crowsnest: Version Control: ustreamer is up to date. (v6.10)
[07/29/24 21:01:28] crowsnest: INFO: Print Configfile: '/home/kkobold/printer_data/config/crowsnest.conf'
[07/29/24 21:01:28] crowsnest:		[crowsnest]
[07/29/24 21:01:28] crowsnest:		log_path: /home/kkobold/printer_data/logs/crowsnest.log
[07/29/24 21:01:28] crowsnest:		log_level: verbose
[07/29/24 21:01:28] crowsnest:		delete_log: false
[07/29/24 21:01:28] crowsnest:		no_proxy: true
[07/29/24 21:01:28] crowsnest:		
[07/29/24 21:01:28] crowsnest:		[cam 1]
[07/29/24 21:01:28] crowsnest:		mode: ustreamer
[07/29/24 21:01:28] crowsnest:		
[07/29/24 21:01:28] crowsnest:		enable_rtsp: false
[07/29/24 21:01:28] crowsnest:		rtsp_port: 8554
[07/29/24 21:01:28] crowsnest:		port: 8080
[07/29/24 21:01:28] crowsnest:		device: /dev/video2
[07/29/24 21:01:28] crowsnest:		resolution: 640x480
[07/29/24 21:01:28] crowsnest: INFO: Detect available Devices
[07/29/24 21:01:28] crowsnest: INFO: Found 1 total available Device(s)
[07/29/24 21:01:28] crowsnest: INFO: Found 1 available v4l2 (UVC) camera(s)
[07/29/24 21:01:28] crowsnest: /dev/v4l/by-id/usb-GENERAL_GENERAL_WEBCAM_JH0918_20210304_v012-video-index0 -> /dev/video1
[07/29/24 21:01:28] crowsnest: Supported Formats:
[07/29/24 21:01:28] crowsnest:		[0]: 'MJPG' (Motion-JPEG, compressed)
[07/29/24 21:01:28] crowsnest:		Size: Discrete 1920x1080
[07/29/24 21:01:28] crowsnest:		Interval: Discrete 0.033s (30.000 fps)
[07/29/24 21:01:28] crowsnest:		Interval: Discrete 0.033s (30.000 fps)
[07/29/24 21:01:28] crowsnest:		Size: Discrete 1280x720
[07/29/24 21:01:28] crowsnest:		Interval: Discrete 0.033s (30.000 fps)
[07/29/24 21:01:28] crowsnest:		Interval: Discrete 0.033s (30.000 fps)
[07/29/24 21:01:28] crowsnest:		Interval: Discrete 0.033s (30.000 fps)
[07/29/24 21:01:28] crowsnest:		Interval: Discrete 0.033s (30.000 fps)
[07/29/24 21:01:28] crowsnest:		Size: Discrete 640x480
[07/29/24 21:01:28] crowsnest:		Interval: Discrete 0.033s (30.000 fps)
[07/29/24 21:01:28] crowsnest:		Size: Discrete 1920x1080
[07/29/24 21:01:28] crowsnest:		Interval: Discrete 0.033s (30.000 fps)
[07/29/24 21:01:28] crowsnest:		Interval: Discrete 0.033s (30.000 fps)
[07/29/24 21:01:28] crowsnest:		Size: Discrete 1280x720
[07/29/24 21:01:28] crowsnest:		Interval: Discrete 0.033s (30.000 fps)
[07/29/24 21:01:28] crowsnest:		Interval: Discrete 0.033s (30.000 fps)
[07/29/24 21:01:28] crowsnest:		Interval: Discrete 0.033s (30.000 fps)
[07/29/24 21:01:28] crowsnest:		Interval: Discrete 0.033s (30.000 fps)
[07/29/24 21:01:28] crowsnest:		[1]: 'YUYV' (YUYV 4:2:2)
[07/29/24 21:01:28] crowsnest:		Size: Discrete 640x480
[07/29/24 21:01:28] crowsnest:		Interval: Discrete 0.033s (30.000 fps)
[07/29/24 21:01:28] crowsnest:		Size: Discrete 640x360
[07/29/24 21:01:28] crowsnest:		Interval: Discrete 0.033s (30.000 fps)
[07/29/24 21:01:28] crowsnest:		Size: Discrete 480x270
[07/29/24 21:01:28] crowsnest:		Interval: Discrete 0.033s (30.000 fps)
[07/29/24 21:01:28] crowsnest:		Size: Discrete 320x240
[07/29/24 21:01:28] crowsnest:		Interval: Discrete 0.033s (30.000 fps)
[07/29/24 21:01:28] crowsnest:		Size: Discrete 176x144
[07/29/24 21:01:28] crowsnest:		Interval: Discrete 0.033s (30.000 fps)
[07/29/24 21:01:29] crowsnest: Supported Controls:
[07/29/24 21:01:29] crowsnest:		
[07/29/24 21:01:29] crowsnest:		User Controls
[07/29/24 21:01:29] crowsnest:		
[07/29/24 21:01:29] crowsnest:		brightness 0x00980900 (int)    : min=1 max=255 step=1 default=16 value=16
[07/29/24 21:01:29] crowsnest: Try to start configured Cams / Services...
[07/29/24 21:01:31] crowsnest: ERROR: Parameter max_fps not found in Section [cam 1].
[07/29/24 21:01:31] crowsnest: ERROR: Please check your configuration!
[07/29/24 21:01:37] crowsnest: crowsnest - A webcam Service for multiple Cams and Stream Services.
[07/29/24 21:01:37] crowsnest: Version: v4.1.9-1-gd75a3ae
[07/29/24 21:01:37] crowsnest: Prepare Startup ...
[07/29/24 21:01:37] crowsnest: INFO: Host information:
[07/29/24 21:01:37] crowsnest: Host Info: Distribution: Debian GNU/Linux 11 (bullseye)
[07/29/24 21:01:37] crowsnest: Host Info: Kernel: Linux 5.16.17-sun50iw6 aarch64
[07/29/24 21:01:37] crowsnest: Host Info: Available CPU Cores: 4
[07/29/24 21:01:37] crowsnest: Host Info: Available Memory: 2032516 kB
[07/29/24 21:01:37] crowsnest: Host Info: Diskspace (avail. / total): 1.5G / 7.0G
[07/29/24 21:01:37] crowsnest: INFO: Checking Dependencies
[07/29/24 21:01:37] crowsnest: Dependency: 'crudini' found in /usr/bin/crudini.
[07/29/24 21:01:37] crowsnest: Dependency: 'find' found in /usr/bin/find.
[07/29/24 21:01:37] crowsnest: Dependency: 'xargs' found in /usr/bin/xargs.
[07/29/24 21:01:37] crowsnest: Dependency: 'ustreamer' found in bin/ustreamer/src/ustreamer.bin.
[07/29/24 21:01:37] crowsnest: Version Control: ustreamer is up to date. (v6.10)
[07/29/24 21:01:37] crowsnest: INFO: Print Configfile: '/home/kkobold/printer_data/config/crowsnest.conf'
[07/29/24 21:01:37] crowsnest:		[crowsnest]
[07/29/24 21:01:37] crowsnest:		log_path: /home/kkobold/printer_data/logs/crowsnest.log
[07/29/24 21:01:37] crowsnest:		log_level: verbose
[07/29/24 21:01:37] crowsnest:		delete_log: false
[07/29/24 21:01:37] crowsnest:		no_proxy: true
[07/29/24 21:01:37] crowsnest:		
[07/29/24 21:01:37] crowsnest:		[cam 1]
[07/29/24 21:01:37] crowsnest:		mode: ustreamer
[07/29/24 21:01:37] crowsnest:		
[07/29/24 21:01:37] crowsnest:		enable_rtsp: false
[07/29/24 21:01:37] crowsnest:		rtsp_port: 8554
[07/29/24 21:01:37] crowsnest:		port: 8080
[07/29/24 21:01:37] crowsnest:		device: /dev/video2
[07/29/24 21:01:37] crowsnest:		resolution: 640x480
[07/29/24 21:01:37] crowsnest: INFO: Detect available Devices
[07/29/24 21:01:37] crowsnest: INFO: Found 1 total available Device(s)
[07/29/24 21:01:37] crowsnest: INFO: Found 1 available v4l2 (UVC) camera(s)
[07/29/24 21:01:37] crowsnest: /dev/v4l/by-id/usb-GENERAL_GENERAL_WEBCAM_JH0918_20210304_v012-video-index0 -> /dev/video1
[07/29/24 21:01:37] crowsnest: Supported Formats:
[07/29/24 21:01:37] crowsnest:		[0]: 'MJPG' (Motion-JPEG, compressed)
[07/29/24 21:01:37] crowsnest:		Size: Discrete 1920x1080
[07/29/24 21:01:37] crowsnest:		Interval: Discrete 0.033s (30.000 fps)
[07/29/24 21:01:37] crowsnest:		Interval: Discrete 0.033s (30.000 fps)
[07/29/24 21:01:37] crowsnest:		Size: Discrete 1280x720
[07/29/24 21:01:37] crowsnest:		Interval: Discrete 0.033s (30.000 fps)
[07/29/24 21:01:37] crowsnest:		Interval: Discrete 0.033s (30.000 fps)
[07/29/24 21:01:37] crowsnest:		Interval: Discrete 0.033s (30.000 fps)
[07/29/24 21:01:37] crowsnest:		Interval: Discrete 0.033s (30.000 fps)
[07/29/24 21:01:37] crowsnest:		Size: Discrete 640x480
[07/29/24 21:01:37] crowsnest:		Interval: Discrete 0.033s (30.000 fps)
[07/29/24 21:01:37] crowsnest:		Size: Discrete 1920x1080
[07/29/24 21:01:37] crowsnest:		Interval: Discrete 0.033s (30.000 fps)
[07/29/24 21:01:37] crowsnest:		Interval: Discrete 0.033s (30.000 fps)
[07/29/24 21:01:37] crowsnest:		Size: Discrete 1280x720
[07/29/24 21:01:37] crowsnest:		Interval: Discrete 0.033s (30.000 fps)
[07/29/24 21:01:37] crowsnest:		Interval: Discrete 0.033s (30.000 fps)
[07/29/24 21:01:37] crowsnest:		Interval: Discrete 0.033s (30.000 fps)
[07/29/24 21:01:37] crowsnest:		Interval: Discrete 0.033s (30.000 fps)
[07/29/24 21:01:37] crowsnest:		[1]: 'YUYV' (YUYV 4:2:2)
[07/29/24 21:01:37] crowsnest:		Size: Discrete 640x480
[07/29/24 21:01:37] crowsnest:		Interval: Discrete 0.033s (30.000 fps)
[07/29/24 21:01:37] crowsnest:		Size: Discrete 640x360
[07/29/24 21:01:37] crowsnest:		Interval: Discrete 0.033s (30.000 fps)
[07/29/24 21:01:37] crowsnest:		Size: Discrete 480x270
[07/29/24 21:01:37] crowsnest:		Interval: Discrete 0.033s (30.000 fps)
[07/29/24 21:01:37] crowsnest:		Size: Discrete 320x240
[07/29/24 21:01:37] crowsnest:		Interval: Discrete 0.033s (30.000 fps)
[07/29/24 21:01:37] crowsnest:		Size: Discrete 176x144
[07/29/24 21:01:37] crowsnest:		Interval: Discrete 0.033s (30.000 fps)
[07/29/24 21:01:37] crowsnest: Supported Controls:
[07/29/24 21:01:37] crowsnest:		
[07/29/24 21:01:37] crowsnest:		User Controls
[07/29/24 21:01:37] crowsnest:		
[07/29/24 21:01:37] crowsnest:		brightness 0x00980900 (int)    : min=1 max=255 step=1 default=16 value=16
[07/29/24 21:01:37] crowsnest: Try to start configured Cams / Services...
[07/29/24 21:01:39] crowsnest: ERROR: Parameter max_fps not found in Section [cam 1].
[07/29/24 21:01:39] crowsnest: ERROR: Please check your configuration!
[07/29/24 21:01:46] crowsnest: crowsnest - A webcam Service for multiple Cams and Stream Services.
[07/29/24 21:01:46] crowsnest: Version: v4.1.9-1-gd75a3ae
[07/29/24 21:01:46] crowsnest: Prepare Startup ...
[07/29/24 21:01:46] crowsnest: INFO: Host information:
[07/29/24 21:01:46] crowsnest: Host Info: Distribution: Debian GNU/Linux 11 (bullseye)
[07/29/24 21:01:46] crowsnest: Host Info: Kernel: Linux 5.16.17-sun50iw6 aarch64
[07/29/24 21:01:46] crowsnest: Host Info: Available CPU Cores: 4
[07/29/24 21:01:46] crowsnest: Host Info: Available Memory: 2032516 kB
[07/29/24 21:01:46] crowsnest: Host Info: Diskspace (avail. / total): 1.5G / 7.0G
[07/29/24 21:01:46] crowsnest: INFO: Checking Dependencies
[07/29/24 21:01:46] crowsnest: Dependency: 'crudini' found in /usr/bin/crudini.
[07/29/24 21:01:46] crowsnest: Dependency: 'find' found in /usr/bin/find.
[07/29/24 21:01:46] crowsnest: Dependency: 'xargs' found in /usr/bin/xargs.
[07/29/24 21:01:46] crowsnest: Dependency: 'ustreamer' found in bin/ustreamer/src/ustreamer.bin.
[07/29/24 21:01:46] crowsnest: Version Control: ustreamer is up to date. (v6.10)
[07/29/24 21:01:46] crowsnest: INFO: Print Configfile: '/home/kkobold/printer_data/config/crowsnest.conf'
[07/29/24 21:01:46] crowsnest:		[crowsnest]
[07/29/24 21:01:46] crowsnest:		log_path: /home/kkobold/printer_data/logs/crowsnest.log
[07/29/24 21:01:46] crowsnest:		log_level: verbose
[07/29/24 21:01:46] crowsnest:		delete_log: false
[07/29/24 21:01:46] crowsnest:		no_proxy: true
[07/29/24 21:01:46] crowsnest:		
[07/29/24 21:01:46] crowsnest:		[cam 1]
[07/29/24 21:01:46] crowsnest:		mode: ustreamer
[07/29/24 21:01:46] crowsnest:		
[07/29/24 21:01:46] crowsnest:		enable_rtsp: false
[07/29/24 21:01:46] crowsnest:		rtsp_port: 8554
[07/29/24 21:01:46] crowsnest:		port: 8080
[07/29/24 21:01:46] crowsnest:		device: /dev/video2
[07/29/24 21:01:46] crowsnest:		resolution: 640x480
[07/29/24 21:01:46] crowsnest: INFO: Detect available Devices
[07/29/24 21:01:46] crowsnest: INFO: Found 1 total available Device(s)
[07/29/24 21:01:46] crowsnest: INFO: Found 1 available v4l2 (UVC) camera(s)
[07/29/24 21:01:46] crowsnest: /dev/v4l/by-id/usb-GENERAL_GENERAL_WEBCAM_JH0918_20210304_v012-video-index0 -> /dev/video1
[07/29/24 21:01:46] crowsnest: Supported Formats:
[07/29/24 21:01:46] crowsnest:		[0]: 'MJPG' (Motion-JPEG, compressed)
[07/29/24 21:01:46] crowsnest:		Size: Discrete 1920x1080
[07/29/24 21:01:46] crowsnest:		Interval: Discrete 0.033s (30.000 fps)
[07/29/24 21:01:46] crowsnest:		Interval: Discrete 0.033s (30.000 fps)
[07/29/24 21:01:46] crowsnest:		Size: Discrete 1280x720
[07/29/24 21:01:46] crowsnest:		Interval: Discrete 0.033s (30.000 fps)
[07/29/24 21:01:46] crowsnest:		Interval: Discrete 0.033s (30.000 fps)
[07/29/24 21:01:46] crowsnest:		Interval: Discrete 0.033s (30.000 fps)
[07/29/24 21:01:46] crowsnest:		Interval: Discrete 0.033s (30.000 fps)
[07/29/24 21:01:46] crowsnest:		Size: Discrete 640x480
[07/29/24 21:01:46] crowsnest:		Interval: Discrete 0.033s (30.000 fps)
[07/29/24 21:01:46] crowsnest:		Size: Discrete 1920x1080
[07/29/24 21:01:46] crowsnest:		Interval: Discrete 0.033s (30.000 fps)
[07/29/24 21:01:46] crowsnest:		Interval: Discrete 0.033s (30.000 fps)
[07/29/24 21:01:46] crowsnest:		Size: Discrete 1280x720
[07/29/24 21:01:46] crowsnest:		Interval: Discrete 0.033s (30.000 fps)
[07/29/24 21:01:46] crowsnest:		Interval: Discrete 0.033s (30.000 fps)
[07/29/24 21:01:46] crowsnest:		Interval: Discrete 0.033s (30.000 fps)
[07/29/24 21:01:46] crowsnest:		Interval: Discrete 0.033s (30.000 fps)
[07/29/24 21:01:46] crowsnest:		[1]: 'YUYV' (YUYV 4:2:2)
[07/29/24 21:01:46] crowsnest:		Size: Discrete 640x480
[07/29/24 21:01:46] crowsnest:		Interval: Discrete 0.033s (30.000 fps)
[07/29/24 21:01:46] crowsnest:		Size: Discrete 640x360
[07/29/24 21:01:46] crowsnest:		Interval: Discrete 0.033s (30.000 fps)
[07/29/24 21:01:46] crowsnest:		Size: Discrete 480x270
[07/29/24 21:01:46] crowsnest:		Interval: Discrete 0.033s (30.000 fps)
[07/29/24 21:01:46] crowsnest:		Size: Discrete 320x240
[07/29/24 21:01:46] crowsnest:		Interval: Discrete 0.033s (30.000 fps)
[07/29/24 21:01:46] crowsnest:		Size: Discrete 176x144
[07/29/24 21:01:46] crowsnest:		Interval: Discrete 0.033s (30.000 fps)
[07/29/24 21:01:46] crowsnest: Supported Controls:
[07/29/24 21:01:46] crowsnest:		
[07/29/24 21:01:46] crowsnest:		User Controls
[07/29/24 21:01:46] crowsnest:		
[07/29/24 21:01:46] crowsnest:		brightness 0x00980900 (int)    : min=1 max=255 step=1 default=16 value=16
[07/29/24 21:01:46] crowsnest: Try to start configured Cams / Services...
[07/29/24 21:01:48] crowsnest: ERROR: Parameter max_fps not found in Section [cam 1].
[07/29/24 21:01:48] crowsnest: ERROR: Please check your configuration!
[07/29/24 21:01:54] crowsnest: crowsnest - A webcam Service for multiple Cams and Stream Services.
[07/29/24 21:01:54] crowsnest: Version: v4.1.9-1-gd75a3ae
[07/29/24 21:01:54] crowsnest: Prepare Startup ...
[07/29/24 21:01:54] crowsnest: INFO: Host information:
[07/29/24 21:01:54] crowsnest: Host Info: Distribution: Debian GNU/Linux 11 (bullseye)
[07/29/24 21:01:54] crowsnest: Host Info: Kernel: Linux 5.16.17-sun50iw6 aarch64
[07/29/24 21:01:54] crowsnest: Host Info: Available CPU Cores: 4
[07/29/24 21:01:54] crowsnest: Host Info: Available Memory: 2032516 kB
[07/29/24 21:01:54] crowsnest: Host Info: Diskspace (avail. / total): 1.5G / 7.0G
[07/29/24 21:01:54] crowsnest: INFO: Checking Dependencies
[07/29/24 21:01:54] crowsnest: Dependency: 'crudini' found in /usr/bin/crudini.
[07/29/24 21:01:54] crowsnest: Dependency: 'find' found in /usr/bin/find.
[07/29/24 21:01:54] crowsnest: Dependency: 'xargs' found in /usr/bin/xargs.
[07/29/24 21:01:55] crowsnest: Dependency: 'ustreamer' found in bin/ustreamer/src/ustreamer.bin.
[07/29/24 21:01:55] crowsnest: Version Control: ustreamer is up to date. (v6.10)
[07/29/24 21:01:55] crowsnest: INFO: Print Configfile: '/home/kkobold/printer_data/config/crowsnest.conf'
[07/29/24 21:01:55] crowsnest:		[crowsnest]
[07/29/24 21:01:55] crowsnest:		log_path: /home/kkobold/printer_data/logs/crowsnest.log
[07/29/24 21:01:55] crowsnest:		log_level: verbose
[07/29/24 21:01:55] crowsnest:		delete_log: false
[07/29/24 21:01:55] crowsnest:		no_proxy: true
[07/29/24 21:01:55] crowsnest:		
[07/29/24 21:01:55] crowsnest:		[cam 1]
[07/29/24 21:01:55] crowsnest:		mode: ustreamer
[07/29/24 21:01:55] crowsnest:		
[07/29/24 21:01:55] crowsnest:		enable_rtsp: false
[07/29/24 21:01:55] crowsnest:		rtsp_port: 8554
[07/29/24 21:01:55] crowsnest:		port: 8080
[07/29/24 21:01:55] crowsnest:		device: /dev/video1
[07/29/24 21:01:55] crowsnest:		resolution: 1280x720
[07/29/24 21:01:55] crowsnest: INFO: Detect available Devices
[07/29/24 21:01:55] crowsnest: INFO: Found 1 total available Device(s)
[07/29/24 21:01:55] crowsnest: INFO: Found 1 available v4l2 (UVC) camera(s)
[07/29/24 21:01:55] crowsnest: /dev/v4l/by-id/usb-GENERAL_GENERAL_WEBCAM_JH0918_20210304_v012-video-index0 -> /dev/video1
[07/29/24 21:01:55] crowsnest: Supported Formats:
[07/29/24 21:01:55] crowsnest:		[0]: 'MJPG' (Motion-JPEG, compressed)
[07/29/24 21:01:55] crowsnest:		Size: Discrete 1920x1080
[07/29/24 21:01:55] crowsnest:		Interval: Discrete 0.033s (30.000 fps)
[07/29/24 21:01:55] crowsnest:		Interval: Discrete 0.033s (30.000 fps)
[07/29/24 21:01:55] crowsnest:		Size: Discrete 1280x720
[07/29/24 21:01:55] crowsnest:		Interval: Discrete 0.033s (30.000 fps)
[07/29/24 21:01:55] crowsnest:		Interval: Discrete 0.033s (30.000 fps)
[07/29/24 21:01:55] crowsnest:		Interval: Discrete 0.033s (30.000 fps)
[07/29/24 21:01:55] crowsnest:		Interval: Discrete 0.033s (30.000 fps)
[07/29/24 21:01:55] crowsnest:		Size: Discrete 640x480
[07/29/24 21:01:55] crowsnest:		Interval: Discrete 0.033s (30.000 fps)
[07/29/24 21:01:55] crowsnest:		Size: Discrete 1920x1080
[07/29/24 21:01:55] crowsnest:		Interval: Discrete 0.033s (30.000 fps)
[07/29/24 21:01:55] crowsnest:		Interval: Discrete 0.033s (30.000 fps)
[07/29/24 21:01:55] crowsnest:		Size: Discrete 1280x720
[07/29/24 21:01:55] crowsnest:		Interval: Discrete 0.033s (30.000 fps)
[07/29/24 21:01:55] crowsnest:		Interval: Discrete 0.033s (30.000 fps)
[07/29/24 21:01:55] crowsnest:		Interval: Discrete 0.033s (30.000 fps)
[07/29/24 21:01:55] crowsnest:		Interval: Discrete 0.033s (30.000 fps)
[07/29/24 21:01:55] crowsnest:		[1]: 'YUYV' (YUYV 4:2:2)
[07/29/24 21:01:55] crowsnest:		Size: Discrete 640x480
[07/29/24 21:01:55] crowsnest:		Interval: Discrete 0.033s (30.000 fps)
[07/29/24 21:01:55] crowsnest:		Size: Discrete 640x360
[07/29/24 21:01:55] crowsnest:		Interval: Discrete 0.033s (30.000 fps)
[07/29/24 21:01:55] crowsnest:		Size: Discrete 480x270
[07/29/24 21:01:55] crowsnest:		Interval: Discrete 0.033s (30.000 fps)
[07/29/24 21:01:55] crowsnest:		Size: Discrete 320x240
[07/29/24 21:01:55] crowsnest:		Interval: Discrete 0.033s (30.000 fps)
[07/29/24 21:01:55] crowsnest:		Size: Discrete 176x144
[07/29/24 21:01:55] crowsnest:		Interval: Discrete 0.033s (30.000 fps)
[07/29/24 21:01:55] crowsnest: Supported Controls:
[07/29/24 21:01:55] crowsnest:		
[07/29/24 21:01:55] crowsnest:		User Controls
[07/29/24 21:01:55] crowsnest:		
[07/29/24 21:01:55] crowsnest:		brightness 0x00980900 (int)    : min=1 max=255 step=1 default=16 value=16
[07/29/24 21:01:55] crowsnest: Try to start configured Cams / Services...
[07/29/24 21:01:55] crowsnest: Shutdown or Killed by User!
[07/29/24 21:01:55] crowsnest: Please come again :)
[07/29/24 21:01:55] crowsnest: Goodbye...
[07/29/24 21:01:56] crowsnest: crowsnest - A webcam Service for multiple Cams and Stream Services.
[07/29/24 21:01:56] crowsnest: Version: v4.1.9-1-gd75a3ae
[07/29/24 21:01:56] crowsnest: Prepare Startup ...
[07/29/24 21:01:56] crowsnest: INFO: Host information:
[07/29/24 21:01:56] crowsnest: Host Info: Distribution: Debian GNU/Linux 11 (bullseye)
[07/29/24 21:01:56] crowsnest: Host Info: Kernel: Linux 5.16.17-sun50iw6 aarch64
[07/29/24 21:01:56] crowsnest: Host Info: Available CPU Cores: 4
[07/29/24 21:01:56] crowsnest: Host Info: Available Memory: 2032516 kB
[07/29/24 21:01:56] crowsnest: Host Info: Diskspace (avail. / total): 1.5G / 7.0G
[07/29/24 21:01:56] crowsnest: INFO: Checking Dependencies
[07/29/24 21:01:56] crowsnest: Dependency: 'crudini' found in /usr/bin/crudini.
[07/29/24 21:01:56] crowsnest: Dependency: 'find' found in /usr/bin/find.
[07/29/24 21:01:56] crowsnest: Dependency: 'xargs' found in /usr/bin/xargs.
[07/29/24 21:01:56] crowsnest: Dependency: 'ustreamer' found in bin/ustreamer/src/ustreamer.bin.
[07/29/24 21:01:56] crowsnest: Version Control: ustreamer is up to date. (v6.10)
[07/29/24 21:01:56] crowsnest: INFO: Print Configfile: '/home/kkobold/printer_data/config/crowsnest.conf'
[07/29/24 21:01:56] crowsnest:		[crowsnest]
[07/29/24 21:01:56] crowsnest:		log_path: /home/kkobold/printer_data/logs/crowsnest.log
[07/29/24 21:01:56] crowsnest:		log_level: verbose
[07/29/24 21:01:56] crowsnest:		delete_log: false
[07/29/24 21:01:56] crowsnest:		no_proxy: true
[07/29/24 21:01:56] crowsnest:		
[07/29/24 21:01:56] crowsnest:		[cam 1]
[07/29/24 21:01:56] crowsnest:		mode: ustreamer
[07/29/24 21:01:56] crowsnest:		
[07/29/24 21:01:56] crowsnest:		enable_rtsp: false
[07/29/24 21:01:56] crowsnest:		rtsp_port: 8554
[07/29/24 21:01:56] crowsnest:		port: 8080
[07/29/24 21:01:56] crowsnest:		device: /dev/video1
[07/29/24 21:01:56] crowsnest:		resolution: 1280x720
[07/29/24 21:01:56] crowsnest: INFO: Detect available Devices
[07/29/24 21:01:56] crowsnest: INFO: Found 1 total available Device(s)
[07/29/24 21:01:56] crowsnest: INFO: Found 1 available v4l2 (UVC) camera(s)
[07/29/24 21:01:56] crowsnest: /dev/v4l/by-id/usb-GENERAL_GENERAL_WEBCAM_JH0918_20210304_v012-video-index0 -> /dev/video1
[07/29/24 21:01:56] crowsnest: Supported Formats:
[07/29/24 21:01:56] crowsnest:		[0]: 'MJPG' (Motion-JPEG, compressed)
[07/29/24 21:01:56] crowsnest:		Size: Discrete 1920x1080
[07/29/24 21:01:56] crowsnest:		Interval: Discrete 0.033s (30.000 fps)
[07/29/24 21:01:56] crowsnest:		Interval: Discrete 0.033s (30.000 fps)
[07/29/24 21:01:56] crowsnest:		Size: Discrete 1280x720
[07/29/24 21:01:56] crowsnest:		Interval: Discrete 0.033s (30.000 fps)
[07/29/24 21:01:56] crowsnest:		Interval: Discrete 0.033s (30.000 fps)
[07/29/24 21:01:56] crowsnest:		Interval: Discrete 0.033s (30.000 fps)
[07/29/24 21:01:56] crowsnest:		Interval: Discrete 0.033s (30.000 fps)
[07/29/24 21:01:56] crowsnest:		Size: Discrete 640x480
[07/29/24 21:01:56] crowsnest:		Interval: Discrete 0.033s (30.000 fps)
[07/29/24 21:01:56] crowsnest:		Size: Discrete 1920x1080
[07/29/24 21:01:56] crowsnest:		Interval: Discrete 0.033s (30.000 fps)
[07/29/24 21:01:56] crowsnest:		Interval: Discrete 0.033s (30.000 fps)
[07/29/24 21:01:56] crowsnest:		Size: Discrete 1280x720
[07/29/24 21:01:56] crowsnest:		Interval: Discrete 0.033s (30.000 fps)
[07/29/24 21:01:56] crowsnest:		Interval: Discrete 0.033s (30.000 fps)
[07/29/24 21:01:56] crowsnest:		Interval: Discrete 0.033s (30.000 fps)
[07/29/24 21:01:56] crowsnest:		Interval: Discrete 0.033s (30.000 fps)
[07/29/24 21:01:56] crowsnest:		[1]: 'YUYV' (YUYV 4:2:2)
[07/29/24 21:01:56] crowsnest:		Size: Discrete 640x480
[07/29/24 21:01:56] crowsnest:		Interval: Discrete 0.033s (30.000 fps)
[07/29/24 21:01:56] crowsnest:		Size: Discrete 640x360
[07/29/24 21:01:56] crowsnest:		Interval: Discrete 0.033s (30.000 fps)
[07/29/24 21:01:56] crowsnest:		Size: Discrete 480x270
[07/29/24 21:01:56] crowsnest:		Interval: Discrete 0.033s (30.000 fps)
[07/29/24 21:01:56] crowsnest:		Size: Discrete 320x240
[07/29/24 21:01:56] crowsnest:		Interval: Discrete 0.033s (30.000 fps)
[07/29/24 21:01:56] crowsnest:		Size: Discrete 176x144
[07/29/24 21:01:56] crowsnest:		Interval: Discrete 0.033s (30.000 fps)
[07/29/24 21:01:56] crowsnest: Supported Controls:
[07/29/24 21:01:56] crowsnest:		
[07/29/24 21:01:56] crowsnest:		User Controls
[07/29/24 21:01:56] crowsnest:		
[07/29/24 21:01:56] crowsnest:		brightness 0x00980900 (int)    : min=1 max=255 step=1 default=16 value=16
[07/29/24 21:01:56] crowsnest: Try to start configured Cams / Services...
[07/29/24 21:01:59] crowsnest: ERROR: Parameter max_fps not found in Section [cam 1].
[07/29/24 21:01:59] crowsnest: ERROR: Please check your configuration!
[07/29/24 21:03:17] crowsnest: crowsnest - A webcam Service for multiple Cams and Stream Services.
[07/29/24 21:03:17] crowsnest: Version: v4.1.9-1-gd75a3ae
[07/29/24 21:03:17] crowsnest: Prepare Startup ...
[07/29/24 21:03:17] crowsnest: INFO: Host information:
[07/29/24 21:03:17] crowsnest: Host Info: Distribution: Debian GNU/Linux 11 (bullseye)
[07/29/24 21:03:17] crowsnest: Host Info: Kernel: Linux 5.16.17-sun50iw6 aarch64
[07/29/24 21:03:17] crowsnest: Host Info: Available CPU Cores: 4
[07/29/24 21:03:17] crowsnest: Host Info: Available Memory: 2032516 kB
[07/29/24 21:03:17] crowsnest: Host Info: Diskspace (avail. / total): 1.5G / 7.0G
[07/29/24 21:03:17] crowsnest: INFO: Checking Dependencies
[07/29/24 21:03:17] crowsnest: Dependency: 'crudini' found in /usr/bin/crudini.
[07/29/24 21:03:17] crowsnest: Dependency: 'find' found in /usr/bin/find.
[07/29/24 21:03:17] crowsnest: Dependency: 'xargs' found in /usr/bin/xargs.
[07/29/24 21:03:17] crowsnest: Dependency: 'ustreamer' found in bin/ustreamer/src/ustreamer.bin.
[07/29/24 21:03:17] crowsnest: Version Control: ustreamer is up to date. (v6.10)
[07/29/24 21:03:17] crowsnest: INFO: Print Configfile: '/home/kkobold/printer_data/config/crowsnest.conf'
[07/29/24 21:03:17] crowsnest:		[crowsnest]
[07/29/24 21:03:17] crowsnest:		log_path: /home/kkobold/printer_data/logs/crowsnest.log
[07/29/24 21:03:17] crowsnest:		log_level: verbose
[07/29/24 21:03:17] crowsnest:		delete_log: false
[07/29/24 21:03:17] crowsnest:		no_proxy: true
[07/29/24 21:03:17] crowsnest:		
[07/29/24 21:03:17] crowsnest:		[cam 1]
[07/29/24 21:03:17] crowsnest:		mode: ustreamer
[07/29/24 21:03:17] crowsnest:		
[07/29/24 21:03:17] crowsnest:		enable_rtsp: false
[07/29/24 21:03:17] crowsnest:		rtsp_port: 8554
[07/29/24 21:03:17] crowsnest:		port: 8080
[07/29/24 21:03:17] crowsnest:		device: /dev/video1
[07/29/24 21:03:17] crowsnest:		resolution: 640x480
[07/29/24 21:03:17] crowsnest:		max_fps: 15
[07/29/24 21:03:17] crowsnest: INFO: Detect available Devices
[07/29/24 21:03:17] crowsnest: INFO: Found 1 total available Device(s)
[07/29/24 21:03:17] crowsnest: INFO: Found 1 available v4l2 (UVC) camera(s)
[07/29/24 21:03:17] crowsnest: /dev/v4l/by-id/usb-GENERAL_GENERAL_WEBCAM_JH0918_20210304_v012-video-index0 -> /dev/video1
[07/29/24 21:03:17] crowsnest: Supported Formats:
[07/29/24 21:03:17] crowsnest:		[0]: 'MJPG' (Motion-JPEG, compressed)
[07/29/24 21:03:17] crowsnest:		Size: Discrete 1920x1080
[07/29/24 21:03:17] crowsnest:		Interval: Discrete 0.033s (30.000 fps)
[07/29/24 21:03:17] crowsnest:		Interval: Discrete 0.033s (30.000 fps)
[07/29/24 21:03:17] crowsnest:		Size: Discrete 1280x720
[07/29/24 21:03:17] crowsnest:		Interval: Discrete 0.033s (30.000 fps)
[07/29/24 21:03:17] crowsnest:		Interval: Discrete 0.033s (30.000 fps)
[07/29/24 21:03:17] crowsnest:		Interval: Discrete 0.033s (30.000 fps)
[07/29/24 21:03:17] crowsnest:		Interval: Discrete 0.033s (30.000 fps)
[07/29/24 21:03:17] crowsnest:		Size: Discrete 640x480
[07/29/24 21:03:17] crowsnest:		Interval: Discrete 0.033s (30.000 fps)
[07/29/24 21:03:17] crowsnest:		Size: Discrete 1920x1080
[07/29/24 21:03:17] crowsnest:		Interval: Discrete 0.033s (30.000 fps)
[07/29/24 21:03:17] crowsnest:		Interval: Discrete 0.033s (30.000 fps)
[07/29/24 21:03:17] crowsnest:		Size: Discrete 1280x720
[07/29/24 21:03:17] crowsnest:		Interval: Discrete 0.033s (30.000 fps)
[07/29/24 21:03:17] crowsnest:		Interval: Discrete 0.033s (30.000 fps)
[07/29/24 21:03:17] crowsnest:		Interval: Discrete 0.033s (30.000 fps)
[07/29/24 21:03:17] crowsnest:		Interval: Discrete 0.033s (30.000 fps)
[07/29/24 21:03:17] crowsnest:		[1]: 'YUYV' (YUYV 4:2:2)
[07/29/24 21:03:17] crowsnest:		Size: Discrete 640x480
[07/29/24 21:03:17] crowsnest:		Interval: Discrete 0.033s (30.000 fps)
[07/29/24 21:03:17] crowsnest:		Size: Discrete 640x360
[07/29/24 21:03:17] crowsnest:		Interval: Discrete 0.033s (30.000 fps)
[07/29/24 21:03:17] crowsnest:		Size: Discrete 480x270
[07/29/24 21:03:17] crowsnest:		Interval: Discrete 0.033s (30.000 fps)
[07/29/24 21:03:17] crowsnest:		Size: Discrete 320x240
[07/29/24 21:03:17] crowsnest:		Interval: Discrete 0.033s (30.000 fps)
[07/29/24 21:03:17] crowsnest:		Size: Discrete 176x144
[07/29/24 21:03:17] crowsnest:		Interval: Discrete 0.033s (30.000 fps)
[07/29/24 21:03:17] crowsnest: Supported Controls:
[07/29/24 21:03:17] crowsnest:		
[07/29/24 21:03:17] crowsnest:		User Controls
[07/29/24 21:03:17] crowsnest:		
[07/29/24 21:03:17] crowsnest:		brightness 0x00980900 (int)    : min=1 max=255 step=1 default=16 value=16
[07/29/24 21:03:17] crowsnest: Try to start configured Cams / Services...
[07/29/24 21:03:19] crowsnest: INFO: Configuration of Section [cam 1] looks good. Continue ...
[07/29/24 21:03:20] crowsnest: V4L2 Control: No parameters set for [cam 1]. Skipped.
[07/29/24 21:03:22] crowsnest: INFO: Set to 'no_proxy' mode! Using 0.0.0.0 !
[07/29/24 21:03:22] crowsnest: Starting ustreamer with Device /dev/video1 ...
[07/29/24 21:03:24] crowsnest:  ... Done!
[07/29/24 21:03:49] crowsnest: crowsnest - A webcam Service for multiple Cams and Stream Services.
[07/29/24 21:03:49] crowsnest: Version: v4.1.9-1-gd75a3ae
[07/29/24 21:03:49] crowsnest: Prepare Startup ...
[07/29/24 21:03:49] crowsnest: INFO: Host information:
[07/29/24 21:03:49] crowsnest: Host Info: Distribution: Debian GNU/Linux 11 (bullseye)
[07/29/24 21:03:49] crowsnest: Host Info: Kernel: Linux 5.16.17-sun50iw6 aarch64
[07/29/24 21:03:49] crowsnest: Host Info: Available CPU Cores: 4
[07/29/24 21:03:49] crowsnest: Host Info: Available Memory: 2032516 kB
[07/29/24 21:03:49] crowsnest: Host Info: Diskspace (avail. / total): 1.5G / 7.0G
[07/29/24 21:03:49] crowsnest: INFO: Checking Dependencies
[07/29/24 21:03:49] crowsnest: Dependency: 'crudini' found in /usr/bin/crudini.
[07/29/24 21:03:49] crowsnest: Dependency: 'find' found in /usr/bin/find.
[07/29/24 21:03:49] crowsnest: Dependency: 'xargs' found in /usr/bin/xargs.
[07/29/24 21:03:49] crowsnest: Dependency: 'ustreamer' found in bin/ustreamer/src/ustreamer.bin.
[07/29/24 21:03:49] crowsnest: Version Control: ustreamer is up to date. (v6.10)
[07/29/24 21:03:49] crowsnest: INFO: Print Configfile: '/home/kkobold/printer_data/config/crowsnest.conf'
[07/29/24 21:03:49] crowsnest:		[crowsnest]
[07/29/24 21:03:49] crowsnest:		log_path: /home/kkobold/printer_data/logs/crowsnest.log
[07/29/24 21:03:49] crowsnest:		log_level: verbose
[07/29/24 21:03:49] crowsnest:		delete_log: false
[07/29/24 21:03:49] crowsnest:		no_proxy: true
[07/29/24 21:03:49] crowsnest:		
[07/29/24 21:03:49] crowsnest:		[cam 1]
[07/29/24 21:03:49] crowsnest:		mode: ustreamer
[07/29/24 21:03:49] crowsnest:		
[07/29/24 21:03:49] crowsnest:		enable_rtsp: false
[07/29/24 21:03:49] crowsnest:		rtsp_port: 8554
[07/29/24 21:03:49] crowsnest:		port: 8080
[07/29/24 21:03:49] crowsnest:		device: /dev/video1
[07/29/24 21:03:49] crowsnest:		resolution: 640x480
[07/29/24 21:03:49] crowsnest: INFO: Detect available Devices
[07/29/24 21:03:49] crowsnest: INFO: Found 1 total available Device(s)
[07/29/24 21:03:49] crowsnest: INFO: Found 1 available v4l2 (UVC) camera(s)
[07/29/24 21:03:49] crowsnest: /dev/v4l/by-id/usb-GENERAL_GENERAL_WEBCAM_JH0918_20210304_v012-video-index0 -> /dev/video1
[07/29/24 21:03:49] crowsnest: Supported Formats:
[07/29/24 21:03:49] crowsnest:		[0]: 'MJPG' (Motion-JPEG, compressed)
[07/29/24 21:03:49] crowsnest:		Size: Discrete 1920x1080
[07/29/24 21:03:49] crowsnest:		Interval: Discrete 0.033s (30.000 fps)
[07/29/24 21:03:49] crowsnest:		Interval: Discrete 0.033s (30.000 fps)
[07/29/24 21:03:49] crowsnest:		Size: Discrete 1280x720
[07/29/24 21:03:49] crowsnest:		Interval: Discrete 0.033s (30.000 fps)
[07/29/24 21:03:49] crowsnest:		Interval: Discrete 0.033s (30.000 fps)
[07/29/24 21:03:49] crowsnest:		Interval: Discrete 0.033s (30.000 fps)
[07/29/24 21:03:49] crowsnest:		Interval: Discrete 0.033s (30.000 fps)
[07/29/24 21:03:49] crowsnest:		Size: Discrete 640x480
[07/29/24 21:03:49] crowsnest:		Interval: Discrete 0.033s (30.000 fps)
[07/29/24 21:03:49] crowsnest:		Size: Discrete 1920x1080
[07/29/24 21:03:49] crowsnest:		Interval: Discrete 0.033s (30.000 fps)
[07/29/24 21:03:49] crowsnest:		Interval: Discrete 0.033s (30.000 fps)
[07/29/24 21:03:49] crowsnest:		Size: Discrete 1280x720
[07/29/24 21:03:49] crowsnest:		Interval: Discrete 0.033s (30.000 fps)
[07/29/24 21:03:49] crowsnest:		Interval: Discrete 0.033s (30.000 fps)
[07/29/24 21:03:49] crowsnest:		Interval: Discrete 0.033s (30.000 fps)
[07/29/24 21:03:49] crowsnest:		Interval: Discrete 0.033s (30.000 fps)
[07/29/24 21:03:49] crowsnest:		[1]: 'YUYV' (YUYV 4:2:2)
[07/29/24 21:03:49] crowsnest:		Size: Discrete 640x480
[07/29/24 21:03:49] crowsnest:		Interval: Discrete 0.033s (30.000 fps)
[07/29/24 21:03:49] crowsnest:		Size: Discrete 640x360
[07/29/24 21:03:49] crowsnest:		Interval: Discrete 0.033s (30.000 fps)
[07/29/24 21:03:49] crowsnest:		Size: Discrete 480x270
[07/29/24 21:03:49] crowsnest:		Interval: Discrete 0.033s (30.000 fps)
[07/29/24 21:03:49] crowsnest:		Size: Discrete 320x240
[07/29/24 21:03:49] crowsnest:		Interval: Discrete 0.033s (30.000 fps)
[07/29/24 21:03:49] crowsnest:		Size: Discrete 176x144
[07/29/24 21:03:49] crowsnest:		Interval: Discrete 0.033s (30.000 fps)
[07/29/24 21:03:49] crowsnest: Supported Controls:
[07/29/24 21:03:49] crowsnest:		
[07/29/24 21:03:49] crowsnest:		User Controls
[07/29/24 21:03:49] crowsnest:		
[07/29/24 21:03:49] crowsnest:		brightness 0x00980900 (int)    : min=1 max=255 step=1 default=16 value=16
[07/29/24 21:03:49] crowsnest: Try to start configured Cams / Services...
[07/29/24 21:03:51] crowsnest: ERROR: Parameter max_fps not found in Section [cam 1].
[07/29/24 21:03:51] crowsnest: ERROR: Please check your configuration!
[07/29/24 21:03:57] crowsnest: crowsnest - A webcam Service for multiple Cams and Stream Services.
[07/29/24 21:03:57] crowsnest: Version: v4.1.9-1-gd75a3ae
[07/29/24 21:03:57] crowsnest: Prepare Startup ...
[07/29/24 21:03:57] crowsnest: INFO: Host information:
[07/29/24 21:03:57] crowsnest: Host Info: Distribution: Debian GNU/Linux 11 (bullseye)
[07/29/24 21:03:57] crowsnest: Host Info: Kernel: Linux 5.16.17-sun50iw6 aarch64
[07/29/24 21:03:57] crowsnest: Host Info: Available CPU Cores: 4
[07/29/24 21:03:57] crowsnest: Host Info: Available Memory: 2032516 kB
[07/29/24 21:03:57] crowsnest: Host Info: Diskspace (avail. / total): 1.5G / 7.0G
[07/29/24 21:03:57] crowsnest: INFO: Checking Dependencies
[07/29/24 21:03:57] crowsnest: Dependency: 'crudini' found in /usr/bin/crudini.
[07/29/24 21:03:57] crowsnest: Dependency: 'find' found in /usr/bin/find.
[07/29/24 21:03:57] crowsnest: Dependency: 'xargs' found in /usr/bin/xargs.
[07/29/24 21:03:57] crowsnest: Dependency: 'ustreamer' found in bin/ustreamer/src/ustreamer.bin.
[07/29/24 21:03:57] crowsnest: Version Control: ustreamer is up to date. (v6.10)
[07/29/24 21:03:57] crowsnest: INFO: Print Configfile: '/home/kkobold/printer_data/config/crowsnest.conf'
[07/29/24 21:03:57] crowsnest:		[crowsnest]
[07/29/24 21:03:57] crowsnest:		log_path: /home/kkobold/printer_data/logs/crowsnest.log
[07/29/24 21:03:57] crowsnest:		log_level: verbose
[07/29/24 21:03:57] crowsnest:		delete_log: false
[07/29/24 21:03:57] crowsnest:		no_proxy: true
[07/29/24 21:03:57] crowsnest:		
[07/29/24 21:03:57] crowsnest:		[cam 1]
[07/29/24 21:03:57] crowsnest:		mode: ustreamer
[07/29/24 21:03:57] crowsnest:		
[07/29/24 21:03:57] crowsnest:		enable_rtsp: false
[07/29/24 21:03:57] crowsnest:		rtsp_port: 8554
[07/29/24 21:03:57] crowsnest:		port: 8080
[07/29/24 21:03:57] crowsnest:		device: /dev/video1
[07/29/24 21:03:57] crowsnest:		resolution: 640x480
[07/29/24 21:03:57] crowsnest: INFO: Detect available Devices
[07/29/24 21:03:58] crowsnest: INFO: Found 1 total available Device(s)
[07/29/24 21:03:58] crowsnest: INFO: Found 1 available v4l2 (UVC) camera(s)
[07/29/24 21:03:58] crowsnest: /dev/v4l/by-id/usb-GENERAL_GENERAL_WEBCAM_JH0918_20210304_v012-video-index0 -> /dev/video1
[07/29/24 21:03:58] crowsnest: Supported Formats:
[07/29/24 21:03:58] crowsnest:		[0]: 'MJPG' (Motion-JPEG, compressed)
[07/29/24 21:03:58] crowsnest:		Size: Discrete 1920x1080
[07/29/24 21:03:58] crowsnest:		Interval: Discrete 0.033s (30.000 fps)
[07/29/24 21:03:58] crowsnest:		Interval: Discrete 0.033s (30.000 fps)
[07/29/24 21:03:58] crowsnest:		Size: Discrete 1280x720
[07/29/24 21:03:58] crowsnest:		Interval: Discrete 0.033s (30.000 fps)
[07/29/24 21:03:58] crowsnest:		Interval: Discrete 0.033s (30.000 fps)
[07/29/24 21:03:58] crowsnest:		Interval: Discrete 0.033s (30.000 fps)
[07/29/24 21:03:58] crowsnest:		Interval: Discrete 0.033s (30.000 fps)
[07/29/24 21:03:58] crowsnest:		Size: Discrete 640x480
[07/29/24 21:03:58] crowsnest:		Interval: Discrete 0.033s (30.000 fps)
[07/29/24 21:03:58] crowsnest:		Size: Discrete 1920x1080
[07/29/24 21:03:58] crowsnest:		Interval: Discrete 0.033s (30.000 fps)
[07/29/24 21:03:58] crowsnest:		Interval: Discrete 0.033s (30.000 fps)
[07/29/24 21:03:58] crowsnest:		Size: Discrete 1280x720
[07/29/24 21:03:58] crowsnest:		Interval: Discrete 0.033s (30.000 fps)
[07/29/24 21:03:58] crowsnest:		Interval: Discrete 0.033s (30.000 fps)
[07/29/24 21:03:58] crowsnest:		Interval: Discrete 0.033s (30.000 fps)
[07/29/24 21:03:58] crowsnest:		Interval: Discrete 0.033s (30.000 fps)
[07/29/24 21:03:58] crowsnest:		[1]: 'YUYV' (YUYV 4:2:2)
[07/29/24 21:03:58] crowsnest:		Size: Discrete 640x480
[07/29/24 21:03:58] crowsnest:		Interval: Discrete 0.033s (30.000 fps)
[07/29/24 21:03:58] crowsnest:		Size: Discrete 640x360
[07/29/24 21:03:58] crowsnest:		Interval: Discrete 0.033s (30.000 fps)
[07/29/24 21:03:58] crowsnest:		Size: Discrete 480x270
[07/29/24 21:03:58] crowsnest:		Interval: Discrete 0.033s (30.000 fps)
[07/29/24 21:03:58] crowsnest:		Size: Discrete 320x240
[07/29/24 21:03:58] crowsnest:		Interval: Discrete 0.033s (30.000 fps)
[07/29/24 21:03:58] crowsnest:		Size: Discrete 176x144
[07/29/24 21:03:58] crowsnest:		Interval: Discrete 0.033s (30.000 fps)
[07/29/24 21:03:58] crowsnest: Supported Controls:
[07/29/24 21:03:58] crowsnest:		
[07/29/24 21:03:58] crowsnest:		User Controls
[07/29/24 21:03:58] crowsnest:		
[07/29/24 21:03:58] crowsnest:		brightness 0x00980900 (int)    : min=1 max=255 step=1 default=16 value=16
[07/29/24 21:03:58] crowsnest: Try to start configured Cams / Services...
[07/29/24 21:04:00] crowsnest: ERROR: Parameter max_fps not found in Section [cam 1].
[07/29/24 21:04:00] crowsnest: ERROR: Please check your configuration!
[07/29/24 21:04:06] crowsnest: crowsnest - A webcam Service for multiple Cams and Stream Services.
[07/29/24 21:04:06] crowsnest: Version: v4.1.9-1-gd75a3ae
[07/29/24 21:04:06] crowsnest: Prepare Startup ...
[07/29/24 21:04:06] crowsnest: INFO: Host information:
[07/29/24 21:04:06] crowsnest: Host Info: Distribution: Debian GNU/Linux 11 (bullseye)
[07/29/24 21:04:06] crowsnest: Host Info: Kernel: Linux 5.16.17-sun50iw6 aarch64
[07/29/24 21:04:06] crowsnest: Host Info: Available CPU Cores: 4
[07/29/24 21:04:06] crowsnest: Host Info: Available Memory: 2032516 kB
[07/29/24 21:04:06] crowsnest: Host Info: Diskspace (avail. / total): 1.5G / 7.0G
[07/29/24 21:04:06] crowsnest: INFO: Checking Dependencies
[07/29/24 21:04:06] crowsnest: Dependency: 'crudini' found in /usr/bin/crudini.
[07/29/24 21:04:06] crowsnest: Dependency: 'find' found in /usr/bin/find.
[07/29/24 21:04:06] crowsnest: Dependency: 'xargs' found in /usr/bin/xargs.
[07/29/24 21:04:06] crowsnest: Dependency: 'ustreamer' found in bin/ustreamer/src/ustreamer.bin.
[07/29/24 21:04:06] crowsnest: Version Control: ustreamer is up to date. (v6.10)
[07/29/24 21:04:06] crowsnest: INFO: Print Configfile: '/home/kkobold/printer_data/config/crowsnest.conf'
[07/29/24 21:04:06] crowsnest:		[crowsnest]
[07/29/24 21:04:06] crowsnest:		log_path: /home/kkobold/printer_data/logs/crowsnest.log
[07/29/24 21:04:06] crowsnest:		log_level: verbose
[07/29/24 21:04:06] crowsnest:		delete_log: false
[07/29/24 21:04:06] crowsnest:		no_proxy: true
[07/29/24 21:04:06] crowsnest:		
[07/29/24 21:04:06] crowsnest:		[cam 1]
[07/29/24 21:04:06] crowsnest:		mode: ustreamer
[07/29/24 21:04:06] crowsnest:		
[07/29/24 21:04:06] crowsnest:		enable_rtsp: false
[07/29/24 21:04:06] crowsnest:		rtsp_port: 8554
[07/29/24 21:04:06] crowsnest:		port: 8080
[07/29/24 21:04:06] crowsnest:		device: /dev/video1
[07/29/24 21:04:06] crowsnest:		resolution: 640x480
[07/29/24 21:04:06] crowsnest: INFO: Detect available Devices
[07/29/24 21:04:06] crowsnest: INFO: Found 1 total available Device(s)
[07/29/24 21:04:06] crowsnest: INFO: Found 1 available v4l2 (UVC) camera(s)
[07/29/24 21:04:06] crowsnest: /dev/v4l/by-id/usb-GENERAL_GENERAL_WEBCAM_JH0918_20210304_v012-video-index0 -> /dev/video1
[07/29/24 21:04:06] crowsnest: Supported Formats:
[07/29/24 21:04:06] crowsnest:		[0]: 'MJPG' (Motion-JPEG, compressed)
[07/29/24 21:04:06] crowsnest:		Size: Discrete 1920x1080
[07/29/24 21:04:06] crowsnest:		Interval: Discrete 0.033s (30.000 fps)
[07/29/24 21:04:06] crowsnest:		Interval: Discrete 0.033s (30.000 fps)
[07/29/24 21:04:06] crowsnest:		Size: Discrete 1280x720
[07/29/24 21:04:06] crowsnest:		Interval: Discrete 0.033s (30.000 fps)
[07/29/24 21:04:06] crowsnest:		Interval: Discrete 0.033s (30.000 fps)
[07/29/24 21:04:06] crowsnest:		Interval: Discrete 0.033s (30.000 fps)
[07/29/24 21:04:06] crowsnest:		Interval: Discrete 0.033s (30.000 fps)
[07/29/24 21:04:06] crowsnest:		Size: Discrete 640x480
[07/29/24 21:04:06] crowsnest:		Interval: Discrete 0.033s (30.000 fps)
[07/29/24 21:04:06] crowsnest:		Size: Discrete 1920x1080
[07/29/24 21:04:06] crowsnest:		Interval: Discrete 0.033s (30.000 fps)
[07/29/24 21:04:06] crowsnest:		Interval: Discrete 0.033s (30.000 fps)
[07/29/24 21:04:06] crowsnest:		Size: Discrete 1280x720
[07/29/24 21:04:06] crowsnest:		Interval: Discrete 0.033s (30.000 fps)
[07/29/24 21:04:06] crowsnest:		Interval: Discrete 0.033s (30.000 fps)
[07/29/24 21:04:06] crowsnest:		Interval: Discrete 0.033s (30.000 fps)
[07/29/24 21:04:06] crowsnest:		Interval: Discrete 0.033s (30.000 fps)
[07/29/24 21:04:06] crowsnest:		[1]: 'YUYV' (YUYV 4:2:2)
[07/29/24 21:04:06] crowsnest:		Size: Discrete 640x480
[07/29/24 21:04:06] crowsnest:		Interval: Discrete 0.033s (30.000 fps)
[07/29/24 21:04:06] crowsnest:		Size: Discrete 640x360
[07/29/24 21:04:06] crowsnest:		Interval: Discrete 0.033s (30.000 fps)
[07/29/24 21:04:06] crowsnest:		Size: Discrete 480x270
[07/29/24 21:04:06] crowsnest:		Interval: Discrete 0.033s (30.000 fps)
[07/29/24 21:04:06] crowsnest:		Size: Discrete 320x240
[07/29/24 21:04:06] crowsnest:		Interval: Discrete 0.033s (30.000 fps)
[07/29/24 21:04:06] crowsnest:		Size: Discrete 176x144
[07/29/24 21:04:06] crowsnest:		Interval: Discrete 0.033s (30.000 fps)
[07/29/24 21:04:07] crowsnest: Supported Controls:
[07/29/24 21:04:07] crowsnest:		
[07/29/24 21:04:07] crowsnest:		User Controls
[07/29/24 21:04:07] crowsnest:		
[07/29/24 21:04:07] crowsnest:		brightness 0x00980900 (int)    : min=1 max=255 step=1 default=16 value=16
[07/29/24 21:04:07] crowsnest: Try to start configured Cams / Services...
[07/29/24 21:04:09] crowsnest: ERROR: Parameter max_fps not found in Section [cam 1].
[07/29/24 21:04:09] crowsnest: ERROR: Please check your configuration!
[07/29/24 21:04:15] crowsnest: crowsnest - A webcam Service for multiple Cams and Stream Services.
[07/29/24 21:04:15] crowsnest: Version: v4.1.9-1-gd75a3ae
[07/29/24 21:04:15] crowsnest: Prepare Startup ...
[07/29/24 21:04:15] crowsnest: INFO: Host information:
[07/29/24 21:04:15] crowsnest: Host Info: Distribution: Debian GNU/Linux 11 (bullseye)
[07/29/24 21:04:15] crowsnest: Host Info: Kernel: Linux 5.16.17-sun50iw6 aarch64
[07/29/24 21:04:15] crowsnest: Host Info: Available CPU Cores: 4
[07/29/24 21:04:15] crowsnest: Host Info: Available Memory: 2032516 kB
[07/29/24 21:04:15] crowsnest: Host Info: Diskspace (avail. / total): 1.5G / 7.0G
[07/29/24 21:04:15] crowsnest: INFO: Checking Dependencies
[07/29/24 21:04:15] crowsnest: Dependency: 'crudini' found in /usr/bin/crudini.
[07/29/24 21:04:15] crowsnest: Dependency: 'find' found in /usr/bin/find.
[07/29/24 21:04:15] crowsnest: Dependency: 'xargs' found in /usr/bin/xargs.
[07/29/24 21:04:15] crowsnest: Dependency: 'ustreamer' found in bin/ustreamer/src/ustreamer.bin.
[07/29/24 21:04:15] crowsnest: Version Control: ustreamer is up to date. (v6.10)
[07/29/24 21:04:15] crowsnest: INFO: Print Configfile: '/home/kkobold/printer_data/config/crowsnest.conf'
[07/29/24 21:04:15] crowsnest:		[crowsnest]
[07/29/24 21:04:15] crowsnest:		log_path: /home/kkobold/printer_data/logs/crowsnest.log
[07/29/24 21:04:15] crowsnest:		log_level: verbose
[07/29/24 21:04:15] crowsnest:		delete_log: false
[07/29/24 21:04:15] crowsnest:		no_proxy: true
[07/29/24 21:04:15] crowsnest:		
[07/29/24 21:04:15] crowsnest:		[cam 1]
[07/29/24 21:04:15] crowsnest:		mode: ustreamer
[07/29/24 21:04:15] crowsnest:		
[07/29/24 21:04:15] crowsnest:		enable_rtsp: false
[07/29/24 21:04:15] crowsnest:		rtsp_port: 8554
[07/29/24 21:04:15] crowsnest:		port: 8080
[07/29/24 21:04:15] crowsnest:		device: /dev/video1
[07/29/24 21:04:15] crowsnest:		resolution: 640x480
[07/29/24 21:04:15] crowsnest: INFO: Detect available Devices
[07/29/24 21:04:15] crowsnest: INFO: Found 1 total available Device(s)
[07/29/24 21:04:15] crowsnest: INFO: Found 1 available v4l2 (UVC) camera(s)
[07/29/24 21:04:15] crowsnest: /dev/v4l/by-id/usb-GENERAL_GENERAL_WEBCAM_JH0918_20210304_v012-video-index0 -> /dev/video1
[07/29/24 21:04:15] crowsnest: Supported Formats:
[07/29/24 21:04:15] crowsnest:		[0]: 'MJPG' (Motion-JPEG, compressed)
[07/29/24 21:04:15] crowsnest:		Size: Discrete 1920x1080
[07/29/24 21:04:15] crowsnest:		Interval: Discrete 0.033s (30.000 fps)
[07/29/24 21:04:15] crowsnest:		Interval: Discrete 0.033s (30.000 fps)
[07/29/24 21:04:15] crowsnest:		Size: Discrete 1280x720
[07/29/24 21:04:15] crowsnest:		Interval: Discrete 0.033s (30.000 fps)
[07/29/24 21:04:15] crowsnest:		Interval: Discrete 0.033s (30.000 fps)
[07/29/24 21:04:15] crowsnest:		Interval: Discrete 0.033s (30.000 fps)
[07/29/24 21:04:15] crowsnest:		Interval: Discrete 0.033s (30.000 fps)
[07/29/24 21:04:15] crowsnest:		Size: Discrete 640x480
[07/29/24 21:04:15] crowsnest:		Interval: Discrete 0.033s (30.000 fps)
[07/29/24 21:04:15] crowsnest:		Size: Discrete 1920x1080
[07/29/24 21:04:15] crowsnest:		Interval: Discrete 0.033s (30.000 fps)
[07/29/24 21:04:15] crowsnest:		Interval: Discrete 0.033s (30.000 fps)
[07/29/24 21:04:15] crowsnest:		Size: Discrete 1280x720
[07/29/24 21:04:15] crowsnest:		Interval: Discrete 0.033s (30.000 fps)
[07/29/24 21:04:15] crowsnest:		Interval: Discrete 0.033s (30.000 fps)
[07/29/24 21:04:15] crowsnest:		Interval: Discrete 0.033s (30.000 fps)
[07/29/24 21:04:15] crowsnest:		Interval: Discrete 0.033s (30.000 fps)
[07/29/24 21:04:15] crowsnest:		[1]: 'YUYV' (YUYV 4:2:2)
[07/29/24 21:04:15] crowsnest:		Size: Discrete 640x480
[07/29/24 21:04:15] crowsnest:		Interval: Discrete 0.033s (30.000 fps)
[07/29/24 21:04:15] crowsnest:		Size: Discrete 640x360
[07/29/24 21:04:15] crowsnest:		Interval: Discrete 0.033s (30.000 fps)
[07/29/24 21:04:15] crowsnest:		Size: Discrete 480x270
[07/29/24 21:04:15] crowsnest:		Interval: Discrete 0.033s (30.000 fps)
[07/29/24 21:04:15] crowsnest:		Size: Discrete 320x240
[07/29/24 21:04:15] crowsnest:		Interval: Discrete 0.033s (30.000 fps)
[07/29/24 21:04:15] crowsnest:		Size: Discrete 176x144
[07/29/24 21:04:15] crowsnest:		Interval: Discrete 0.033s (30.000 fps)
[07/29/24 21:04:15] crowsnest: Supported Controls:
[07/29/24 21:04:15] crowsnest:		
[07/29/24 21:04:15] crowsnest:		User Controls
[07/29/24 21:04:15] crowsnest:		
[07/29/24 21:04:15] crowsnest:		brightness 0x00980900 (int)    : min=1 max=255 step=1 default=16 value=16
[07/29/24 21:04:15] crowsnest: Try to start configured Cams / Services...
[07/29/24 21:04:17] crowsnest: ERROR: Parameter max_fps not found in Section [cam 1].
[07/29/24 21:04:17] crowsnest: ERROR: Please check your configuration!
[07/29/24 21:04:24] crowsnest: crowsnest - A webcam Service for multiple Cams and Stream Services.
[07/29/24 21:04:24] crowsnest: Version: v4.1.9-1-gd75a3ae
[07/29/24 21:04:24] crowsnest: Prepare Startup ...
[07/29/24 21:04:24] crowsnest: INFO: Host information:
[07/29/24 21:04:24] crowsnest: Host Info: Distribution: Debian GNU/Linux 11 (bullseye)
[07/29/24 21:04:24] crowsnest: Host Info: Kernel: Linux 5.16.17-sun50iw6 aarch64
[07/29/24 21:04:24] crowsnest: Host Info: Available CPU Cores: 4
[07/29/24 21:04:24] crowsnest: Host Info: Available Memory: 2032516 kB
[07/29/24 21:04:24] crowsnest: Host Info: Diskspace (avail. / total): 1.5G / 7.0G
[07/29/24 21:04:24] crowsnest: INFO: Checking Dependencies
[07/29/24 21:04:24] crowsnest: Dependency: 'crudini' found in /usr/bin/crudini.
[07/29/24 21:04:24] crowsnest: Dependency: 'find' found in /usr/bin/find.
[07/29/24 21:04:24] crowsnest: Dependency: 'xargs' found in /usr/bin/xargs.
[07/29/24 21:04:24] crowsnest: Dependency: 'ustreamer' found in bin/ustreamer/src/ustreamer.bin.
[07/29/24 21:04:24] crowsnest: Version Control: ustreamer is up to date. (v6.10)
[07/29/24 21:04:24] crowsnest: INFO: Print Configfile: '/home/kkobold/printer_data/config/crowsnest.conf'
[07/29/24 21:04:24] crowsnest:		[crowsnest]
[07/29/24 21:04:24] crowsnest:		log_path: /home/kkobold/printer_data/logs/crowsnest.log
[07/29/24 21:04:24] crowsnest:		log_level: verbose
[07/29/24 21:04:24] crowsnest:		delete_log: false
[07/29/24 21:04:24] crowsnest:		no_proxy: true
[07/29/24 21:04:24] crowsnest:		
[07/29/24 21:04:24] crowsnest:		[cam 1]
[07/29/24 21:04:24] crowsnest:		mode: ustreamer
[07/29/24 21:04:24] crowsnest:		
[07/29/24 21:04:24] crowsnest:		enable_rtsp: false
[07/29/24 21:04:24] crowsnest:		rtsp_port: 8554
[07/29/24 21:04:24] crowsnest:		port: 8080
[07/29/24 21:04:24] crowsnest:		device: /dev/video1
[07/29/24 21:04:24] crowsnest:		resolution: 640x480
[07/29/24 21:04:24] crowsnest: INFO: Detect available Devices
[07/29/24 21:04:24] crowsnest: INFO: Found 1 total available Device(s)
[07/29/24 21:04:24] crowsnest: INFO: Found 1 available v4l2 (UVC) camera(s)
[07/29/24 21:04:24] crowsnest: /dev/v4l/by-id/usb-GENERAL_GENERAL_WEBCAM_JH0918_20210304_v012-video-index0 -> /dev/video1
[07/29/24 21:04:24] crowsnest: Supported Formats:
[07/29/24 21:04:24] crowsnest:		[0]: 'MJPG' (Motion-JPEG, compressed)
[07/29/24 21:04:24] crowsnest:		Size: Discrete 1920x1080
[07/29/24 21:04:24] crowsnest:		Interval: Discrete 0.033s (30.000 fps)
[07/29/24 21:04:24] crowsnest:		Interval: Discrete 0.033s (30.000 fps)
[07/29/24 21:04:24] crowsnest:		Size: Discrete 1280x720
[07/29/24 21:04:24] crowsnest:		Interval: Discrete 0.033s (30.000 fps)
[07/29/24 21:04:24] crowsnest:		Interval: Discrete 0.033s (30.000 fps)
[07/29/24 21:04:24] crowsnest:		Interval: Discrete 0.033s (30.000 fps)
[07/29/24 21:04:24] crowsnest:		Interval: Discrete 0.033s (30.000 fps)
[07/29/24 21:04:24] crowsnest:		Size: Discrete 640x480
[07/29/24 21:04:24] crowsnest:		Interval: Discrete 0.033s (30.000 fps)
[07/29/24 21:04:24] crowsnest:		Size: Discrete 1920x1080
[07/29/24 21:04:24] crowsnest:		Interval: Discrete 0.033s (30.000 fps)
[07/29/24 21:04:24] crowsnest:		Interval: Discrete 0.033s (30.000 fps)
[07/29/24 21:04:24] crowsnest:		Size: Discrete 1280x720
[07/29/24 21:04:24] crowsnest:		Interval: Discrete 0.033s (30.000 fps)
[07/29/24 21:04:24] crowsnest:		Interval: Discrete 0.033s (30.000 fps)
[07/29/24 21:04:24] crowsnest:		Interval: Discrete 0.033s (30.000 fps)
[07/29/24 21:04:24] crowsnest:		Interval: Discrete 0.033s (30.000 fps)
[07/29/24 21:04:24] crowsnest:		[1]: 'YUYV' (YUYV 4:2:2)
[07/29/24 21:04:24] crowsnest:		Size: Discrete 640x480
[07/29/24 21:04:24] crowsnest:		Interval: Discrete 0.033s (30.000 fps)
[07/29/24 21:04:24] crowsnest:		Size: Discrete 640x360
[07/29/24 21:04:24] crowsnest:		Interval: Discrete 0.033s (30.000 fps)
[07/29/24 21:04:24] crowsnest:		Size: Discrete 480x270
[07/29/24 21:04:24] crowsnest:		Interval: Discrete 0.033s (30.000 fps)
[07/29/24 21:04:24] crowsnest:		Size: Discrete 320x240
[07/29/24 21:04:24] crowsnest:		Interval: Discrete 0.033s (30.000 fps)
[07/29/24 21:04:24] crowsnest:		Size: Discrete 176x144
[07/29/24 21:04:24] crowsnest:		Interval: Discrete 0.033s (30.000 fps)
[07/29/24 21:04:24] crowsnest: Supported Controls:
[07/29/24 21:04:24] crowsnest:		
[07/29/24 21:04:24] crowsnest:		User Controls
[07/29/24 21:04:24] crowsnest:		
[07/29/24 21:04:24] crowsnest:		brightness 0x00980900 (int)    : min=1 max=255 step=1 default=16 value=16
[07/29/24 21:04:24] crowsnest: Try to start configured Cams / Services...
[07/29/24 21:04:26] crowsnest: ERROR: Parameter max_fps not found in Section [cam 1].
[07/29/24 21:04:26] crowsnest: ERROR: Please check your configuration!
[07/29/24 21:04:32] crowsnest: crowsnest - A webcam Service for multiple Cams and Stream Services.
[07/29/24 21:04:32] crowsnest: Version: v4.1.9-1-gd75a3ae
[07/29/24 21:04:32] crowsnest: Prepare Startup ...
[07/29/24 21:04:32] crowsnest: INFO: Host information:
[07/29/24 21:04:32] crowsnest: Host Info: Distribution: Debian GNU/Linux 11 (bullseye)
[07/29/24 21:04:32] crowsnest: Host Info: Kernel: Linux 5.16.17-sun50iw6 aarch64
[07/29/24 21:04:32] crowsnest: Host Info: Available CPU Cores: 4
[07/29/24 21:04:32] crowsnest: Host Info: Available Memory: 2032516 kB
[07/29/24 21:04:32] crowsnest: Host Info: Diskspace (avail. / total): 1.5G / 7.0G
[07/29/24 21:04:32] crowsnest: INFO: Checking Dependencies
[07/29/24 21:04:32] crowsnest: Dependency: 'crudini' found in /usr/bin/crudini.
[07/29/24 21:04:32] crowsnest: Dependency: 'find' found in /usr/bin/find.
[07/29/24 21:04:32] crowsnest: Dependency: 'xargs' found in /usr/bin/xargs.
[07/29/24 21:04:32] crowsnest: Dependency: 'ustreamer' found in bin/ustreamer/src/ustreamer.bin.
[07/29/24 21:04:32] crowsnest: Version Control: ustreamer is up to date. (v6.10)
[07/29/24 21:04:32] crowsnest: INFO: Print Configfile: '/home/kkobold/printer_data/config/crowsnest.conf'
[07/29/24 21:04:32] crowsnest:		[crowsnest]
[07/29/24 21:04:32] crowsnest:		log_path: /home/kkobold/printer_data/logs/crowsnest.log
[07/29/24 21:04:32] crowsnest:		log_level: verbose
[07/29/24 21:04:32] crowsnest:		delete_log: false
[07/29/24 21:04:32] crowsnest:		no_proxy: true
[07/29/24 21:04:32] crowsnest:		
[07/29/24 21:04:32] crowsnest:		[cam 1]
[07/29/24 21:04:32] crowsnest:		mode: ustreamer
[07/29/24 21:04:32] crowsnest:		
[07/29/24 21:04:32] crowsnest:		enable_rtsp: false
[07/29/24 21:04:32] crowsnest:		rtsp_port: 8554
[07/29/24 21:04:32] crowsnest:		port: 8080
[07/29/24 21:04:32] crowsnest:		device: /dev/video1
[07/29/24 21:04:32] crowsnest:		resolution: 640x480
[07/29/24 21:04:33] crowsnest: INFO: Detect available Devices
[07/29/24 21:04:33] crowsnest: INFO: Found 1 total available Device(s)
[07/29/24 21:04:33] crowsnest: INFO: Found 1 available v4l2 (UVC) camera(s)
[07/29/24 21:04:33] crowsnest: /dev/v4l/by-id/usb-GENERAL_GENERAL_WEBCAM_JH0918_20210304_v012-video-index0 -> /dev/video1
[07/29/24 21:04:33] crowsnest: Supported Formats:
[07/29/24 21:04:33] crowsnest:		[0]: 'MJPG' (Motion-JPEG, compressed)
[07/29/24 21:04:33] crowsnest:		Size: Discrete 1920x1080
[07/29/24 21:04:33] crowsnest:		Interval: Discrete 0.033s (30.000 fps)
[07/29/24 21:04:33] crowsnest:		Interval: Discrete 0.033s (30.000 fps)
[07/29/24 21:04:33] crowsnest:		Size: Discrete 1280x720
[07/29/24 21:04:33] crowsnest:		Interval: Discrete 0.033s (30.000 fps)
[07/29/24 21:04:33] crowsnest:		Interval: Discrete 0.033s (30.000 fps)
[07/29/24 21:04:33] crowsnest:		Interval: Discrete 0.033s (30.000 fps)
[07/29/24 21:04:33] crowsnest:		Interval: Discrete 0.033s (30.000 fps)
[07/29/24 21:04:33] crowsnest:		Size: Discrete 640x480
[07/29/24 21:04:33] crowsnest:		Interval: Discrete 0.033s (30.000 fps)
[07/29/24 21:04:33] crowsnest:		Size: Discrete 1920x1080
[07/29/24 21:04:33] crowsnest:		Interval: Discrete 0.033s (30.000 fps)
[07/29/24 21:04:33] crowsnest:		Interval: Discrete 0.033s (30.000 fps)
[07/29/24 21:04:33] crowsnest:		Size: Discrete 1280x720
[07/29/24 21:04:33] crowsnest:		Interval: Discrete 0.033s (30.000 fps)
[07/29/24 21:04:33] crowsnest:		Interval: Discrete 0.033s (30.000 fps)
[07/29/24 21:04:33] crowsnest:		Interval: Discrete 0.033s (30.000 fps)
[07/29/24 21:04:33] crowsnest:		Interval: Discrete 0.033s (30.000 fps)
[07/29/24 21:04:33] crowsnest:		[1]: 'YUYV' (YUYV 4:2:2)
[07/29/24 21:04:33] crowsnest:		Size: Discrete 640x480
[07/29/24 21:04:33] crowsnest:		Interval: Discrete 0.033s (30.000 fps)
[07/29/24 21:04:33] crowsnest:		Size: Discrete 640x360
[07/29/24 21:04:33] crowsnest:		Interval: Discrete 0.033s (30.000 fps)
[07/29/24 21:04:33] crowsnest:		Size: Discrete 480x270
[07/29/24 21:04:33] crowsnest:		Interval: Discrete 0.033s (30.000 fps)
[07/29/24 21:04:33] crowsnest:		Size: Discrete 320x240
[07/29/24 21:04:33] crowsnest:		Interval: Discrete 0.033s (30.000 fps)
[07/29/24 21:04:33] crowsnest:		Size: Discrete 176x144
[07/29/24 21:04:33] crowsnest:		Interval: Discrete 0.033s (30.000 fps)
[07/29/24 21:04:33] crowsnest: Supported Controls:
[07/29/24 21:04:33] crowsnest:		
[07/29/24 21:04:33] crowsnest:		User Controls
[07/29/24 21:04:33] crowsnest:		
[07/29/24 21:04:33] crowsnest:		brightness 0x00980900 (int)    : min=1 max=255 step=1 default=16 value=16
[07/29/24 21:04:33] crowsnest: Try to start configured Cams / Services...
[07/29/24 21:04:35] crowsnest: ERROR: Parameter max_fps not found in Section [cam 1].
[07/29/24 21:04:35] crowsnest: ERROR: Please check your configuration!
[07/29/24 21:04:41] crowsnest: crowsnest - A webcam Service for multiple Cams and Stream Services.
[07/29/24 21:04:41] crowsnest: Version: v4.1.9-1-gd75a3ae
[07/29/24 21:04:41] crowsnest: Prepare Startup ...
[07/29/24 21:04:41] crowsnest: INFO: Host information:
[07/29/24 21:04:41] crowsnest: Host Info: Distribution: Debian GNU/Linux 11 (bullseye)
[07/29/24 21:04:41] crowsnest: Host Info: Kernel: Linux 5.16.17-sun50iw6 aarch64
[07/29/24 21:04:41] crowsnest: Host Info: Available CPU Cores: 4
[07/29/24 21:04:41] crowsnest: Host Info: Available Memory: 2032516 kB
[07/29/24 21:04:41] crowsnest: Host Info: Diskspace (avail. / total): 1.5G / 7.0G
[07/29/24 21:04:41] crowsnest: INFO: Checking Dependencies
[07/29/24 21:04:41] crowsnest: Dependency: 'crudini' found in /usr/bin/crudini.
[07/29/24 21:04:41] crowsnest: Dependency: 'find' found in /usr/bin/find.
[07/29/24 21:04:41] crowsnest: Dependency: 'xargs' found in /usr/bin/xargs.
[07/29/24 21:04:41] crowsnest: Dependency: 'ustreamer' found in bin/ustreamer/src/ustreamer.bin.
[07/29/24 21:04:41] crowsnest: Version Control: ustreamer is up to date. (v6.10)
[07/29/24 21:04:41] crowsnest: INFO: Print Configfile: '/home/kkobold/printer_data/config/crowsnest.conf'
[07/29/24 21:04:41] crowsnest:		[crowsnest]
[07/29/24 21:04:41] crowsnest:		log_path: /home/kkobold/printer_data/logs/crowsnest.log
[07/29/24 21:04:41] crowsnest:		log_level: verbose
[07/29/24 21:04:41] crowsnest:		delete_log: false
[07/29/24 21:04:41] crowsnest:		no_proxy: true
[07/29/24 21:04:41] crowsnest:		
[07/29/24 21:04:41] crowsnest:		[cam 1]
[07/29/24 21:04:41] crowsnest:		mode: ustreamer
[07/29/24 21:04:41] crowsnest:		
[07/29/24 21:04:41] crowsnest:		enable_rtsp: false
[07/29/24 21:04:41] crowsnest:		rtsp_port: 8554
[07/29/24 21:04:41] crowsnest:		port: 8080
[07/29/24 21:04:41] crowsnest:		device: /dev/video1
[07/29/24 21:04:41] crowsnest:		resolution: 1280x720
[07/29/24 21:04:41] crowsnest:		max_fps: 15
[07/29/24 21:04:41] crowsnest: INFO: Detect available Devices
[07/29/24 21:04:41] crowsnest: INFO: Found 1 total available Device(s)
[07/29/24 21:04:41] crowsnest: INFO: Found 1 available v4l2 (UVC) camera(s)
[07/29/24 21:04:41] crowsnest: /dev/v4l/by-id/usb-GENERAL_GENERAL_WEBCAM_JH0918_20210304_v012-video-index0 -> /dev/video1
[07/29/24 21:04:41] crowsnest: Supported Formats:
[07/29/24 21:04:41] crowsnest:		[0]: 'MJPG' (Motion-JPEG, compressed)
[07/29/24 21:04:41] crowsnest:		Size: Discrete 1920x1080
[07/29/24 21:04:41] crowsnest:		Interval: Discrete 0.033s (30.000 fps)
[07/29/24 21:04:41] crowsnest:		Interval: Discrete 0.033s (30.000 fps)
[07/29/24 21:04:41] crowsnest:		Size: Discrete 1280x720
[07/29/24 21:04:41] crowsnest:		Interval: Discrete 0.033s (30.000 fps)
[07/29/24 21:04:41] crowsnest:		Interval: Discrete 0.033s (30.000 fps)
[07/29/24 21:04:41] crowsnest:		Interval: Discrete 0.033s (30.000 fps)
[07/29/24 21:04:41] crowsnest:		Interval: Discrete 0.033s (30.000 fps)
[07/29/24 21:04:41] crowsnest:		Size: Discrete 640x480
[07/29/24 21:04:41] crowsnest:		Interval: Discrete 0.033s (30.000 fps)
[07/29/24 21:04:41] crowsnest:		Size: Discrete 1920x1080
[07/29/24 21:04:41] crowsnest:		Interval: Discrete 0.033s (30.000 fps)
[07/29/24 21:04:41] crowsnest:		Interval: Discrete 0.033s (30.000 fps)
[07/29/24 21:04:41] crowsnest:		Size: Discrete 1280x720
[07/29/24 21:04:41] crowsnest:		Interval: Discrete 0.033s (30.000 fps)
[07/29/24 21:04:41] crowsnest:		Interval: Discrete 0.033s (30.000 fps)
[07/29/24 21:04:41] crowsnest:		Interval: Discrete 0.033s (30.000 fps)
[07/29/24 21:04:41] crowsnest:		Interval: Discrete 0.033s (30.000 fps)
[07/29/24 21:04:41] crowsnest:		[1]: 'YUYV' (YUYV 4:2:2)
[07/29/24 21:04:41] crowsnest:		Size: Discrete 640x480
[07/29/24 21:04:41] crowsnest:		Interval: Discrete 0.033s (30.000 fps)
[07/29/24 21:04:41] crowsnest:		Size: Discrete 640x360
[07/29/24 21:04:41] crowsnest:		Interval: Discrete 0.033s (30.000 fps)
[07/29/24 21:04:41] crowsnest:		Size: Discrete 480x270
[07/29/24 21:04:41] crowsnest:		Interval: Discrete 0.033s (30.000 fps)
[07/29/24 21:04:41] crowsnest:		Size: Discrete 320x240
[07/29/24 21:04:41] crowsnest:		Interval: Discrete 0.033s (30.000 fps)
[07/29/24 21:04:41] crowsnest:		Size: Discrete 176x144
[07/29/24 21:04:41] crowsnest:		Interval: Discrete 0.033s (30.000 fps)
[07/29/24 21:04:41] crowsnest: Supported Controls:
[07/29/24 21:04:41] crowsnest:		
[07/29/24 21:04:41] crowsnest:		User Controls
[07/29/24 21:04:41] crowsnest:		
[07/29/24 21:04:41] crowsnest:		brightness 0x00980900 (int)    : min=1 max=255 step=1 default=16 value=16
[07/29/24 21:04:42] crowsnest: Try to start configured Cams / Services...
[07/29/24 21:04:44] crowsnest: ERROR: Error 143 occured on line 63
[07/29/24 21:04:44] crowsnest: ==> Error occured in file: logging.sh -> log_msg
[07/29/24 21:04:44] crowsnest: ERROR: Stopping crowsnest.
[07/29/24 21:04:44] crowsnest: Goodbye...
[07/29/24 21:04:44] crowsnest: crowsnest - A webcam Service for multiple Cams and Stream Services.
[07/29/24 21:04:44] crowsnest: Version: v4.1.9-1-gd75a3ae
[07/29/24 21:04:44] crowsnest: Prepare Startup ...
[07/29/24 21:04:45] crowsnest: INFO: Host information:
[07/29/24 21:04:45] crowsnest: Host Info: Distribution: Debian GNU/Linux 11 (bullseye)
[07/29/24 21:04:45] crowsnest: Host Info: Kernel: Linux 5.16.17-sun50iw6 aarch64
[07/29/24 21:04:45] crowsnest: Host Info: Available CPU Cores: 4
[07/29/24 21:04:45] crowsnest: Host Info: Available Memory: 2032516 kB
[07/29/24 21:04:45] crowsnest: Host Info: Diskspace (avail. / total): 1.5G / 7.0G
[07/29/24 21:04:45] crowsnest: INFO: Checking Dependencies
[07/29/24 21:04:45] crowsnest: Dependency: 'crudini' found in /usr/bin/crudini.
[07/29/24 21:04:45] crowsnest: Dependency: 'find' found in /usr/bin/find.
[07/29/24 21:04:45] crowsnest: Dependency: 'xargs' found in /usr/bin/xargs.
[07/29/24 21:04:45] crowsnest: Dependency: 'ustreamer' found in bin/ustreamer/src/ustreamer.bin.
[07/29/24 21:04:45] crowsnest: Version Control: ustreamer is up to date. (v6.10)
[07/29/24 21:04:45] crowsnest: INFO: Print Configfile: '/home/kkobold/printer_data/config/crowsnest.conf'
[07/29/24 21:04:45] crowsnest:		[crowsnest]
[07/29/24 21:04:45] crowsnest:		log_path: /home/kkobold/printer_data/logs/crowsnest.log
[07/29/24 21:04:45] crowsnest:		log_level: verbose
[07/29/24 21:04:45] crowsnest:		delete_log: false
[07/29/24 21:04:45] crowsnest:		no_proxy: true
[07/29/24 21:04:45] crowsnest:		
[07/29/24 21:04:45] crowsnest:		[cam 1]
[07/29/24 21:04:45] crowsnest:		mode: ustreamer
[07/29/24 21:04:45] crowsnest:		
[07/29/24 21:04:45] crowsnest:		enable_rtsp: false
[07/29/24 21:04:45] crowsnest:		rtsp_port: 8554
[07/29/24 21:04:45] crowsnest:		port: 8080
[07/29/24 21:04:45] crowsnest:		device: /dev/video1
[07/29/24 21:04:45] crowsnest:		resolution: 1280x720
[07/29/24 21:04:45] crowsnest:		max_fps: 15
[07/29/24 21:04:45] crowsnest: INFO: Detect available Devices
[07/29/24 21:04:45] crowsnest: INFO: Found 1 total available Device(s)
[07/29/24 21:04:45] crowsnest: INFO: Found 1 available v4l2 (UVC) camera(s)
[07/29/24 21:04:45] crowsnest: /dev/v4l/by-id/usb-GENERAL_GENERAL_WEBCAM_JH0918_20210304_v012-video-index0 -> /dev/video1
[07/29/24 21:04:45] crowsnest: Supported Formats:
[07/29/24 21:04:45] crowsnest:		[0]: 'MJPG' (Motion-JPEG, compressed)
[07/29/24 21:04:45] crowsnest:		Size: Discrete 1920x1080
[07/29/24 21:04:45] crowsnest:		Interval: Discrete 0.033s (30.000 fps)
[07/29/24 21:04:45] crowsnest:		Interval: Discrete 0.033s (30.000 fps)
[07/29/24 21:04:45] crowsnest:		Size: Discrete 1280x720
[07/29/24 21:04:45] crowsnest:		Interval: Discrete 0.033s (30.000 fps)
[07/29/24 21:04:45] crowsnest:		Interval: Discrete 0.033s (30.000 fps)
[07/29/24 21:04:45] crowsnest:		Interval: Discrete 0.033s (30.000 fps)
[07/29/24 21:04:45] crowsnest:		Interval: Discrete 0.033s (30.000 fps)
[07/29/24 21:04:45] crowsnest:		Size: Discrete 640x480
[07/29/24 21:04:45] crowsnest:		Interval: Discrete 0.033s (30.000 fps)
[07/29/24 21:04:45] crowsnest:		Size: Discrete 1920x1080
[07/29/24 21:04:45] crowsnest:		Interval: Discrete 0.033s (30.000 fps)
[07/29/24 21:04:45] crowsnest:		Interval: Discrete 0.033s (30.000 fps)
[07/29/24 21:04:45] crowsnest:		Size: Discrete 1280x720
[07/29/24 21:04:45] crowsnest:		Interval: Discrete 0.033s (30.000 fps)
[07/29/24 21:04:45] crowsnest:		Interval: Discrete 0.033s (30.000 fps)
[07/29/24 21:04:45] crowsnest:		Interval: Discrete 0.033s (30.000 fps)
[07/29/24 21:04:45] crowsnest:		Interval: Discrete 0.033s (30.000 fps)
[07/29/24 21:04:45] crowsnest:		[1]: 'YUYV' (YUYV 4:2:2)
[07/29/24 21:04:45] crowsnest:		Size: Discrete 640x480
[07/29/24 21:04:45] crowsnest:		Interval: Discrete 0.033s (30.000 fps)
[07/29/24 21:04:45] crowsnest:		Size: Discrete 640x360
[07/29/24 21:04:45] crowsnest:		Interval: Discrete 0.033s (30.000 fps)
[07/29/24 21:04:45] crowsnest:		Size: Discrete 480x270
[07/29/24 21:04:45] crowsnest:		Interval: Discrete 0.033s (30.000 fps)
[07/29/24 21:04:45] crowsnest:		Size: Discrete 320x240
[07/29/24 21:04:45] crowsnest:		Interval: Discrete 0.033s (30.000 fps)
[07/29/24 21:04:45] crowsnest:		Size: Discrete 176x144
[07/29/24 21:04:45] crowsnest:		Interval: Discrete 0.033s (30.000 fps)
[07/29/24 21:04:45] crowsnest: Supported Controls:
[07/29/24 21:04:45] crowsnest:		
[07/29/24 21:04:45] crowsnest:		User Controls
[07/29/24 21:04:45] crowsnest:		
[07/29/24 21:04:45] crowsnest:		brightness 0x00980900 (int)    : min=1 max=255 step=1 default=16 value=16
[07/29/24 21:04:45] crowsnest: Try to start configured Cams / Services...
[07/29/24 21:04:47] crowsnest: INFO: Configuration of Section [cam 1] looks good. Continue ...
[07/29/24 21:04:48] crowsnest: V4L2 Control: No parameters set for [cam 1]. Skipped.
[07/29/24 21:04:50] crowsnest: INFO: Set to 'no_proxy' mode! Using 0.0.0.0 !
[07/29/24 21:04:50] crowsnest: Starting ustreamer with Device /dev/video1 ...
[07/29/24 21:04:52] crowsnest:  ... Done!
[07/29/24 21:08:32] crowsnest: crowsnest - A webcam Service for multiple Cams and Stream Services.
[07/29/24 21:08:32] crowsnest: Version: v4.1.9-1-gd75a3ae
[07/29/24 21:08:32] crowsnest: Prepare Startup ...
[07/29/24 21:08:32] crowsnest: INFO: Host information:
[07/29/24 21:08:33] crowsnest: Host Info: Distribution: Debian GNU/Linux 11 (bullseye)
[07/29/24 21:08:33] crowsnest: Host Info: Kernel: Linux 5.16.17-sun50iw6 aarch64
[07/29/24 21:08:33] crowsnest: Host Info: Available CPU Cores: 4
[07/29/24 21:08:33] crowsnest: Host Info: Available Memory: 2032516 kB
[07/29/24 21:08:33] crowsnest: Host Info: Diskspace (avail. / total): 1.5G / 7.0G
[07/29/24 21:08:33] crowsnest: INFO: Checking Dependencies
[07/29/24 21:08:33] crowsnest: Dependency: 'crudini' found in /usr/bin/crudini.
[07/29/24 21:08:33] crowsnest: Dependency: 'find' found in /usr/bin/find.
[07/29/24 21:08:33] crowsnest: Dependency: 'xargs' found in /usr/bin/xargs.
[07/29/24 21:08:33] crowsnest: Dependency: 'ustreamer' found in bin/ustreamer/src/ustreamer.bin.
[07/29/24 21:08:33] crowsnest: Version Control: ustreamer is up to date. (v6.10)
[07/29/24 21:08:33] crowsnest: INFO: Print Configfile: '/home/kkobold/printer_data/config/crowsnest.conf'
[07/29/24 21:08:33] crowsnest:		[crowsnest]
[07/29/24 21:08:33] crowsnest:		log_path: /home/kkobold/printer_data/logs/crowsnest.log
[07/29/24 21:08:33] crowsnest:		log_level: verbose
[07/29/24 21:08:33] crowsnest:		delete_log: false
[07/29/24 21:08:33] crowsnest:		no_proxy: true
[07/29/24 21:08:33] crowsnest:		
[07/29/24 21:08:33] crowsnest:		[cam 1]
[07/29/24 21:08:33] crowsnest:		mode: ustreamer
[07/29/24 21:08:33] crowsnest:		
[07/29/24 21:08:33] crowsnest:		enable_rtsp: false
[07/29/24 21:08:33] crowsnest:		rtsp_port: 8554
[07/29/24 21:08:33] crowsnest:		port: 8080
[07/29/24 21:08:33] crowsnest:		device: /dev/video1
[07/29/24 21:08:33] crowsnest:		resolution: 1280x720
[07/29/24 21:08:33] crowsnest:		max_fps: 30
[07/29/24 21:08:33] crowsnest: INFO: Detect available Devices
[07/29/24 21:08:33] crowsnest: INFO: Found 1 total available Device(s)
[07/29/24 21:08:33] crowsnest: INFO: Found 1 available v4l2 (UVC) camera(s)
[07/29/24 21:08:33] crowsnest: /dev/v4l/by-id/usb-GENERAL_GENERAL_WEBCAM_JH0918_20210304_v012-video-index0 -> /dev/video1
[07/29/24 21:08:33] crowsnest: Supported Formats:
[07/29/24 21:08:33] crowsnest:		[0]: 'MJPG' (Motion-JPEG, compressed)
[07/29/24 21:08:33] crowsnest:		Size: Discrete 1920x1080
[07/29/24 21:08:33] crowsnest:		Interval: Discrete 0.033s (30.000 fps)
[07/29/24 21:08:33] crowsnest:		Interval: Discrete 0.033s (30.000 fps)
[07/29/24 21:08:33] crowsnest:		Size: Discrete 1280x720
[07/29/24 21:08:33] crowsnest:		Interval: Discrete 0.033s (30.000 fps)
[07/29/24 21:08:33] crowsnest:		Interval: Discrete 0.033s (30.000 fps)
[07/29/24 21:08:33] crowsnest:		Interval: Discrete 0.033s (30.000 fps)
[07/29/24 21:08:33] crowsnest:		Interval: Discrete 0.033s (30.000 fps)
[07/29/24 21:08:33] crowsnest:		Size: Discrete 640x480
[07/29/24 21:08:33] crowsnest:		Interval: Discrete 0.033s (30.000 fps)
[07/29/24 21:08:33] crowsnest:		Size: Discrete 1920x1080
[07/29/24 21:08:33] crowsnest:		Interval: Discrete 0.033s (30.000 fps)
[07/29/24 21:08:33] crowsnest:		Interval: Discrete 0.033s (30.000 fps)
[07/29/24 21:08:33] crowsnest:		Size: Discrete 1280x720
[07/29/24 21:08:33] crowsnest:		Interval: Discrete 0.033s (30.000 fps)
[07/29/24 21:08:33] crowsnest:		Interval: Discrete 0.033s (30.000 fps)
[07/29/24 21:08:33] crowsnest:		Interval: Discrete 0.033s (30.000 fps)
[07/29/24 21:08:33] crowsnest:		Interval: Discrete 0.033s (30.000 fps)
[07/29/24 21:08:33] crowsnest:		[1]: 'YUYV' (YUYV 4:2:2)
[07/29/24 21:08:33] crowsnest:		Size: Discrete 640x480
[07/29/24 21:08:33] crowsnest:		Interval: Discrete 0.033s (30.000 fps)
[07/29/24 21:08:33] crowsnest:		Size: Discrete 640x360
[07/29/24 21:08:33] crowsnest:		Interval: Discrete 0.033s (30.000 fps)
[07/29/24 21:08:33] crowsnest:		Size: Discrete 480x270
[07/29/24 21:08:33] crowsnest:		Interval: Discrete 0.033s (30.000 fps)
[07/29/24 21:08:33] crowsnest:		Size: Discrete 320x240
[07/29/24 21:08:33] crowsnest:		Interval: Discrete 0.033s (30.000 fps)
[07/29/24 21:08:33] crowsnest:		Size: Discrete 176x144
[07/29/24 21:08:33] crowsnest:		Interval: Discrete 0.033s (30.000 fps)
[07/29/24 21:08:33] crowsnest: Supported Controls:
[07/29/24 21:08:33] crowsnest:		
[07/29/24 21:08:33] crowsnest:		User Controls
[07/29/24 21:08:33] crowsnest:		
[07/29/24 21:08:33] crowsnest:		brightness 0x00980900 (int)    : min=1 max=255 step=1 default=16 value=16
[07/29/24 21:08:33] crowsnest: Try to start configured Cams / Services...
[07/29/24 21:08:35] crowsnest: INFO: Configuration of Section [cam 1] looks good. Continue ...
[07/29/24 21:08:36] crowsnest: V4L2 Control: No parameters set for [cam 1]. Skipped.
[07/29/24 21:08:38] crowsnest: INFO: Set to 'no_proxy' mode! Using 0.0.0.0 !
[07/29/24 21:08:38] crowsnest: Starting ustreamer with Device /dev/video1 ...
[07/29/24 21:08:40] crowsnest:  ... Done!
[07/29/24 21:23:36] crowsnest: crowsnest - A webcam Service for multiple Cams and Stream Services.
[07/29/24 21:23:36] crowsnest: Version: v4.1.9-1-gd75a3ae
[07/29/24 21:23:36] crowsnest: Prepare Startup ...
[07/29/24 21:23:36] crowsnest: INFO: Host information:
[07/29/24 21:23:36] crowsnest: Host Info: Distribution: Debian GNU/Linux 11 (bullseye)
[07/29/24 21:23:36] crowsnest: Host Info: Kernel: Linux 5.16.17-sun50iw6 aarch64
[07/29/24 21:23:36] crowsnest: Host Info: Available CPU Cores: 4
[07/29/24 21:23:36] crowsnest: Host Info: Available Memory: 2032516 kB
[07/29/24 21:23:36] crowsnest: Host Info: Diskspace (avail. / total): 1.5G / 7.0G
[07/29/24 21:23:36] crowsnest: INFO: Checking Dependencies
[07/29/24 21:23:36] crowsnest: Dependency: 'crudini' found in /usr/bin/crudini.
[07/29/24 21:23:36] crowsnest: Dependency: 'find' found in /usr/bin/find.
[07/29/24 21:23:36] crowsnest: Dependency: 'xargs' found in /usr/bin/xargs.
[07/29/24 21:23:36] crowsnest: Dependency: 'ustreamer' found in bin/ustreamer/src/ustreamer.bin.
[07/29/24 21:23:36] crowsnest: Version Control: ustreamer is up to date. (v6.10)
[07/29/24 21:23:36] crowsnest: INFO: Print Configfile: '/home/kkobold/printer_data/config/crowsnest.conf'
[07/29/24 21:23:36] crowsnest:		[crowsnest]
[07/29/24 21:23:36] crowsnest:		log_path: /home/kkobold/printer_data/logs/crowsnest.log
[07/29/24 21:23:36] crowsnest:		log_level: verbose
[07/29/24 21:23:36] crowsnest:		delete_log: false
[07/29/24 21:23:36] crowsnest:		no_proxy: true
[07/29/24 21:23:36] crowsnest:		
[07/29/24 21:23:36] crowsnest:		[cam 1]
[07/29/24 21:23:36] crowsnest:		mode: ustreamer
[07/29/24 21:23:36] crowsnest:		
[07/29/24 21:23:36] crowsnest:		enable_rtsp: false
[07/29/24 21:23:36] crowsnest:		rtsp_port: 8554
[07/29/24 21:23:36] crowsnest:		port: 8080
[07/29/24 21:23:36] crowsnest:		device: /dev/video1
[07/29/24 21:23:36] crowsnest:		resolution: 1280x720
[07/29/24 21:23:36] crowsnest:		max_fps: 30
[07/29/24 21:23:36] crowsnest: INFO: Detect available Devices
[07/29/24 21:23:36] crowsnest: INFO: Found 1 total available Device(s)
[07/29/24 21:23:36] crowsnest: INFO: Found 1 available v4l2 (UVC) camera(s)
[07/29/24 21:23:36] crowsnest: /dev/v4l/by-id/usb-GENERAL_GENERAL_WEBCAM_JH0918_20210304_v012-video-index0 -> /dev/video1
[07/29/24 21:23:36] crowsnest: Supported Formats:
[07/29/24 21:23:36] crowsnest:		[0]: 'MJPG' (Motion-JPEG, compressed)
[07/29/24 21:23:36] crowsnest:		Size: Discrete 1920x1080
[07/29/24 21:23:36] crowsnest:		Interval: Discrete 0.033s (30.000 fps)
[07/29/24 21:23:36] crowsnest:		Interval: Discrete 0.033s (30.000 fps)
[07/29/24 21:23:36] crowsnest:		Size: Discrete 1280x720
[07/29/24 21:23:36] crowsnest:		Interval: Discrete 0.033s (30.000 fps)
[07/29/24 21:23:36] crowsnest:		Interval: Discrete 0.033s (30.000 fps)
[07/29/24 21:23:36] crowsnest:		Interval: Discrete 0.033s (30.000 fps)
[07/29/24 21:23:36] crowsnest:		Interval: Discrete 0.033s (30.000 fps)
[07/29/24 21:23:36] crowsnest:		Size: Discrete 640x480
[07/29/24 21:23:36] crowsnest:		Interval: Discrete 0.033s (30.000 fps)
[07/29/24 21:23:36] crowsnest:		Size: Discrete 1920x1080
[07/29/24 21:23:36] crowsnest:		Interval: Discrete 0.033s (30.000 fps)
[07/29/24 21:23:36] crowsnest:		Interval: Discrete 0.033s (30.000 fps)
[07/29/24 21:23:36] crowsnest:		Size: Discrete 1280x720
[07/29/24 21:23:36] crowsnest:		Interval: Discrete 0.033s (30.000 fps)
[07/29/24 21:23:36] crowsnest:		Interval: Discrete 0.033s (30.000 fps)
[07/29/24 21:23:36] crowsnest:		Interval: Discrete 0.033s (30.000 fps)
[07/29/24 21:23:36] crowsnest:		Interval: Discrete 0.033s (30.000 fps)
[07/29/24 21:23:36] crowsnest:		[1]: 'YUYV' (YUYV 4:2:2)
[07/29/24 21:23:36] crowsnest:		Size: Discrete 640x480
[07/29/24 21:23:36] crowsnest:		Interval: Discrete 0.033s (30.000 fps)
[07/29/24 21:23:36] crowsnest:		Size: Discrete 640x360
[07/29/24 21:23:36] crowsnest:		Interval: Discrete 0.033s (30.000 fps)
[07/29/24 21:23:36] crowsnest:		Size: Discrete 480x270
[07/29/24 21:23:36] crowsnest:		Interval: Discrete 0.033s (30.000 fps)
[07/29/24 21:23:36] crowsnest:		Size: Discrete 320x240
[07/29/24 21:23:36] crowsnest:		Interval: Discrete 0.033s (30.000 fps)
[07/29/24 21:23:36] crowsnest:		Size: Discrete 176x144
[07/29/24 21:23:36] crowsnest:		Interval: Discrete 0.033s (30.000 fps)
[07/29/24 21:23:36] crowsnest: Supported Controls:
[07/29/24 21:23:36] crowsnest:		
[07/29/24 21:23:36] crowsnest:		User Controls
[07/29/24 21:23:36] crowsnest:		
[07/29/24 21:23:36] crowsnest:		brightness 0x00980900 (int)    : min=1 max=255 step=1 default=16 value=16
[07/29/24 21:23:36] crowsnest: Try to start configured Cams / Services...
[07/29/24 21:23:39] crowsnest: INFO: Configuration of Section [cam 1] looks good. Continue ...
[07/29/24 21:23:39] crowsnest: V4L2 Control: No parameters set for [cam 1]. Skipped.
[07/29/24 21:23:41] crowsnest: INFO: Set to 'no_proxy' mode! Using 0.0.0.0 !
[07/29/24 21:23:42] crowsnest: Starting ustreamer with Device /dev/video1 ...
[07/29/24 21:23:43] crowsnest:  ... Done!
[07/29/24 21:26:10] crowsnest: crowsnest - A webcam Service for multiple Cams and Stream Services.
[07/29/24 21:26:10] crowsnest: Version: v4.1.9-1-gd75a3ae
[07/29/24 21:26:10] crowsnest: Prepare Startup ...
[07/29/24 21:26:10] crowsnest: INFO: Host information:
[07/29/24 21:26:10] crowsnest: Host Info: Distribution: Debian GNU/Linux 11 (bullseye)
[07/29/24 21:26:10] crowsnest: Host Info: Kernel: Linux 5.16.17-sun50iw6 aarch64
[07/29/24 21:26:10] crowsnest: Host Info: Available CPU Cores: 4
[07/29/24 21:26:10] crowsnest: Host Info: Available Memory: 2032516 kB
[07/29/24 21:26:10] crowsnest: Host Info: Diskspace (avail. / total): 1.5G / 7.0G
[07/29/24 21:26:11] crowsnest: INFO: Checking Dependencies
[07/29/24 21:26:11] crowsnest: Dependency: 'crudini' found in /usr/bin/crudini.
[07/29/24 21:26:11] crowsnest: Dependency: 'find' found in /usr/bin/find.
[07/29/24 21:26:11] crowsnest: Dependency: 'xargs' found in /usr/bin/xargs.
[07/29/24 21:26:11] crowsnest: Dependency: 'ustreamer' found in bin/ustreamer/src/ustreamer.bin.
[07/29/24 21:26:11] crowsnest: Version Control: ustreamer is up to date. (v6.10)
[07/29/24 21:26:11] crowsnest: INFO: Print Configfile: '/home/kkobold/printer_data/config/crowsnest.conf'
[07/29/24 21:26:11] crowsnest:		[crowsnest]
[07/29/24 21:26:11] crowsnest:		log_path: /home/kkobold/printer_data/logs/crowsnest.log
[07/29/24 21:26:11] crowsnest:		log_level: verbose
[07/29/24 21:26:11] crowsnest:		delete_log: false
[07/29/24 21:26:11] crowsnest:		no_proxy: true
[07/29/24 21:26:11] crowsnest:		
[07/29/24 21:26:11] crowsnest:		[cam 1]
[07/29/24 21:26:11] crowsnest:		mode: ustreamer
[07/29/24 21:26:11] crowsnest:		
[07/29/24 21:26:11] crowsnest:		enable_rtsp: false
[07/29/24 21:26:11] crowsnest:		rtsp_port: 8554
[07/29/24 21:26:11] crowsnest:		port: 8080
[07/29/24 21:26:11] crowsnest:		device: /dev/video1
[07/29/24 21:26:11] crowsnest:		resolution: 1280x720
[07/29/24 21:26:11] crowsnest:		max_fps: 24
[07/29/24 21:26:11] crowsnest: INFO: Detect available Devices
[07/29/24 21:26:11] crowsnest: INFO: Found 1 total available Device(s)
[07/29/24 21:26:11] crowsnest: INFO: Found 1 available v4l2 (UVC) camera(s)
[07/29/24 21:26:11] crowsnest: /dev/v4l/by-id/usb-GENERAL_GENERAL_WEBCAM_JH0918_20210304_v012-video-index0 -> /dev/video1
[07/29/24 21:26:11] crowsnest: Supported Formats:
[07/29/24 21:26:11] crowsnest:		[0]: 'MJPG' (Motion-JPEG, compressed)
[07/29/24 21:26:11] crowsnest:		Size: Discrete 1920x1080
[07/29/24 21:26:11] crowsnest:		Interval: Discrete 0.033s (30.000 fps)
[07/29/24 21:26:11] crowsnest:		Interval: Discrete 0.033s (30.000 fps)
[07/29/24 21:26:11] crowsnest:		Size: Discrete 1280x720
[07/29/24 21:26:11] crowsnest:		Interval: Discrete 0.033s (30.000 fps)
[07/29/24 21:26:11] crowsnest:		Interval: Discrete 0.033s (30.000 fps)
[07/29/24 21:26:11] crowsnest:		Interval: Discrete 0.033s (30.000 fps)
[07/29/24 21:26:11] crowsnest:		Interval: Discrete 0.033s (30.000 fps)
[07/29/24 21:26:11] crowsnest:		Size: Discrete 640x480
[07/29/24 21:26:11] crowsnest:		Interval: Discrete 0.033s (30.000 fps)
[07/29/24 21:26:11] crowsnest:		Size: Discrete 1920x1080
[07/29/24 21:26:11] crowsnest:		Interval: Discrete 0.033s (30.000 fps)
[07/29/24 21:26:11] crowsnest:		Interval: Discrete 0.033s (30.000 fps)
[07/29/24 21:26:11] crowsnest:		Size: Discrete 1280x720
[07/29/24 21:26:11] crowsnest:		Interval: Discrete 0.033s (30.000 fps)
[07/29/24 21:26:11] crowsnest:		Interval: Discrete 0.033s (30.000 fps)
[07/29/24 21:26:11] crowsnest:		Interval: Discrete 0.033s (30.000 fps)
[07/29/24 21:26:11] crowsnest:		Interval: Discrete 0.033s (30.000 fps)
[07/29/24 21:26:11] crowsnest:		[1]: 'YUYV' (YUYV 4:2:2)
[07/29/24 21:26:11] crowsnest:		Size: Discrete 640x480
[07/29/24 21:26:11] crowsnest:		Interval: Discrete 0.033s (30.000 fps)
[07/29/24 21:26:11] crowsnest:		Size: Discrete 640x360
[07/29/24 21:26:11] crowsnest:		Interval: Discrete 0.033s (30.000 fps)
[07/29/24 21:26:11] crowsnest:		Size: Discrete 480x270
[07/29/24 21:26:11] crowsnest:		Interval: Discrete 0.033s (30.000 fps)
[07/29/24 21:26:11] crowsnest:		Size: Discrete 320x240
[07/29/24 21:26:11] crowsnest:		Interval: Discrete 0.033s (30.000 fps)
[07/29/24 21:26:11] crowsnest:		Size: Discrete 176x144
[07/29/24 21:26:11] crowsnest:		Interval: Discrete 0.033s (30.000 fps)
[07/29/24 21:26:11] crowsnest: Supported Controls:
[07/29/24 21:26:11] crowsnest:		
[07/29/24 21:26:11] crowsnest:		User Controls
[07/29/24 21:26:11] crowsnest:		
[07/29/24 21:26:11] crowsnest:		brightness 0x00980900 (int)    : min=1 max=255 step=1 default=16 value=16
[07/29/24 21:26:11] crowsnest: Try to start configured Cams / Services...
[07/29/24 21:26:13] crowsnest: INFO: Configuration of Section [cam 1] looks good. Continue ...
[07/29/24 21:26:14] crowsnest: V4L2 Control: No parameters set for [cam 1]. Skipped.
[07/29/24 21:26:16] crowsnest: INFO: Set to 'no_proxy' mode! Using 0.0.0.0 !
[07/29/24 21:26:16] crowsnest: Starting ustreamer with Device /dev/video1 ...
[07/29/24 21:26:17] crowsnest:  ... Done!
[07/29/24 22:01:58] crowsnest: crowsnest - A webcam Service for multiple Cams and Stream Services.
[07/29/24 22:01:58] crowsnest: Version: v4.1.9-1-gd75a3ae
[07/29/24 22:01:58] crowsnest: Prepare Startup ...
[07/29/24 22:01:58] crowsnest: INFO: Host information:
[07/29/24 22:01:58] crowsnest: Host Info: Distribution: Debian GNU/Linux 11 (bullseye)
[07/29/24 22:01:58] crowsnest: Host Info: Kernel: Linux 5.16.17-sun50iw6 aarch64
[07/29/24 22:01:58] crowsnest: Host Info: Available CPU Cores: 4
[07/29/24 22:01:58] crowsnest: Host Info: Available Memory: 2032516 kB
[07/29/24 22:01:58] crowsnest: Host Info: Diskspace (avail. / total): 1.5G / 7.0G
[07/29/24 22:01:58] crowsnest: INFO: Checking Dependencies
[07/29/24 22:01:58] crowsnest: Dependency: 'crudini' found in /usr/bin/crudini.
[07/29/24 22:01:58] crowsnest: Dependency: 'find' found in /usr/bin/find.
[07/29/24 22:01:58] crowsnest: Dependency: 'xargs' found in /usr/bin/xargs.
[07/29/24 22:01:58] crowsnest: Dependency: 'ustreamer' found in bin/ustreamer/src/ustreamer.bin.
[07/29/24 22:01:58] crowsnest: Version Control: ustreamer is up to date. (v6.10)
[07/29/24 22:01:58] crowsnest: INFO: Print Configfile: '/home/kkobold/printer_data/config/crowsnest.conf'
[07/29/24 22:01:58] crowsnest:		[crowsnest]
[07/29/24 22:01:58] crowsnest:		log_path: /home/kkobold/printer_data/logs/crowsnest.log
[07/29/24 22:01:58] crowsnest:		log_level: verbose
[07/29/24 22:01:58] crowsnest:		delete_log: false
[07/29/24 22:01:58] crowsnest:		no_proxy: true
[07/29/24 22:01:58] crowsnest:		
[07/29/24 22:01:58] crowsnest:		[cam 1]
[07/29/24 22:01:58] crowsnest:		mode: ustreamer
[07/29/24 22:01:58] crowsnest:		
[07/29/24 22:01:58] crowsnest:		enable_rtsp: false
[07/29/24 22:01:58] crowsnest:		rtsp_port: 8554
[07/29/24 22:01:58] crowsnest:		port: 8080
[07/29/24 22:01:58] crowsnest:		device: /dev/video1
[07/29/24 22:01:58] crowsnest:		resolution: 1280x720
[07/29/24 22:01:58] crowsnest:		max_fps: 24
[07/29/24 22:01:58] crowsnest: INFO: Detect available Devices
[07/29/24 22:01:58] crowsnest: INFO: Found 1 total available Device(s)
[07/29/24 22:01:58] crowsnest: INFO: Found 1 available v4l2 (UVC) camera(s)
[07/29/24 22:01:58] crowsnest: /dev/v4l/by-id/usb-GENERAL_GENERAL_WEBCAM_JH0918_20210304_v012-video-index0 -> /dev/video1
[07/29/24 22:01:58] crowsnest: Supported Formats:
[07/29/24 22:01:58] crowsnest:		[0]: 'MJPG' (Motion-JPEG, compressed)
[07/29/24 22:01:58] crowsnest:		Size: Discrete 1920x1080
[07/29/24 22:01:58] crowsnest:		Interval: Discrete 0.033s (30.000 fps)
[07/29/24 22:01:58] crowsnest:		Interval: Discrete 0.033s (30.000 fps)
[07/29/24 22:01:58] crowsnest:		Size: Discrete 1280x720
[07/29/24 22:01:58] crowsnest:		Interval: Discrete 0.033s (30.000 fps)
[07/29/24 22:01:58] crowsnest:		Interval: Discrete 0.033s (30.000 fps)
[07/29/24 22:01:58] crowsnest:		Interval: Discrete 0.033s (30.000 fps)
[07/29/24 22:01:58] crowsnest:		Interval: Discrete 0.033s (30.000 fps)
[07/29/24 22:01:58] crowsnest:		Size: Discrete 640x480
[07/29/24 22:01:58] crowsnest:		Interval: Discrete 0.033s (30.000 fps)
[07/29/24 22:01:58] crowsnest:		Size: Discrete 1920x1080
[07/29/24 22:01:58] crowsnest:		Interval: Discrete 0.033s (30.000 fps)
[07/29/24 22:01:58] crowsnest:		Interval: Discrete 0.033s (30.000 fps)
[07/29/24 22:01:58] crowsnest:		Size: Discrete 1280x720
[07/29/24 22:01:58] crowsnest:		Interval: Discrete 0.033s (30.000 fps)
[07/29/24 22:01:58] crowsnest:		Interval: Discrete 0.033s (30.000 fps)
[07/29/24 22:01:58] crowsnest:		Interval: Discrete 0.033s (30.000 fps)
[07/29/24 22:01:58] crowsnest:		Interval: Discrete 0.033s (30.000 fps)
[07/29/24 22:01:58] crowsnest:		[1]: 'YUYV' (YUYV 4:2:2)
[07/29/24 22:01:58] crowsnest:		Size: Discrete 640x480
[07/29/24 22:01:58] crowsnest:		Interval: Discrete 0.033s (30.000 fps)
[07/29/24 22:01:58] crowsnest:		Size: Discrete 640x360
[07/29/24 22:01:58] crowsnest:		Interval: Discrete 0.033s (30.000 fps)
[07/29/24 22:01:58] crowsnest:		Size: Discrete 480x270
[07/29/24 22:01:58] crowsnest:		Interval: Discrete 0.033s (30.000 fps)
[07/29/24 22:01:58] crowsnest:		Size: Discrete 320x240
[07/29/24 22:01:58] crowsnest:		Interval: Discrete 0.033s (30.000 fps)
[07/29/24 22:01:58] crowsnest:		Size: Discrete 176x144
[07/29/24 22:01:58] crowsnest:		Interval: Discrete 0.033s (30.000 fps)
[07/29/24 22:01:59] crowsnest: Supported Controls:
[07/29/24 22:01:59] crowsnest:		
[07/29/24 22:01:59] crowsnest:		User Controls
[07/29/24 22:01:59] crowsnest:		
[07/29/24 22:01:59] crowsnest:		brightness 0x00980900 (int)    : min=1 max=255 step=1 default=16 value=16
[07/29/24 22:01:59] crowsnest: Try to start configured Cams / Services...
[07/29/24 22:02:01] crowsnest: INFO: Configuration of Section [cam 1] looks good. Continue ...
[07/29/24 22:02:02] crowsnest: V4L2 Control: No parameters set for [cam 1]. Skipped.
[07/29/24 22:02:03] crowsnest: INFO: Set to 'no_proxy' mode! Using 0.0.0.0 !
[07/29/24 22:02:04] crowsnest: Starting ustreamer with Device /dev/video1 ...
[07/29/24 22:02:05] crowsnest:  ... Done!
[07/30/24 05:50:33] crowsnest: WATCHDOG: Lost Device: '/dev/video1'
[07/30/24 21:17:08] crowsnest: crowsnest - A webcam Service for multiple Cams and Stream Services.
[07/30/24 21:17:08] crowsnest: Version: v4.1.9-1-gd75a3ae
[07/30/24 21:17:08] crowsnest: Prepare Startup ...
[07/30/24 21:17:08] crowsnest: INFO: Host information:
[07/30/24 21:17:08] crowsnest: Host Info: Distribution: Debian GNU/Linux 11 (bullseye)
[07/30/24 21:17:08] crowsnest: Host Info: Kernel: Linux 5.16.17-sun50iw6 aarch64
[07/30/24 21:17:08] crowsnest: Host Info: Available CPU Cores: 4
[07/30/24 21:17:08] crowsnest: Host Info: Available Memory: 2032516 kB
[07/30/24 21:17:08] crowsnest: Host Info: Diskspace (avail. / total): 1.4G / 7.0G
[07/30/24 21:17:08] crowsnest: INFO: Checking Dependencies
[07/30/24 21:17:08] crowsnest: Dependency: 'crudini' found in /usr/bin/crudini.
[07/30/24 21:17:08] crowsnest: Dependency: 'find' found in /usr/bin/find.
[07/30/24 21:17:08] crowsnest: Dependency: 'xargs' found in /usr/bin/xargs.
[07/30/24 21:17:08] crowsnest: Dependency: 'ustreamer' found in bin/ustreamer/src/ustreamer.bin.
[07/30/24 21:17:08] crowsnest: Version Control: ustreamer is up to date. (v6.10)
[07/30/24 21:17:08] crowsnest: INFO: Print Configfile: '/home/kkobold/printer_data/config/crowsnest.conf'
[07/30/24 21:17:08] crowsnest:		[crowsnest]
[07/30/24 21:17:08] crowsnest:		log_path: /home/kkobold/printer_data/logs/crowsnest.log
[07/30/24 21:17:08] crowsnest:		log_level: verbose
[07/30/24 21:17:08] crowsnest:		delete_log: false
[07/30/24 21:17:08] crowsnest:		no_proxy: true
[07/30/24 21:17:08] crowsnest:		
[07/30/24 21:17:08] crowsnest:		[cam 1]
[07/30/24 21:17:08] crowsnest:		mode: ustreamer
[07/30/24 21:17:08] crowsnest:		
[07/30/24 21:17:08] crowsnest:		enable_rtsp: false
[07/30/24 21:17:08] crowsnest:		rtsp_port: 8554
[07/30/24 21:17:08] crowsnest:		port: 8080
[07/30/24 21:17:08] crowsnest:		device: /dev/video1
[07/30/24 21:17:08] crowsnest:		resolution: 1280x720
[07/30/24 21:17:08] crowsnest:		max_fps: 24
[07/30/24 21:17:08] crowsnest: INFO: Detect available Devices
[07/30/24 21:17:08] crowsnest: ERROR: No usable Devices Found. Stopping crowsnest.
[07/30/24 21:17:15] crowsnest: crowsnest - A webcam Service for multiple Cams and Stream Services.
[07/30/24 21:17:15] crowsnest: Version: v4.1.9-1-gd75a3ae
[07/30/24 21:17:15] crowsnest: Prepare Startup ...
[07/30/24 21:17:15] crowsnest: INFO: Host information:
[07/30/24 21:17:15] crowsnest: Host Info: Distribution: Debian GNU/Linux 11 (bullseye)
[07/30/24 21:17:15] crowsnest: Host Info: Kernel: Linux 5.16.17-sun50iw6 aarch64
[07/30/24 21:17:15] crowsnest: Host Info: Available CPU Cores: 4
[07/30/24 21:17:15] crowsnest: Host Info: Available Memory: 2032516 kB
[07/30/24 21:17:15] crowsnest: Host Info: Diskspace (avail. / total): 1.4G / 7.0G
[07/30/24 21:17:15] crowsnest: INFO: Checking Dependencies
[07/30/24 21:17:15] crowsnest: Dependency: 'crudini' found in /usr/bin/crudini.
[07/30/24 21:17:15] crowsnest: Dependency: 'find' found in /usr/bin/find.
[07/30/24 21:17:15] crowsnest: Dependency: 'xargs' found in /usr/bin/xargs.
[07/30/24 21:17:15] crowsnest: Dependency: 'ustreamer' found in bin/ustreamer/src/ustreamer.bin.
[07/30/24 21:17:15] crowsnest: Version Control: ustreamer is up to date. (v6.10)
[07/30/24 21:17:15] crowsnest: INFO: Print Configfile: '/home/kkobold/printer_data/config/crowsnest.conf'
[07/30/24 21:17:15] crowsnest:		[crowsnest]
[07/30/24 21:17:15] crowsnest:		log_path: /home/kkobold/printer_data/logs/crowsnest.log
[07/30/24 21:17:15] crowsnest:		log_level: verbose
[07/30/24 21:17:15] crowsnest:		delete_log: false
[07/30/24 21:17:15] crowsnest:		no_proxy: true
[07/30/24 21:17:15] crowsnest:		
[07/30/24 21:17:15] crowsnest:		[cam 1]
[07/30/24 21:17:15] crowsnest:		mode: ustreamer
[07/30/24 21:17:15] crowsnest:		
[07/30/24 21:17:15] crowsnest:		enable_rtsp: false
[07/30/24 21:17:15] crowsnest:		rtsp_port: 8554
[07/30/24 21:17:15] crowsnest:		port: 8080
[07/30/24 21:17:15] crowsnest:		device: /dev/video1
[07/30/24 21:17:15] crowsnest:		resolution: 1280x720
[07/30/24 21:17:15] crowsnest:		max_fps: 24
[07/30/24 21:17:15] crowsnest: INFO: Detect available Devices
[07/30/24 21:17:15] crowsnest: ERROR: No usable Devices Found. Stopping crowsnest.
[07/30/24 22:03:26] crowsnest: crowsnest - A webcam Service for multiple Cams and Stream Services.
[07/30/24 22:03:26] crowsnest: Version: v4.1.9-1-gd75a3ae
[07/30/24 22:03:26] crowsnest: Prepare Startup ...
[07/30/24 22:03:26] crowsnest: INFO: Host information:
[07/30/24 22:03:26] crowsnest: Host Info: Distribution: Debian GNU/Linux 11 (bullseye)
[07/30/24 22:03:26] crowsnest: Host Info: Kernel: Linux 5.16.17-sun50iw6 aarch64
[07/30/24 22:03:26] crowsnest: Host Info: Available CPU Cores: 4
[07/30/24 22:03:26] crowsnest: Host Info: Available Memory: 2032516 kB
[07/30/24 22:03:26] crowsnest: Host Info: Diskspace (avail. / total): 1.4G / 7.0G
[07/30/24 22:03:26] crowsnest: INFO: Checking Dependencies
[07/30/24 22:03:26] crowsnest: Dependency: 'crudini' found in /usr/bin/crudini.
[07/30/24 22:03:26] crowsnest: Dependency: 'find' found in /usr/bin/find.
[07/30/24 22:03:26] crowsnest: Dependency: 'xargs' found in /usr/bin/xargs.
[07/30/24 22:03:26] crowsnest: Dependency: 'ustreamer' found in bin/ustreamer/src/ustreamer.bin.
[07/30/24 22:03:26] crowsnest: Version Control: ustreamer is up to date. (v6.10)
[07/30/24 22:03:26] crowsnest: INFO: Print Configfile: '/home/kkobold/printer_data/config/crowsnest.conf'
[07/30/24 22:03:26] crowsnest:		[crowsnest]
[07/30/24 22:03:26] crowsnest:		log_path: /home/kkobold/printer_data/logs/crowsnest.log
[07/30/24 22:03:26] crowsnest:		log_level: verbose
[07/30/24 22:03:26] crowsnest:		delete_log: false
[07/30/24 22:03:26] crowsnest:		no_proxy: true
[07/30/24 22:03:26] crowsnest:		
[07/30/24 22:03:26] crowsnest:		[cam 1]
[07/30/24 22:03:26] crowsnest:		mode: ustreamer
[07/30/24 22:03:26] crowsnest:		
[07/30/24 22:03:26] crowsnest:		enable_rtsp: false
[07/30/24 22:03:26] crowsnest:		rtsp_port: 8554
[07/30/24 22:03:26] crowsnest:		port: 8080
[07/30/24 22:03:26] crowsnest:		device: /dev/video1
[07/30/24 22:03:26] crowsnest:		resolution: 1280x720
[07/30/24 22:03:26] crowsnest:		max_fps: 24
[07/30/24 22:03:26] crowsnest: INFO: Detect available Devices
[07/30/24 22:03:26] crowsnest: ERROR: No usable Devices Found. Stopping crowsnest.
[07/30/24 22:03:32] crowsnest: crowsnest - A webcam Service for multiple Cams and Stream Services.
[07/30/24 22:03:32] crowsnest: Version: v4.1.9-1-gd75a3ae
[07/30/24 22:03:32] crowsnest: Prepare Startup ...
[07/30/24 22:03:32] crowsnest: INFO: Host information:
[07/30/24 22:03:32] crowsnest: Host Info: Distribution: Debian GNU/Linux 11 (bullseye)
[07/30/24 22:03:32] crowsnest: Host Info: Kernel: Linux 5.16.17-sun50iw6 aarch64
[07/30/24 22:03:32] crowsnest: Host Info: Available CPU Cores: 4
[07/30/24 22:03:32] crowsnest: Host Info: Available Memory: 2032516 kB
[07/30/24 22:03:32] crowsnest: Host Info: Diskspace (avail. / total): 1.4G / 7.0G
[07/30/24 22:03:32] crowsnest: INFO: Checking Dependencies
[07/30/24 22:03:32] crowsnest: Dependency: 'crudini' found in /usr/bin/crudini.
[07/30/24 22:03:32] crowsnest: Dependency: 'find' found in /usr/bin/find.
[07/30/24 22:03:32] crowsnest: Dependency: 'xargs' found in /usr/bin/xargs.
[07/30/24 22:03:32] crowsnest: Dependency: 'ustreamer' found in bin/ustreamer/src/ustreamer.bin.
[07/30/24 22:03:32] crowsnest: Version Control: ustreamer is up to date. (v6.10)
[07/30/24 22:03:32] crowsnest: INFO: Print Configfile: '/home/kkobold/printer_data/config/crowsnest.conf'
[07/30/24 22:03:32] crowsnest:		[crowsnest]
[07/30/24 22:03:32] crowsnest:		log_path: /home/kkobold/printer_data/logs/crowsnest.log
[07/30/24 22:03:32] crowsnest:		log_level: verbose
[07/30/24 22:03:32] crowsnest:		delete_log: false
[07/30/24 22:03:32] crowsnest:		no_proxy: true
[07/30/24 22:03:32] crowsnest:		
[07/30/24 22:03:32] crowsnest:		[cam 1]
[07/30/24 22:03:32] crowsnest:		mode: ustreamer
[07/30/24 22:03:32] crowsnest:		
[07/30/24 22:03:32] crowsnest:		enable_rtsp: false
[07/30/24 22:03:32] crowsnest:		rtsp_port: 8554
[07/30/24 22:03:32] crowsnest:		port: 8080
[07/30/24 22:03:32] crowsnest:		device: /dev/video1
[07/30/24 22:03:32] crowsnest:		resolution: 1280x720
[07/30/24 22:03:32] crowsnest:		max_fps: 24
[07/30/24 22:03:32] crowsnest: INFO: Detect available Devices
[07/30/24 22:03:32] crowsnest: ERROR: No usable Devices Found. Stopping crowsnest.
[07/30/24 22:03:39] crowsnest: crowsnest - A webcam Service for multiple Cams and Stream Services.
[07/30/24 22:03:39] crowsnest: Version: v4.1.9-1-gd75a3ae
[07/30/24 22:03:39] crowsnest: Prepare Startup ...
[07/30/24 22:03:39] crowsnest: INFO: Host information:
[07/30/24 22:03:39] crowsnest: Host Info: Distribution: Debian GNU/Linux 11 (bullseye)
[07/30/24 22:03:39] crowsnest: Host Info: Kernel: Linux 5.16.17-sun50iw6 aarch64
[07/30/24 22:03:39] crowsnest: Host Info: Available CPU Cores: 4
[07/30/24 22:03:39] crowsnest: Host Info: Available Memory: 2032516 kB
[07/30/24 22:03:39] crowsnest: Host Info: Diskspace (avail. / total): 1.4G / 7.0G
[07/30/24 22:03:39] crowsnest: INFO: Checking Dependencies
[07/30/24 22:03:39] crowsnest: Dependency: 'crudini' found in /usr/bin/crudini.
[07/30/24 22:03:39] crowsnest: Dependency: 'find' found in /usr/bin/find.
[07/30/24 22:03:39] crowsnest: Dependency: 'xargs' found in /usr/bin/xargs.
[07/30/24 22:03:39] crowsnest: Dependency: 'ustreamer' found in bin/ustreamer/src/ustreamer.bin.
[07/30/24 22:03:39] crowsnest: Version Control: ustreamer is up to date. (v6.10)
[07/30/24 22:03:39] crowsnest: INFO: Print Configfile: '/home/kkobold/printer_data/config/crowsnest.conf'
[07/30/24 22:03:39] crowsnest:		[crowsnest]
[07/30/24 22:03:39] crowsnest:		log_path: /home/kkobold/printer_data/logs/crowsnest.log
[07/30/24 22:03:39] crowsnest:		log_level: verbose
[07/30/24 22:03:39] crowsnest:		delete_log: false
[07/30/24 22:03:39] crowsnest:		no_proxy: true
[07/30/24 22:03:39] crowsnest:		
[07/30/24 22:03:39] crowsnest:		[cam 1]
[07/30/24 22:03:39] crowsnest:		mode: ustreamer
[07/30/24 22:03:39] crowsnest:		
[07/30/24 22:03:39] crowsnest:		enable_rtsp: false
[07/30/24 22:03:39] crowsnest:		rtsp_port: 8554
[07/30/24 22:03:39] crowsnest:		port: 8080
[07/30/24 22:03:39] crowsnest:		device: /dev/video1
[07/30/24 22:03:39] crowsnest:		resolution: 1280x720
[07/30/24 22:03:39] crowsnest:		max_fps: 24
[07/30/24 22:03:39] crowsnest: INFO: Detect available Devices
[07/30/24 22:03:39] crowsnest: ERROR: No usable Devices Found. Stopping crowsnest.
[07/30/24 22:03:45] crowsnest: crowsnest - A webcam Service for multiple Cams and Stream Services.
[07/30/24 22:03:45] crowsnest: Version: v4.1.9-1-gd75a3ae
[07/30/24 22:03:45] crowsnest: Prepare Startup ...
[07/30/24 22:03:45] crowsnest: INFO: Host information:
[07/30/24 22:03:45] crowsnest: Host Info: Distribution: Debian GNU/Linux 11 (bullseye)
[07/30/24 22:03:45] crowsnest: Host Info: Kernel: Linux 5.16.17-sun50iw6 aarch64
[07/30/24 22:03:45] crowsnest: Host Info: Available CPU Cores: 4
[07/30/24 22:03:45] crowsnest: Host Info: Available Memory: 2032516 kB
[07/30/24 22:03:45] crowsnest: Host Info: Diskspace (avail. / total): 1.4G / 7.0G
[07/30/24 22:03:45] crowsnest: INFO: Checking Dependencies
[07/30/24 22:03:45] crowsnest: Dependency: 'crudini' found in /usr/bin/crudini.
[07/30/24 22:03:45] crowsnest: Dependency: 'find' found in /usr/bin/find.
[07/30/24 22:03:45] crowsnest: Dependency: 'xargs' found in /usr/bin/xargs.
[07/30/24 22:03:45] crowsnest: Dependency: 'ustreamer' found in bin/ustreamer/src/ustreamer.bin.
[07/30/24 22:03:45] crowsnest: Version Control: ustreamer is up to date. (v6.10)
[07/30/24 22:03:45] crowsnest: INFO: Print Configfile: '/home/kkobold/printer_data/config/crowsnest.conf'
[07/30/24 22:03:45] crowsnest:		[crowsnest]
[07/30/24 22:03:45] crowsnest:		log_path: /home/kkobold/printer_data/logs/crowsnest.log
[07/30/24 22:03:45] crowsnest:		log_level: verbose
[07/30/24 22:03:45] crowsnest:		delete_log: false
[07/30/24 22:03:45] crowsnest:		no_proxy: true
[07/30/24 22:03:45] crowsnest:		
[07/30/24 22:03:45] crowsnest:		[cam 1]
[07/30/24 22:03:45] crowsnest:		mode: ustreamer
[07/30/24 22:03:45] crowsnest:		
[07/30/24 22:03:45] crowsnest:		enable_rtsp: false
[07/30/24 22:03:45] crowsnest:		rtsp_port: 8554
[07/30/24 22:03:45] crowsnest:		port: 8080
[07/30/24 22:03:45] crowsnest:		device: /dev/video1
[07/30/24 22:03:45] crowsnest:		resolution: 1280x720
[07/30/24 22:03:45] crowsnest:		max_fps: 24
[07/30/24 22:03:45] crowsnest: INFO: Detect available Devices
[07/30/24 22:03:45] crowsnest: ERROR: No usable Devices Found. Stopping crowsnest.
[07/30/24 22:03:51] crowsnest: crowsnest - A webcam Service for multiple Cams and Stream Services.
[07/30/24 22:03:51] crowsnest: Version: v4.1.9-1-gd75a3ae
[07/30/24 22:03:51] crowsnest: Prepare Startup ...
[07/30/24 22:03:51] crowsnest: INFO: Host information:
[07/30/24 22:03:51] crowsnest: Host Info: Distribution: Debian GNU/Linux 11 (bullseye)
[07/30/24 22:03:51] crowsnest: Host Info: Kernel: Linux 5.16.17-sun50iw6 aarch64
[07/30/24 22:03:51] crowsnest: Host Info: Available CPU Cores: 4
[07/30/24 22:03:51] crowsnest: Host Info: Available Memory: 2032516 kB
[07/30/24 22:03:51] crowsnest: Host Info: Diskspace (avail. / total): 1.4G / 7.0G
[07/30/24 22:03:51] crowsnest: INFO: Checking Dependencies
[07/30/24 22:03:51] crowsnest: Dependency: 'crudini' found in /usr/bin/crudini.
[07/30/24 22:03:51] crowsnest: Dependency: 'find' found in /usr/bin/find.
[07/30/24 22:03:51] crowsnest: Dependency: 'xargs' found in /usr/bin/xargs.
[07/30/24 22:03:51] crowsnest: Dependency: 'ustreamer' found in bin/ustreamer/src/ustreamer.bin.
[07/30/24 22:03:52] crowsnest: Version Control: ustreamer is up to date. (v6.10)
[07/30/24 22:03:52] crowsnest: INFO: Print Configfile: '/home/kkobold/printer_data/config/crowsnest.conf'
[07/30/24 22:03:52] crowsnest:		[crowsnest]
[07/30/24 22:03:52] crowsnest:		log_path: /home/kkobold/printer_data/logs/crowsnest.log
[07/30/24 22:03:52] crowsnest:		log_level: verbose
[07/30/24 22:03:52] crowsnest:		delete_log: false
[07/30/24 22:03:52] crowsnest:		no_proxy: true
[07/30/24 22:03:52] crowsnest:		
[07/30/24 22:03:52] crowsnest:		[cam 1]
[07/30/24 22:03:52] crowsnest:		mode: ustreamer
[07/30/24 22:03:52] crowsnest:		
[07/30/24 22:03:52] crowsnest:		enable_rtsp: false
[07/30/24 22:03:52] crowsnest:		rtsp_port: 8554
[07/30/24 22:03:52] crowsnest:		port: 8080
[07/30/24 22:03:52] crowsnest:		device: /dev/video1
[07/30/24 22:03:52] crowsnest:		resolution: 1280x720
[07/30/24 22:03:52] crowsnest:		max_fps: 24
[07/30/24 22:03:52] crowsnest: INFO: Detect available Devices
[07/30/24 22:03:52] crowsnest: ERROR: No usable Devices Found. Stopping crowsnest.
[07/30/24 22:03:58] crowsnest: crowsnest - A webcam Service for multiple Cams and Stream Services.
[07/30/24 22:03:58] crowsnest: Version: v4.1.9-1-gd75a3ae
[07/30/24 22:03:58] crowsnest: Prepare Startup ...
[07/30/24 22:03:58] crowsnest: INFO: Host information:
[07/30/24 22:03:58] crowsnest: Host Info: Distribution: Debian GNU/Linux 11 (bullseye)
[07/30/24 22:03:58] crowsnest: Host Info: Kernel: Linux 5.16.17-sun50iw6 aarch64
[07/30/24 22:03:58] crowsnest: Host Info: Available CPU Cores: 4
[07/30/24 22:03:58] crowsnest: Host Info: Available Memory: 2032516 kB
[07/30/24 22:03:58] crowsnest: Host Info: Diskspace (avail. / total): 1.4G / 7.0G
[07/30/24 22:03:58] crowsnest: INFO: Checking Dependencies
[07/30/24 22:03:58] crowsnest: Dependency: 'crudini' found in /usr/bin/crudini.
[07/30/24 22:03:58] crowsnest: Dependency: 'find' found in /usr/bin/find.
[07/30/24 22:03:58] crowsnest: Dependency: 'xargs' found in /usr/bin/xargs.
[07/30/24 22:03:58] crowsnest: Dependency: 'ustreamer' found in bin/ustreamer/src/ustreamer.bin.
[07/30/24 22:03:58] crowsnest: Version Control: ustreamer is up to date. (v6.10)
[07/30/24 22:03:58] crowsnest: INFO: Print Configfile: '/home/kkobold/printer_data/config/crowsnest.conf'
[07/30/24 22:03:58] crowsnest:		[crowsnest]
[07/30/24 22:03:58] crowsnest:		log_path: /home/kkobold/printer_data/logs/crowsnest.log
[07/30/24 22:03:58] crowsnest:		log_level: verbose
[07/30/24 22:03:58] crowsnest:		delete_log: false
[07/30/24 22:03:58] crowsnest:		no_proxy: true
[07/30/24 22:03:58] crowsnest:		
[07/30/24 22:03:58] crowsnest:		[cam 1]
[07/30/24 22:03:58] crowsnest:		mode: ustreamer
[07/30/24 22:03:58] crowsnest:		
[07/30/24 22:03:58] crowsnest:		enable_rtsp: false
[07/30/24 22:03:58] crowsnest:		rtsp_port: 8554
[07/30/24 22:03:58] crowsnest:		port: 8080
[07/30/24 22:03:58] crowsnest:		device: /dev/video1
[07/30/24 22:03:58] crowsnest:		resolution: 1280x720
[07/30/24 22:03:58] crowsnest:		max_fps: 24
[07/30/24 22:03:58] crowsnest: INFO: Detect available Devices
[07/30/24 22:03:58] crowsnest: ERROR: No usable Devices Found. Stopping crowsnest.
[07/30/24 22:04:04] crowsnest: crowsnest - A webcam Service for multiple Cams and Stream Services.
[07/30/24 22:04:04] crowsnest: Version: v4.1.9-1-gd75a3ae
[07/30/24 22:04:04] crowsnest: Prepare Startup ...
[07/30/24 22:04:04] crowsnest: INFO: Host information:
[07/30/24 22:04:04] crowsnest: Host Info: Distribution: Debian GNU/Linux 11 (bullseye)
[07/30/24 22:04:04] crowsnest: Host Info: Kernel: Linux 5.16.17-sun50iw6 aarch64
[07/30/24 22:04:04] crowsnest: Host Info: Available CPU Cores: 4
[07/30/24 22:04:04] crowsnest: Host Info: Available Memory: 2032516 kB
[07/30/24 22:04:04] crowsnest: Host Info: Diskspace (avail. / total): 1.4G / 7.0G
[07/30/24 22:04:04] crowsnest: INFO: Checking Dependencies
[07/30/24 22:04:04] crowsnest: Dependency: 'crudini' found in /usr/bin/crudini.
[07/30/24 22:04:04] crowsnest: Dependency: 'find' found in /usr/bin/find.
[07/30/24 22:04:04] crowsnest: Dependency: 'xargs' found in /usr/bin/xargs.
[07/30/24 22:04:04] crowsnest: Dependency: 'ustreamer' found in bin/ustreamer/src/ustreamer.bin.
[07/30/24 22:04:04] crowsnest: Version Control: ustreamer is up to date. (v6.10)
[07/30/24 22:04:04] crowsnest: INFO: Print Configfile: '/home/kkobold/printer_data/config/crowsnest.conf'
[07/30/24 22:04:04] crowsnest:		[crowsnest]
[07/30/24 22:04:04] crowsnest:		log_path: /home/kkobold/printer_data/logs/crowsnest.log
[07/30/24 22:04:04] crowsnest:		log_level: verbose
[07/30/24 22:04:04] crowsnest:		delete_log: false
[07/30/24 22:04:04] crowsnest:		no_proxy: true
[07/30/24 22:04:04] crowsnest:		
[07/30/24 22:04:04] crowsnest:		[cam 1]
[07/30/24 22:04:04] crowsnest:		mode: ustreamer
[07/30/24 22:04:04] crowsnest:		
[07/30/24 22:04:04] crowsnest:		enable_rtsp: false
[07/30/24 22:04:04] crowsnest:		rtsp_port: 8554
[07/30/24 22:04:04] crowsnest:		port: 8080
[07/30/24 22:04:04] crowsnest:		device: /dev/video1
[07/30/24 22:04:04] crowsnest:		resolution: 1280x720
[07/30/24 22:04:04] crowsnest:		max_fps: 24
[07/30/24 22:04:04] crowsnest: INFO: Detect available Devices
[07/30/24 22:04:04] crowsnest: ERROR: No usable Devices Found. Stopping crowsnest.
[07/30/24 22:04:10] crowsnest: crowsnest - A webcam Service for multiple Cams and Stream Services.
[07/30/24 22:04:10] crowsnest: Version: v4.1.9-1-gd75a3ae
[07/30/24 22:04:10] crowsnest: Prepare Startup ...
[07/30/24 22:04:10] crowsnest: INFO: Host information:
[07/30/24 22:04:10] crowsnest: Host Info: Distribution: Debian GNU/Linux 11 (bullseye)
[07/30/24 22:04:10] crowsnest: Host Info: Kernel: Linux 5.16.17-sun50iw6 aarch64
[07/30/24 22:04:10] crowsnest: Host Info: Available CPU Cores: 4
[07/30/24 22:04:10] crowsnest: Host Info: Available Memory: 2032516 kB
[07/30/24 22:04:10] crowsnest: Host Info: Diskspace (avail. / total): 1.4G / 7.0G
[07/30/24 22:04:10] crowsnest: INFO: Checking Dependencies
[07/30/24 22:04:10] crowsnest: Dependency: 'crudini' found in /usr/bin/crudini.
[07/30/24 22:04:10] crowsnest: Dependency: 'find' found in /usr/bin/find.
[07/30/24 22:04:10] crowsnest: Dependency: 'xargs' found in /usr/bin/xargs.
[07/30/24 22:04:10] crowsnest: Dependency: 'ustreamer' found in bin/ustreamer/src/ustreamer.bin.
[07/30/24 22:04:10] crowsnest: Version Control: ustreamer is up to date. (v6.10)
[07/30/24 22:04:10] crowsnest: INFO: Print Configfile: '/home/kkobold/printer_data/config/crowsnest.conf'
[07/30/24 22:04:10] crowsnest:		[crowsnest]
[07/30/24 22:04:10] crowsnest:		log_path: /home/kkobold/printer_data/logs/crowsnest.log
[07/30/24 22:04:10] crowsnest:		log_level: verbose
[07/30/24 22:04:10] crowsnest:		delete_log: false
[07/30/24 22:04:10] crowsnest:		no_proxy: true
[07/30/24 22:04:10] crowsnest:		
[07/30/24 22:04:10] crowsnest:		[cam 1]
[07/30/24 22:04:10] crowsnest:		mode: ustreamer
[07/30/24 22:04:10] crowsnest:		
[07/30/24 22:04:10] crowsnest:		enable_rtsp: false
[07/30/24 22:04:10] crowsnest:		rtsp_port: 8554
[07/30/24 22:04:10] crowsnest:		port: 8080
[07/30/24 22:04:10] crowsnest:		device: /dev/video1
[07/30/24 22:04:10] crowsnest:		resolution: 1280x720
[07/30/24 22:04:10] crowsnest:		max_fps: 24
[07/30/24 22:04:10] crowsnest: INFO: Detect available Devices
[07/30/24 22:04:10] crowsnest: ERROR: No usable Devices Found. Stopping crowsnest.
[07/30/24 21:17:08] crowsnest: crowsnest - A webcam Service for multiple Cams and Stream Services.
[07/30/24 21:17:08] crowsnest: Version: v4.1.9-1-gd75a3ae
[07/30/24 21:17:08] crowsnest: Prepare Startup ...
[07/30/24 21:17:08] crowsnest: INFO: Host information:
[07/30/24 21:17:08] crowsnest: Host Info: Distribution: Debian GNU/Linux 11 (bullseye)
[07/30/24 21:17:08] crowsnest: Host Info: Kernel: Linux 5.16.17-sun50iw6 aarch64
[07/30/24 21:17:08] crowsnest: Host Info: Available CPU Cores: 4
[07/30/24 21:17:08] crowsnest: Host Info: Available Memory: 2032516 kB
[07/30/24 21:17:08] crowsnest: Host Info: Diskspace (avail. / total): 1.4G / 7.0G
[07/30/24 21:17:08] crowsnest: INFO: Checking Dependencies
[07/30/24 21:17:08] crowsnest: Dependency: 'crudini' found in /usr/bin/crudini.
[07/30/24 21:17:08] crowsnest: Dependency: 'find' found in /usr/bin/find.
[07/30/24 21:17:08] crowsnest: Dependency: 'xargs' found in /usr/bin/xargs.
[07/30/24 21:17:08] crowsnest: Dependency: 'ustreamer' found in bin/ustreamer/src/ustreamer.bin.
[07/30/24 21:17:08] crowsnest: Version Control: ustreamer is up to date. (v6.10)
[07/30/24 21:17:08] crowsnest: INFO: Print Configfile: '/home/kkobold/printer_data/config/crowsnest.conf'
[07/30/24 21:17:08] crowsnest:		[crowsnest]
[07/30/24 21:17:08] crowsnest:		log_path: /home/kkobold/printer_data/logs/crowsnest.log
[07/30/24 21:17:08] crowsnest:		log_level: verbose
[07/30/24 21:17:08] crowsnest:		delete_log: false
[07/30/24 21:17:08] crowsnest:		no_proxy: true
[07/30/24 21:17:08] crowsnest:		
[07/30/24 21:17:08] crowsnest:		[cam 1]
[07/30/24 21:17:08] crowsnest:		mode: ustreamer
[07/30/24 21:17:08] crowsnest:		
[07/30/24 21:17:08] crowsnest:		enable_rtsp: false
[07/30/24 21:17:08] crowsnest:		rtsp_port: 8554
[07/30/24 21:17:08] crowsnest:		port: 8080
[07/30/24 21:17:08] crowsnest:		device: /dev/video1
[07/30/24 21:17:08] crowsnest:		resolution: 1280x720
[07/30/24 21:17:08] crowsnest:		max_fps: 24
[07/30/24 21:17:08] crowsnest: INFO: Detect available Devices
[07/30/24 21:17:09] crowsnest: ERROR: No usable Devices Found. Stopping crowsnest.
[07/30/24 21:17:15] crowsnest: crowsnest - A webcam Service for multiple Cams and Stream Services.
[07/30/24 21:17:15] crowsnest: Version: v4.1.9-1-gd75a3ae
[07/30/24 21:17:15] crowsnest: Prepare Startup ...
[07/30/24 21:17:15] crowsnest: INFO: Host information:
[07/30/24 21:17:15] crowsnest: Host Info: Distribution: Debian GNU/Linux 11 (bullseye)
[07/30/24 21:17:15] crowsnest: Host Info: Kernel: Linux 5.16.17-sun50iw6 aarch64
[07/30/24 21:17:15] crowsnest: Host Info: Available CPU Cores: 4
[07/30/24 21:17:15] crowsnest: Host Info: Available Memory: 2032516 kB
[07/30/24 21:17:15] crowsnest: Host Info: Diskspace (avail. / total): 1.4G / 7.0G
[07/30/24 21:17:15] crowsnest: INFO: Checking Dependencies
[07/30/24 21:17:15] crowsnest: Dependency: 'crudini' found in /usr/bin/crudini.
[07/30/24 21:17:15] crowsnest: Dependency: 'find' found in /usr/bin/find.
[07/30/24 21:17:15] crowsnest: Dependency: 'xargs' found in /usr/bin/xargs.
[07/30/24 21:17:15] crowsnest: Dependency: 'ustreamer' found in bin/ustreamer/src/ustreamer.bin.
[07/30/24 21:17:15] crowsnest: Version Control: ustreamer is up to date. (v6.10)
[07/30/24 21:17:15] crowsnest: INFO: Print Configfile: '/home/kkobold/printer_data/config/crowsnest.conf'
[07/30/24 21:17:15] crowsnest:		[crowsnest]
[07/30/24 21:17:15] crowsnest:		log_path: /home/kkobold/printer_data/logs/crowsnest.log
[07/30/24 21:17:15] crowsnest:		log_level: verbose
[07/30/24 21:17:15] crowsnest:		delete_log: false
[07/30/24 21:17:15] crowsnest:		no_proxy: true
[07/30/24 21:17:15] crowsnest:		
[07/30/24 21:17:15] crowsnest:		[cam 1]
[07/30/24 21:17:15] crowsnest:		mode: ustreamer
[07/30/24 21:17:15] crowsnest:		
[07/30/24 21:17:15] crowsnest:		enable_rtsp: false
[07/30/24 21:17:15] crowsnest:		rtsp_port: 8554
[07/30/24 21:17:15] crowsnest:		port: 8080
[07/30/24 21:17:15] crowsnest:		device: /dev/video1
[07/30/24 21:17:15] crowsnest:		resolution: 1280x720
[07/30/24 21:17:15] crowsnest:		max_fps: 24
[07/30/24 21:17:15] crowsnest: INFO: Detect available Devices
[07/30/24 21:17:15] crowsnest: ERROR: No usable Devices Found. Stopping crowsnest.
[07/31/24 21:52:54] crowsnest: crowsnest - A webcam Service for multiple Cams and Stream Services.
[07/31/24 21:52:54] crowsnest: Version: v4.1.9-1-gd75a3ae
[07/31/24 21:52:54] crowsnest: Prepare Startup ...
[07/31/24 21:52:54] crowsnest: INFO: Host information:
[07/31/24 21:52:54] crowsnest: Host Info: Distribution: Debian GNU/Linux 11 (bullseye)
[07/31/24 21:52:54] crowsnest: Host Info: Kernel: Linux 5.16.17-sun50iw6 aarch64
[07/31/24 21:52:54] crowsnest: Host Info: Available CPU Cores: 4
[07/31/24 21:52:54] crowsnest: Host Info: Available Memory: 2032516 kB
[07/31/24 21:52:54] crowsnest: Host Info: Diskspace (avail. / total): 1.5G / 7.0G
[07/31/24 21:52:54] crowsnest: INFO: Checking Dependencies
[07/31/24 21:52:54] crowsnest: Dependency: 'crudini' found in /usr/bin/crudini.
[07/31/24 21:52:54] crowsnest: Dependency: 'find' found in /usr/bin/find.
[07/31/24 21:52:54] crowsnest: Dependency: 'xargs' found in /usr/bin/xargs.
[07/31/24 21:52:54] crowsnest: Dependency: 'ustreamer' found in bin/ustreamer/src/ustreamer.bin.
[07/31/24 21:52:54] crowsnest: Version Control: ustreamer is up to date. (v6.10)
[07/31/24 21:52:54] crowsnest: INFO: Print Configfile: '/home/kkobold/printer_data/config/crowsnest.conf'
[07/31/24 21:52:54] crowsnest:		[crowsnest]
[07/31/24 21:52:54] crowsnest:		log_path: /home/kkobold/printer_data/logs/crowsnest.log
[07/31/24 21:52:54] crowsnest:		log_level: verbose
[07/31/24 21:52:54] crowsnest:		delete_log: false
[07/31/24 21:52:54] crowsnest:		no_proxy: true
[07/31/24 21:52:54] crowsnest:		
[07/31/24 21:52:54] crowsnest:		[cam 1]
[07/31/24 21:52:54] crowsnest:		mode: ustreamer
[07/31/24 21:52:54] crowsnest:		
[07/31/24 21:52:54] crowsnest:		enable_rtsp: false
[07/31/24 21:52:54] crowsnest:		rtsp_port: 8554
[07/31/24 21:52:54] crowsnest:		port: 8080
[07/31/24 21:52:54] crowsnest:		device: /dev/video1
[07/31/24 21:52:54] crowsnest:		resolution: 1280x720
[07/31/24 21:52:54] crowsnest:		max_fps: 24
[07/31/24 21:52:54] crowsnest: INFO: Detect available Devices
[07/31/24 21:52:54] crowsnest: ERROR: No usable Devices Found. Stopping crowsnest.
[07/31/24 21:53:00] crowsnest: crowsnest - A webcam Service for multiple Cams and Stream Services.
[07/31/24 21:53:00] crowsnest: Version: v4.1.9-1-gd75a3ae
[07/31/24 21:53:01] crowsnest: Prepare Startup ...
[07/31/24 21:53:01] crowsnest: INFO: Host information:
[07/31/24 21:53:01] crowsnest: Host Info: Distribution: Debian GNU/Linux 11 (bullseye)
[07/31/24 21:53:01] crowsnest: Host Info: Kernel: Linux 5.16.17-sun50iw6 aarch64
[07/31/24 21:53:01] crowsnest: Host Info: Available CPU Cores: 4
[07/31/24 21:53:01] crowsnest: Host Info: Available Memory: 2032516 kB
[07/31/24 21:53:01] crowsnest: Host Info: Diskspace (avail. / total): 1.5G / 7.0G
[07/31/24 21:53:01] crowsnest: INFO: Checking Dependencies
[07/31/24 21:53:01] crowsnest: Dependency: 'crudini' found in /usr/bin/crudini.
[07/31/24 21:53:01] crowsnest: Dependency: 'find' found in /usr/bin/find.
[07/31/24 21:53:01] crowsnest: Dependency: 'xargs' found in /usr/bin/xargs.
[07/31/24 21:53:01] crowsnest: Dependency: 'ustreamer' found in bin/ustreamer/src/ustreamer.bin.
[07/31/24 21:53:01] crowsnest: Version Control: ustreamer is up to date. (v6.10)
[07/31/24 21:53:01] crowsnest: INFO: Print Configfile: '/home/kkobold/printer_data/config/crowsnest.conf'
[07/31/24 21:53:01] crowsnest:		[crowsnest]
[07/31/24 21:53:01] crowsnest:		log_path: /home/kkobold/printer_data/logs/crowsnest.log
[07/31/24 21:53:01] crowsnest:		log_level: verbose
[07/31/24 21:53:01] crowsnest:		delete_log: false
[07/31/24 21:53:01] crowsnest:		no_proxy: true
[07/31/24 21:53:01] crowsnest:		
[07/31/24 21:53:01] crowsnest:		[cam 1]
[07/31/24 21:53:01] crowsnest:		mode: ustreamer
[07/31/24 21:53:01] crowsnest:		
[07/31/24 21:53:01] crowsnest:		enable_rtsp: false
[07/31/24 21:53:01] crowsnest:		rtsp_port: 8554
[07/31/24 21:53:01] crowsnest:		port: 8080
[07/31/24 21:53:01] crowsnest:		device: /dev/video1
[07/31/24 21:53:01] crowsnest:		resolution: 1280x720
[07/31/24 21:53:01] crowsnest:		max_fps: 24
[07/31/24 21:53:01] crowsnest: INFO: Detect available Devices
[07/31/24 21:53:01] crowsnest: ERROR: No usable Devices Found. Stopping crowsnest.
[07/31/24 21:53:07] crowsnest: crowsnest - A webcam Service for multiple Cams and Stream Services.
[07/31/24 21:53:07] crowsnest: Version: v4.1.9-1-gd75a3ae
[07/31/24 21:53:07] crowsnest: Prepare Startup ...
[07/31/24 21:53:07] crowsnest: INFO: Host information:
[07/31/24 21:53:07] crowsnest: Host Info: Distribution: Debian GNU/Linux 11 (bullseye)
[07/31/24 21:53:07] crowsnest: Host Info: Kernel: Linux 5.16.17-sun50iw6 aarch64
[07/31/24 21:53:07] crowsnest: Host Info: Available CPU Cores: 4
[07/31/24 21:53:07] crowsnest: Host Info: Available Memory: 2032516 kB
[07/31/24 21:53:07] crowsnest: Host Info: Diskspace (avail. / total): 1.5G / 7.0G
[07/31/24 21:53:07] crowsnest: INFO: Checking Dependencies
[07/31/24 21:53:07] crowsnest: Dependency: 'crudini' found in /usr/bin/crudini.
[07/31/24 21:53:07] crowsnest: Dependency: 'find' found in /usr/bin/find.
[07/31/24 21:53:07] crowsnest: Dependency: 'xargs' found in /usr/bin/xargs.
[07/31/24 21:53:07] crowsnest: Dependency: 'ustreamer' found in bin/ustreamer/src/ustreamer.bin.
[07/31/24 21:53:07] crowsnest: Version Control: ustreamer is up to date. (v6.10)
[07/31/24 21:53:07] crowsnest: INFO: Print Configfile: '/home/kkobold/printer_data/config/crowsnest.conf'
[07/31/24 21:53:07] crowsnest:		[crowsnest]
[07/31/24 21:53:07] crowsnest:		log_path: /home/kkobold/printer_data/logs/crowsnest.log
[07/31/24 21:53:07] crowsnest:		log_level: verbose
[07/31/24 21:53:07] crowsnest:		delete_log: false
[07/31/24 21:53:07] crowsnest:		no_proxy: true
[07/31/24 21:53:07] crowsnest:		
[07/31/24 21:53:07] crowsnest:		[cam 1]
[07/31/24 21:53:07] crowsnest:		mode: ustreamer
[07/31/24 21:53:07] crowsnest:		
[07/31/24 21:53:07] crowsnest:		enable_rtsp: false
[07/31/24 21:53:07] crowsnest:		rtsp_port: 8554
[07/31/24 21:53:07] crowsnest:		port: 8080
[07/31/24 21:53:07] crowsnest:		device: /dev/video1
[07/31/24 21:53:07] crowsnest:		resolution: 1280x720
[07/31/24 21:53:07] crowsnest:		max_fps: 24
[07/31/24 21:53:07] crowsnest: INFO: Detect available Devices
[07/31/24 21:53:07] crowsnest: ERROR: No usable Devices Found. Stopping crowsnest.
[07/31/24 21:53:13] crowsnest: crowsnest - A webcam Service for multiple Cams and Stream Services.
[07/31/24 21:53:13] crowsnest: Version: v4.1.9-1-gd75a3ae
[07/31/24 21:53:13] crowsnest: Prepare Startup ...
[07/31/24 21:53:13] crowsnest: INFO: Host information:
[07/31/24 21:53:13] crowsnest: Host Info: Distribution: Debian GNU/Linux 11 (bullseye)
[07/31/24 21:53:13] crowsnest: Host Info: Kernel: Linux 5.16.17-sun50iw6 aarch64
[07/31/24 21:53:13] crowsnest: Host Info: Available CPU Cores: 4
[07/31/24 21:53:13] crowsnest: Host Info: Available Memory: 2032516 kB
[07/31/24 21:53:13] crowsnest: Host Info: Diskspace (avail. / total): 1.5G / 7.0G
[07/31/24 21:53:13] crowsnest: INFO: Checking Dependencies
[07/31/24 21:53:13] crowsnest: Dependency: 'crudini' found in /usr/bin/crudini.
[07/31/24 21:53:13] crowsnest: Dependency: 'find' found in /usr/bin/find.
[07/31/24 21:53:13] crowsnest: Dependency: 'xargs' found in /usr/bin/xargs.
[07/31/24 21:53:13] crowsnest: Dependency: 'ustreamer' found in bin/ustreamer/src/ustreamer.bin.
[07/31/24 21:53:13] crowsnest: Version Control: ustreamer is up to date. (v6.10)
[07/31/24 21:53:13] crowsnest: INFO: Print Configfile: '/home/kkobold/printer_data/config/crowsnest.conf'
[07/31/24 21:53:13] crowsnest:		[crowsnest]
[07/31/24 21:53:13] crowsnest:		log_path: /home/kkobold/printer_data/logs/crowsnest.log
[07/31/24 21:53:13] crowsnest:		log_level: verbose
[07/31/24 21:53:13] crowsnest:		delete_log: false
[07/31/24 21:53:13] crowsnest:		no_proxy: true
[07/31/24 21:53:13] crowsnest:		
[07/31/24 21:53:13] crowsnest:		[cam 1]
[07/31/24 21:53:13] crowsnest:		mode: ustreamer
[07/31/24 21:53:13] crowsnest:		
[07/31/24 21:53:13] crowsnest:		enable_rtsp: false
[07/31/24 21:53:13] crowsnest:		rtsp_port: 8554
[07/31/24 21:53:13] crowsnest:		port: 8080
[07/31/24 21:53:13] crowsnest:		device: /dev/video1
[07/31/24 21:53:13] crowsnest:		resolution: 1280x720
[07/31/24 21:53:13] crowsnest:		max_fps: 24
[07/31/24 21:53:13] crowsnest: INFO: Detect available Devices
[07/31/24 21:53:13] crowsnest: ERROR: No usable Devices Found. Stopping crowsnest.
[07/31/24 21:53:19] crowsnest: crowsnest - A webcam Service for multiple Cams and Stream Services.
[07/31/24 21:53:19] crowsnest: Version: v4.1.9-1-gd75a3ae
[07/31/24 21:53:19] crowsnest: Prepare Startup ...
[07/31/24 21:53:19] crowsnest: INFO: Host information:
[07/31/24 21:53:19] crowsnest: Host Info: Distribution: Debian GNU/Linux 11 (bullseye)
[07/31/24 21:53:19] crowsnest: Host Info: Kernel: Linux 5.16.17-sun50iw6 aarch64
[07/31/24 21:53:19] crowsnest: Host Info: Available CPU Cores: 4
[07/31/24 21:53:19] crowsnest: Host Info: Available Memory: 2032516 kB
[07/31/24 21:53:19] crowsnest: Host Info: Diskspace (avail. / total): 1.5G / 7.0G
[07/31/24 21:53:19] crowsnest: INFO: Checking Dependencies
[07/31/24 21:53:19] crowsnest: Dependency: 'crudini' found in /usr/bin/crudini.
[07/31/24 21:53:20] crowsnest: Dependency: 'find' found in /usr/bin/find.
[07/31/24 21:53:20] crowsnest: Dependency: 'xargs' found in /usr/bin/xargs.
[07/31/24 21:53:20] crowsnest: Dependency: 'ustreamer' found in bin/ustreamer/src/ustreamer.bin.
[07/31/24 21:53:20] crowsnest: Version Control: ustreamer is up to date. (v6.10)
[07/31/24 21:53:20] crowsnest: INFO: Print Configfile: '/home/kkobold/printer_data/config/crowsnest.conf'
[07/31/24 21:53:20] crowsnest:		[crowsnest]
[07/31/24 21:53:20] crowsnest:		log_path: /home/kkobold/printer_data/logs/crowsnest.log
[07/31/24 21:53:20] crowsnest:		log_level: verbose
[07/31/24 21:53:20] crowsnest:		delete_log: false
[07/31/24 21:53:20] crowsnest:		no_proxy: true
[07/31/24 21:53:20] crowsnest:		
[07/31/24 21:53:20] crowsnest:		[cam 1]
[07/31/24 21:53:20] crowsnest:		mode: ustreamer
[07/31/24 21:53:20] crowsnest:		
[07/31/24 21:53:20] crowsnest:		enable_rtsp: false
[07/31/24 21:53:20] crowsnest:		rtsp_port: 8554
[07/31/24 21:53:20] crowsnest:		port: 8080
[07/31/24 21:53:20] crowsnest:		device: /dev/video1
[07/31/24 21:53:20] crowsnest:		resolution: 1280x720
[07/31/24 21:53:20] crowsnest:		max_fps: 24
[07/31/24 21:53:20] crowsnest: INFO: Detect available Devices
[07/31/24 21:53:20] crowsnest: ERROR: No usable Devices Found. Stopping crowsnest.
[07/31/24 21:53:26] crowsnest: crowsnest - A webcam Service for multiple Cams and Stream Services.
[07/31/24 21:53:26] crowsnest: Version: v4.1.9-1-gd75a3ae
[07/31/24 21:53:26] crowsnest: Prepare Startup ...
[07/31/24 21:53:26] crowsnest: INFO: Host information:
[07/31/24 21:53:26] crowsnest: Host Info: Distribution: Debian GNU/Linux 11 (bullseye)
[07/31/24 21:53:26] crowsnest: Host Info: Kernel: Linux 5.16.17-sun50iw6 aarch64
[07/31/24 21:53:26] crowsnest: Host Info: Available CPU Cores: 4
[07/31/24 21:53:26] crowsnest: Host Info: Available Memory: 2032516 kB
[07/31/24 21:53:26] crowsnest: Host Info: Diskspace (avail. / total): 1.5G / 7.0G
[07/31/24 21:53:26] crowsnest: INFO: Checking Dependencies
[07/31/24 21:53:26] crowsnest: Dependency: 'crudini' found in /usr/bin/crudini.
[07/31/24 21:53:26] crowsnest: Dependency: 'find' found in /usr/bin/find.
[07/31/24 21:53:26] crowsnest: Dependency: 'xargs' found in /usr/bin/xargs.
[07/31/24 21:53:26] crowsnest: Dependency: 'ustreamer' found in bin/ustreamer/src/ustreamer.bin.
[07/31/24 21:53:26] crowsnest: Version Control: ustreamer is up to date. (v6.10)
[07/31/24 21:53:26] crowsnest: INFO: Print Configfile: '/home/kkobold/printer_data/config/crowsnest.conf'
[07/31/24 21:53:26] crowsnest:		[crowsnest]
[07/31/24 21:53:26] crowsnest:		log_path: /home/kkobold/printer_data/logs/crowsnest.log
[07/31/24 21:53:26] crowsnest:		log_level: verbose
[07/31/24 21:53:26] crowsnest:		delete_log: false
[07/31/24 21:53:26] crowsnest:		no_proxy: true
[07/31/24 21:53:26] crowsnest:		
[07/31/24 21:53:26] crowsnest:		[cam 1]
[07/31/24 21:53:26] crowsnest:		mode: ustreamer
[07/31/24 21:53:26] crowsnest:		
[07/31/24 21:53:26] crowsnest:		enable_rtsp: false
[07/31/24 21:53:26] crowsnest:		rtsp_port: 8554
[07/31/24 21:53:26] crowsnest:		port: 8080
[07/31/24 21:53:26] crowsnest:		device: /dev/video1
[07/31/24 21:53:26] crowsnest:		resolution: 1280x720
[07/31/24 21:53:26] crowsnest:		max_fps: 24
[07/31/24 21:53:26] crowsnest: INFO: Detect available Devices
[07/31/24 21:53:26] crowsnest: ERROR: No usable Devices Found. Stopping crowsnest.
[07/31/24 21:53:32] crowsnest: crowsnest - A webcam Service for multiple Cams and Stream Services.
[07/31/24 21:53:32] crowsnest: Version: v4.1.9-1-gd75a3ae
[07/31/24 21:53:32] crowsnest: Prepare Startup ...
[07/31/24 21:53:32] crowsnest: INFO: Host information:
[07/31/24 21:53:32] crowsnest: Host Info: Distribution: Debian GNU/Linux 11 (bullseye)
[07/31/24 21:53:32] crowsnest: Host Info: Kernel: Linux 5.16.17-sun50iw6 aarch64
[07/31/24 21:53:32] crowsnest: Host Info: Available CPU Cores: 4
[07/31/24 21:53:32] crowsnest: Host Info: Available Memory: 2032516 kB
[07/31/24 21:53:32] crowsnest: Host Info: Diskspace (avail. / total): 1.5G / 7.0G
[07/31/24 21:53:32] crowsnest: INFO: Checking Dependencies
[07/31/24 21:53:32] crowsnest: Dependency: 'crudini' found in /usr/bin/crudini.
[07/31/24 21:53:32] crowsnest: Dependency: 'find' found in /usr/bin/find.
[07/31/24 21:53:32] crowsnest: Dependency: 'xargs' found in /usr/bin/xargs.
[07/31/24 21:53:32] crowsnest: Dependency: 'ustreamer' found in bin/ustreamer/src/ustreamer.bin.
[07/31/24 21:53:32] crowsnest: Version Control: ustreamer is up to date. (v6.10)
[07/31/24 21:53:32] crowsnest: INFO: Print Configfile: '/home/kkobold/printer_data/config/crowsnest.conf'
[07/31/24 21:53:32] crowsnest:		[crowsnest]
[07/31/24 21:53:32] crowsnest:		log_path: /home/kkobold/printer_data/logs/crowsnest.log
[07/31/24 21:53:32] crowsnest:		log_level: verbose
[07/31/24 21:53:32] crowsnest:		delete_log: false
[07/31/24 21:53:32] crowsnest:		no_proxy: true
[07/31/24 21:53:32] crowsnest:		
[07/31/24 21:53:32] crowsnest:		[cam 1]
[07/31/24 21:53:32] crowsnest:		mode: ustreamer
[07/31/24 21:53:32] crowsnest:		
[07/31/24 21:53:32] crowsnest:		enable_rtsp: false
[07/31/24 21:53:32] crowsnest:		rtsp_port: 8554
[07/31/24 21:53:32] crowsnest:		port: 8080
[07/31/24 21:53:32] crowsnest:		device: /dev/video1
[07/31/24 21:53:32] crowsnest:		resolution: 1280x720
[07/31/24 21:53:32] crowsnest:		max_fps: 24
[07/31/24 21:53:32] crowsnest: INFO: Detect available Devices
[07/31/24 21:53:32] crowsnest: ERROR: No usable Devices Found. Stopping crowsnest.
[07/31/24 21:53:38] crowsnest: crowsnest - A webcam Service for multiple Cams and Stream Services.
[07/31/24 21:53:38] crowsnest: Version: v4.1.9-1-gd75a3ae
[07/31/24 21:53:38] crowsnest: Prepare Startup ...
[07/31/24 21:53:38] crowsnest: INFO: Host information:
[07/31/24 21:53:38] crowsnest: Host Info: Distribution: Debian GNU/Linux 11 (bullseye)
[07/31/24 21:53:38] crowsnest: Host Info: Kernel: Linux 5.16.17-sun50iw6 aarch64
[07/31/24 21:53:38] crowsnest: Host Info: Available CPU Cores: 4
[07/31/24 21:53:38] crowsnest: Host Info: Available Memory: 2032516 kB
[07/31/24 21:53:38] crowsnest: Host Info: Diskspace (avail. / total): 1.5G / 7.0G
[07/31/24 21:53:38] crowsnest: INFO: Checking Dependencies
[07/31/24 21:53:38] crowsnest: Dependency: 'crudini' found in /usr/bin/crudini.
[07/31/24 21:53:38] crowsnest: Dependency: 'find' found in /usr/bin/find.
[07/31/24 21:53:38] crowsnest: Dependency: 'xargs' found in /usr/bin/xargs.
[07/31/24 21:53:38] crowsnest: Dependency: 'ustreamer' found in bin/ustreamer/src/ustreamer.bin.
[07/31/24 21:53:38] crowsnest: Version Control: ustreamer is up to date. (v6.10)
[07/31/24 21:53:38] crowsnest: INFO: Print Configfile: '/home/kkobold/printer_data/config/crowsnest.conf'
[07/31/24 21:53:38] crowsnest:		[crowsnest]
[07/31/24 21:53:38] crowsnest:		log_path: /home/kkobold/printer_data/logs/crowsnest.log
[07/31/24 21:53:38] crowsnest:		log_level: verbose
[07/31/24 21:53:38] crowsnest:		delete_log: false
[07/31/24 21:53:38] crowsnest:		no_proxy: true
[07/31/24 21:53:38] crowsnest:		
[07/31/24 21:53:38] crowsnest:		[cam 1]
[07/31/24 21:53:38] crowsnest:		mode: ustreamer
[07/31/24 21:53:38] crowsnest:		
[07/31/24 21:53:38] crowsnest:		enable_rtsp: false
[07/31/24 21:53:38] crowsnest:		rtsp_port: 8554
[07/31/24 21:53:38] crowsnest:		port: 8080
[07/31/24 21:53:38] crowsnest:		device: /dev/video1
[07/31/24 21:53:38] crowsnest:		resolution: 1280x720
[07/31/24 21:53:38] crowsnest:		max_fps: 24
[07/31/24 21:53:38] crowsnest: INFO: Detect available Devices
[07/31/24 21:53:38] crowsnest: ERROR: No usable Devices Found. Stopping crowsnest.
[08/02/24 09:17:07] crowsnest: crowsnest - A webcam Service for multiple Cams and Stream Services.
[08/02/24 09:17:07] crowsnest: Version: v4.1.9-1-gd75a3ae
[08/02/24 09:17:07] crowsnest: Prepare Startup ...
[08/02/24 09:17:07] crowsnest: INFO: Host information:
[08/02/24 09:17:07] crowsnest: Host Info: Distribution: Debian GNU/Linux 11 (bullseye)
[08/02/24 09:17:07] crowsnest: Host Info: Kernel: Linux 5.16.17-sun50iw6 aarch64
[08/02/24 09:17:07] crowsnest: Host Info: Available CPU Cores: 4
[08/02/24 09:17:07] crowsnest: Host Info: Available Memory: 2032516 kB
[08/02/24 09:17:07] crowsnest: Host Info: Diskspace (avail. / total): 1.2G / 7.0G
[08/02/24 09:17:08] crowsnest: INFO: Checking Dependencies
[08/02/24 09:17:08] crowsnest: Dependency: 'crudini' found in /usr/bin/crudini.
[08/02/24 09:17:08] crowsnest: Dependency: 'find' found in /usr/bin/find.
[08/02/24 09:17:08] crowsnest: Dependency: 'xargs' found in /usr/bin/xargs.
[08/02/24 09:17:08] crowsnest: Dependency: 'ustreamer' found in bin/ustreamer/src/ustreamer.bin.
[08/02/24 09:17:08] crowsnest: Version Control: ustreamer is up to date. (v6.10)
[08/02/24 09:17:08] crowsnest: INFO: Print Configfile: '/home/kkobold/printer_data/config/crowsnest.conf'
[08/02/24 09:17:08] crowsnest:		[crowsnest]
[08/02/24 09:17:08] crowsnest:		log_path: /home/kkobold/printer_data/logs/crowsnest.log
[08/02/24 09:17:08] crowsnest:		log_level: verbose
[08/02/24 09:17:08] crowsnest:		delete_log: false
[08/02/24 09:17:08] crowsnest:		no_proxy: true
[08/02/24 09:17:08] crowsnest:		
[08/02/24 09:17:08] crowsnest:		[cam 1]
[08/02/24 09:17:08] crowsnest:		mode: ustreamer
[08/02/24 09:17:08] crowsnest:		
[08/02/24 09:17:08] crowsnest:		enable_rtsp: false
[08/02/24 09:17:08] crowsnest:		rtsp_port: 8554
[08/02/24 09:17:08] crowsnest:		port: 8080
[08/02/24 09:17:08] crowsnest:		device: /dev/video1
[08/02/24 09:17:08] crowsnest:		resolution: 1280x720
[08/02/24 09:17:08] crowsnest:		max_fps: 24
[08/02/24 09:17:08] crowsnest: INFO: Detect available Devices
[08/02/24 09:17:08] crowsnest: ERROR: No usable Devices Found. Stopping crowsnest.
[08/02/24 09:17:14] crowsnest: crowsnest - A webcam Service for multiple Cams and Stream Services.
[08/02/24 09:17:14] crowsnest: Version: v4.1.9-1-gd75a3ae
[08/02/24 09:17:14] crowsnest: Prepare Startup ...
[08/02/24 09:17:14] crowsnest: INFO: Host information:
[08/02/24 09:17:14] crowsnest: Host Info: Distribution: Debian GNU/Linux 11 (bullseye)
[08/02/24 09:17:14] crowsnest: Host Info: Kernel: Linux 5.16.17-sun50iw6 aarch64
[08/02/24 09:17:14] crowsnest: Host Info: Available CPU Cores: 4
[08/02/24 09:17:14] crowsnest: Host Info: Available Memory: 2032516 kB
[08/02/24 09:17:14] crowsnest: Host Info: Diskspace (avail. / total): 1.2G / 7.0G
[08/02/24 09:17:14] crowsnest: INFO: Checking Dependencies
[08/02/24 09:17:14] crowsnest: Dependency: 'crudini' found in /usr/bin/crudini.
[08/02/24 09:17:14] crowsnest: Dependency: 'find' found in /usr/bin/find.
[08/02/24 09:17:15] crowsnest: Dependency: 'xargs' found in /usr/bin/xargs.
[08/02/24 09:17:15] crowsnest: Dependency: 'ustreamer' found in bin/ustreamer/src/ustreamer.bin.
[08/02/24 09:17:15] crowsnest: Version Control: ustreamer is up to date. (v6.10)
[08/02/24 09:17:15] crowsnest: INFO: Print Configfile: '/home/kkobold/printer_data/config/crowsnest.conf'
[08/02/24 09:17:15] crowsnest:		[crowsnest]
[08/02/24 09:17:15] crowsnest:		log_path: /home/kkobold/printer_data/logs/crowsnest.log
[08/02/24 09:17:15] crowsnest:		log_level: verbose
[08/02/24 09:17:15] crowsnest:		delete_log: false
[08/02/24 09:17:15] crowsnest:		no_proxy: true
[08/02/24 09:17:15] crowsnest:		
[08/02/24 09:17:15] crowsnest:		[cam 1]
[08/02/24 09:17:15] crowsnest:		mode: ustreamer
[08/02/24 09:17:15] crowsnest:		
[08/02/24 09:17:15] crowsnest:		enable_rtsp: false
[08/02/24 09:17:15] crowsnest:		rtsp_port: 8554
[08/02/24 09:17:15] crowsnest:		port: 8080
[08/02/24 09:17:15] crowsnest:		device: /dev/video1
[08/02/24 09:17:15] crowsnest:		resolution: 1280x720
[08/02/24 09:17:15] crowsnest:		max_fps: 24
[08/02/24 09:17:15] crowsnest: INFO: Detect available Devices
[08/02/24 09:17:15] crowsnest: ERROR: No usable Devices Found. Stopping crowsnest.
[08/02/24 16:02:41] crowsnest: crowsnest - A webcam Service for multiple Cams and Stream Services.
[08/02/24 16:02:41] crowsnest: Version: v4.1.9-1-gd75a3ae
[08/02/24 16:02:41] crowsnest: Prepare Startup ...
[08/02/24 16:02:41] crowsnest: INFO: Host information:
[08/02/24 16:02:41] crowsnest: Host Info: Distribution: Debian GNU/Linux 11 (bullseye)
[08/02/24 16:02:41] crowsnest: Host Info: Kernel: Linux 5.16.17-sun50iw6 aarch64
[08/02/24 16:02:41] crowsnest: Host Info: Available CPU Cores: 4
[08/02/24 16:02:41] crowsnest: Host Info: Available Memory: 2032516 kB
[08/02/24 16:02:41] crowsnest: Host Info: Diskspace (avail. / total): 1.2G / 7.0G
[08/02/24 16:02:41] crowsnest: INFO: Checking Dependencies
[08/02/24 16:02:41] crowsnest: Dependency: 'crudini' found in /usr/bin/crudini.
[08/02/24 16:02:41] crowsnest: Dependency: 'find' found in /usr/bin/find.
[08/02/24 16:02:42] crowsnest: Dependency: 'xargs' found in /usr/bin/xargs.
[08/02/24 16:02:42] crowsnest: Dependency: 'ustreamer' found in bin/ustreamer/src/ustreamer.bin.
[08/02/24 16:02:42] crowsnest: Version Control: ustreamer is up to date. (v6.10)
[08/02/24 16:02:42] crowsnest: INFO: Print Configfile: '/home/kkobold/printer_data/config/crowsnest.conf'
[08/02/24 16:02:42] crowsnest:		[crowsnest]
[08/02/24 16:02:42] crowsnest:		log_path: /home/kkobold/printer_data/logs/crowsnest.log
[08/02/24 16:02:42] crowsnest:		log_level: verbose
[08/02/24 16:02:42] crowsnest:		delete_log: false
[08/02/24 16:02:42] crowsnest:		no_proxy: true
[08/02/24 16:02:42] crowsnest:		
[08/02/24 16:02:42] crowsnest:		[cam 1]
[08/02/24 16:02:42] crowsnest:		mode: ustreamer
[08/02/24 16:02:42] crowsnest:		
[08/02/24 16:02:42] crowsnest:		enable_rtsp: false
[08/02/24 16:02:42] crowsnest:		rtsp_port: 8554
[08/02/24 16:02:42] crowsnest:		port: 8080
[08/02/24 16:02:42] crowsnest:		device: /dev/video1
[08/02/24 16:02:42] crowsnest:		resolution: 1280x720
[08/02/24 16:02:42] crowsnest:		max_fps: 24
[08/02/24 16:02:42] crowsnest: INFO: Detect available Devices
[08/02/24 16:02:42] crowsnest: ERROR: No usable Devices Found. Stopping crowsnest.
[08/02/24 16:02:48] crowsnest: crowsnest - A webcam Service for multiple Cams and Stream Services.
[08/02/24 16:02:48] crowsnest: Version: v4.1.9-1-gd75a3ae
[08/02/24 16:02:48] crowsnest: Prepare Startup ...
[08/02/24 16:02:48] crowsnest: INFO: Host information:
[08/02/24 16:02:48] crowsnest: Host Info: Distribution: Debian GNU/Linux 11 (bullseye)
[08/02/24 16:02:48] crowsnest: Host Info: Kernel: Linux 5.16.17-sun50iw6 aarch64
[08/02/24 16:02:48] crowsnest: Host Info: Available CPU Cores: 4
[08/02/24 16:02:48] crowsnest: Host Info: Available Memory: 2032516 kB
[08/02/24 16:02:48] crowsnest: Host Info: Diskspace (avail. / total): 1.2G / 7.0G
[08/02/24 16:02:48] crowsnest: INFO: Checking Dependencies
[08/02/24 16:02:48] crowsnest: Dependency: 'crudini' found in /usr/bin/crudini.
[08/02/24 16:02:48] crowsnest: Dependency: 'find' found in /usr/bin/find.
[08/02/24 16:02:48] crowsnest: Dependency: 'xargs' found in /usr/bin/xargs.
[08/02/24 16:02:48] crowsnest: Dependency: 'ustreamer' found in bin/ustreamer/src/ustreamer.bin.
[08/02/24 16:02:48] crowsnest: Version Control: ustreamer is up to date. (v6.10)
[08/02/24 16:02:48] crowsnest: INFO: Print Configfile: '/home/kkobold/printer_data/config/crowsnest.conf'
[08/02/24 16:02:48] crowsnest:		[crowsnest]
[08/02/24 16:02:48] crowsnest:		log_path: /home/kkobold/printer_data/logs/crowsnest.log
[08/02/24 16:02:48] crowsnest:		log_level: verbose
[08/02/24 16:02:48] crowsnest:		delete_log: false
[08/02/24 16:02:48] crowsnest:		no_proxy: true
[08/02/24 16:02:48] crowsnest:		
[08/02/24 16:02:48] crowsnest:		[cam 1]
[08/02/24 16:02:48] crowsnest:		mode: ustreamer
[08/02/24 16:02:48] crowsnest:		
[08/02/24 16:02:48] crowsnest:		enable_rtsp: false
[08/02/24 16:02:48] crowsnest:		rtsp_port: 8554
[08/02/24 16:02:48] crowsnest:		port: 8080
[08/02/24 16:02:48] crowsnest:		device: /dev/video1
[08/02/24 16:02:48] crowsnest:		resolution: 1280x720
[08/02/24 16:02:48] crowsnest:		max_fps: 24
[08/02/24 16:02:48] crowsnest: INFO: Detect available Devices
[08/02/24 16:02:48] crowsnest: ERROR: No usable Devices Found. Stopping crowsnest.
[08/02/24 16:02:54] crowsnest: crowsnest - A webcam Service for multiple Cams and Stream Services.
[08/02/24 16:02:54] crowsnest: Version: v4.1.9-1-gd75a3ae
[08/02/24 16:02:54] crowsnest: Prepare Startup ...
[08/02/24 16:02:54] crowsnest: INFO: Host information:
[08/02/24 16:02:54] crowsnest: Host Info: Distribution: Debian GNU/Linux 11 (bullseye)
[08/02/24 16:02:54] crowsnest: Host Info: Kernel: Linux 5.16.17-sun50iw6 aarch64
[08/02/24 16:02:54] crowsnest: Host Info: Available CPU Cores: 4
[08/02/24 16:02:54] crowsnest: Host Info: Available Memory: 2032516 kB
[08/02/24 16:02:54] crowsnest: Host Info: Diskspace (avail. / total): 1.2G / 7.0G
[08/02/24 16:02:54] crowsnest: INFO: Checking Dependencies
[08/02/24 16:02:54] crowsnest: Dependency: 'crudini' found in /usr/bin/crudini.
[08/02/24 16:02:54] crowsnest: Dependency: 'find' found in /usr/bin/find.
[08/02/24 16:02:54] crowsnest: Dependency: 'xargs' found in /usr/bin/xargs.
[08/02/24 16:02:54] crowsnest: Dependency: 'ustreamer' found in bin/ustreamer/src/ustreamer.bin.
[08/02/24 16:02:54] crowsnest: Version Control: ustreamer is up to date. (v6.10)
[08/02/24 16:02:54] crowsnest: INFO: Print Configfile: '/home/kkobold/printer_data/config/crowsnest.conf'
[08/02/24 16:02:54] crowsnest:		[crowsnest]
[08/02/24 16:02:54] crowsnest:		log_path: /home/kkobold/printer_data/logs/crowsnest.log
[08/02/24 16:02:54] crowsnest:		log_level: verbose
[08/02/24 16:02:54] crowsnest:		delete_log: false
[08/02/24 16:02:54] crowsnest:		no_proxy: true
[08/02/24 16:02:54] crowsnest:		
[08/02/24 16:02:54] crowsnest:		[cam 1]
[08/02/24 16:02:54] crowsnest:		mode: ustreamer
[08/02/24 16:02:54] crowsnest:		
[08/02/24 16:02:54] crowsnest:		enable_rtsp: false
[08/02/24 16:02:54] crowsnest:		rtsp_port: 8554
[08/02/24 16:02:54] crowsnest:		port: 8080
[08/02/24 16:02:54] crowsnest:		device: /dev/video1
[08/02/24 16:02:54] crowsnest:		resolution: 1280x720
[08/02/24 16:02:54] crowsnest:		max_fps: 24
[08/02/24 16:02:54] crowsnest: INFO: Detect available Devices
[08/02/24 16:02:54] crowsnest: ERROR: No usable Devices Found. Stopping crowsnest.
[08/02/24 16:03:01] crowsnest: crowsnest - A webcam Service for multiple Cams and Stream Services.
[08/02/24 16:03:01] crowsnest: Version: v4.1.9-1-gd75a3ae
[08/02/24 16:03:01] crowsnest: Prepare Startup ...
[08/02/24 16:03:01] crowsnest: INFO: Host information:
[08/02/24 16:03:01] crowsnest: Host Info: Distribution: Debian GNU/Linux 11 (bullseye)
[08/02/24 16:03:01] crowsnest: Host Info: Kernel: Linux 5.16.17-sun50iw6 aarch64
[08/02/24 16:03:01] crowsnest: Host Info: Available CPU Cores: 4
[08/02/24 16:03:01] crowsnest: Host Info: Available Memory: 2032516 kB
[08/02/24 16:03:01] crowsnest: Host Info: Diskspace (avail. / total): 1.2G / 7.0G
[08/02/24 16:03:01] crowsnest: INFO: Checking Dependencies
[08/02/24 16:03:01] crowsnest: Dependency: 'crudini' found in /usr/bin/crudini.
[08/02/24 16:03:01] crowsnest: Dependency: 'find' found in /usr/bin/find.
[08/02/24 16:03:01] crowsnest: Dependency: 'xargs' found in /usr/bin/xargs.
[08/02/24 16:03:01] crowsnest: Dependency: 'ustreamer' found in bin/ustreamer/src/ustreamer.bin.
[08/02/24 16:03:01] crowsnest: Version Control: ustreamer is up to date. (v6.10)
[08/02/24 16:03:01] crowsnest: INFO: Print Configfile: '/home/kkobold/printer_data/config/crowsnest.conf'
[08/02/24 16:03:01] crowsnest:		[crowsnest]
[08/02/24 16:03:01] crowsnest:		log_path: /home/kkobold/printer_data/logs/crowsnest.log
[08/02/24 16:03:01] crowsnest:		log_level: verbose
[08/02/24 16:03:01] crowsnest:		delete_log: false
[08/02/24 16:03:01] crowsnest:		no_proxy: true
[08/02/24 16:03:01] crowsnest:		
[08/02/24 16:03:01] crowsnest:		[cam 1]
[08/02/24 16:03:01] crowsnest:		mode: ustreamer
[08/02/24 16:03:01] crowsnest:		
[08/02/24 16:03:01] crowsnest:		enable_rtsp: false
[08/02/24 16:03:01] crowsnest:		rtsp_port: 8554
[08/02/24 16:03:01] crowsnest:		port: 8080
[08/02/24 16:03:01] crowsnest:		device: /dev/video1
[08/02/24 16:03:01] crowsnest:		resolution: 1280x720
[08/02/24 16:03:01] crowsnest:		max_fps: 24
[08/02/24 16:03:01] crowsnest: INFO: Detect available Devices
[08/02/24 16:03:01] crowsnest: ERROR: No usable Devices Found. Stopping crowsnest.
[08/02/24 16:03:07] crowsnest: crowsnest - A webcam Service for multiple Cams and Stream Services.
[08/02/24 16:03:07] crowsnest: Version: v4.1.9-1-gd75a3ae
[08/02/24 16:03:07] crowsnest: Prepare Startup ...
[08/02/24 16:03:07] crowsnest: INFO: Host information:
[08/02/24 16:03:07] crowsnest: Host Info: Distribution: Debian GNU/Linux 11 (bullseye)
[08/02/24 16:03:07] crowsnest: Host Info: Kernel: Linux 5.16.17-sun50iw6 aarch64
[08/02/24 16:03:07] crowsnest: Host Info: Available CPU Cores: 4
[08/02/24 16:03:07] crowsnest: Host Info: Available Memory: 2032516 kB
[08/02/24 16:03:07] crowsnest: Host Info: Diskspace (avail. / total): 1.2G / 7.0G
[08/02/24 16:03:07] crowsnest: INFO: Checking Dependencies
[08/02/24 16:03:07] crowsnest: Dependency: 'crudini' found in /usr/bin/crudini.
[08/02/24 16:03:07] crowsnest: Dependency: 'find' found in /usr/bin/find.
[08/02/24 16:03:07] crowsnest: Dependency: 'xargs' found in /usr/bin/xargs.
[08/02/24 16:03:07] crowsnest: Dependency: 'ustreamer' found in bin/ustreamer/src/ustreamer.bin.
[08/02/24 16:03:07] crowsnest: Version Control: ustreamer is up to date. (v6.10)
[08/02/24 16:03:07] crowsnest: INFO: Print Configfile: '/home/kkobold/printer_data/config/crowsnest.conf'
[08/02/24 16:03:07] crowsnest:		[crowsnest]
[08/02/24 16:03:07] crowsnest:		log_path: /home/kkobold/printer_data/logs/crowsnest.log
[08/02/24 16:03:07] crowsnest:		log_level: verbose
[08/02/24 16:03:07] crowsnest:		delete_log: false
[08/02/24 16:03:07] crowsnest:		no_proxy: true
[08/02/24 16:03:07] crowsnest:		
[08/02/24 16:03:07] crowsnest:		[cam 1]
[08/02/24 16:03:07] crowsnest:		mode: ustreamer
[08/02/24 16:03:07] crowsnest:		
[08/02/24 16:03:07] crowsnest:		enable_rtsp: false
[08/02/24 16:03:07] crowsnest:		rtsp_port: 8554
[08/02/24 16:03:07] crowsnest:		port: 8080
[08/02/24 16:03:07] crowsnest:		device: /dev/video1
[08/02/24 16:03:07] crowsnest:		resolution: 1280x720
[08/02/24 16:03:07] crowsnest:		max_fps: 24
[08/02/24 16:03:07] crowsnest: INFO: Detect available Devices
[08/02/24 16:03:07] crowsnest: ERROR: No usable Devices Found. Stopping crowsnest.
[08/02/24 16:03:13] crowsnest: crowsnest - A webcam Service for multiple Cams and Stream Services.
[08/02/24 16:03:13] crowsnest: Version: v4.1.9-1-gd75a3ae
[08/02/24 16:03:13] crowsnest: Prepare Startup ...
[08/02/24 16:03:13] crowsnest: INFO: Host information:
[08/02/24 16:03:13] crowsnest: Host Info: Distribution: Debian GNU/Linux 11 (bullseye)
[08/02/24 16:03:13] crowsnest: Host Info: Kernel: Linux 5.16.17-sun50iw6 aarch64
[08/02/24 16:03:13] crowsnest: Host Info: Available CPU Cores: 4
[08/02/24 16:03:13] crowsnest: Host Info: Available Memory: 2032516 kB
[08/02/24 16:03:13] crowsnest: Host Info: Diskspace (avail. / total): 1.2G / 7.0G
[08/02/24 16:03:13] crowsnest: INFO: Checking Dependencies
[08/02/24 16:03:13] crowsnest: Dependency: 'crudini' found in /usr/bin/crudini.
[08/02/24 16:03:13] crowsnest: Dependency: 'find' found in /usr/bin/find.
[08/02/24 16:03:13] crowsnest: Dependency: 'xargs' found in /usr/bin/xargs.
[08/02/24 16:03:13] crowsnest: Dependency: 'ustreamer' found in bin/ustreamer/src/ustreamer.bin.
[08/02/24 16:03:13] crowsnest: Version Control: ustreamer is up to date. (v6.10)
[08/02/24 16:03:13] crowsnest: INFO: Print Configfile: '/home/kkobold/printer_data/config/crowsnest.conf'
[08/02/24 16:03:13] crowsnest:		[crowsnest]
[08/02/24 16:03:13] crowsnest:		log_path: /home/kkobold/printer_data/logs/crowsnest.log
[08/02/24 16:03:13] crowsnest:		log_level: verbose
[08/02/24 16:03:13] crowsnest:		delete_log: false
[08/02/24 16:03:13] crowsnest:		no_proxy: true
[08/02/24 16:03:13] crowsnest:		
[08/02/24 16:03:13] crowsnest:		[cam 1]
[08/02/24 16:03:13] crowsnest:		mode: ustreamer
[08/02/24 16:03:13] crowsnest:		
[08/02/24 16:03:13] crowsnest:		enable_rtsp: false
[08/02/24 16:03:13] crowsnest:		rtsp_port: 8554
[08/02/24 16:03:13] crowsnest:		port: 8080
[08/02/24 16:03:13] crowsnest:		device: /dev/video1
[08/02/24 16:03:13] crowsnest:		resolution: 1280x720
[08/02/24 16:03:13] crowsnest:		max_fps: 24
[08/02/24 16:03:13] crowsnest: INFO: Detect available Devices
[08/02/24 16:03:14] crowsnest: ERROR: No usable Devices Found. Stopping crowsnest.
[08/02/24 16:03:19] crowsnest: crowsnest - A webcam Service for multiple Cams and Stream Services.
[08/02/24 16:03:20] crowsnest: Version: v4.1.9-1-gd75a3ae
[08/02/24 16:03:20] crowsnest: Prepare Startup ...
[08/02/24 16:03:20] crowsnest: INFO: Host information:
[08/02/24 16:03:20] crowsnest: Host Info: Distribution: Debian GNU/Linux 11 (bullseye)
[08/02/24 16:03:20] crowsnest: Host Info: Kernel: Linux 5.16.17-sun50iw6 aarch64
[08/02/24 16:03:20] crowsnest: Host Info: Available CPU Cores: 4
[08/02/24 16:03:20] crowsnest: Host Info: Available Memory: 2032516 kB
[08/02/24 16:03:20] crowsnest: Host Info: Diskspace (avail. / total): 1.2G / 7.0G
[08/02/24 16:03:20] crowsnest: INFO: Checking Dependencies
[08/02/24 16:03:20] crowsnest: Dependency: 'crudini' found in /usr/bin/crudini.
[08/02/24 16:03:20] crowsnest: Dependency: 'find' found in /usr/bin/find.
[08/02/24 16:03:20] crowsnest: Dependency: 'xargs' found in /usr/bin/xargs.
[08/02/24 16:03:20] crowsnest: Dependency: 'ustreamer' found in bin/ustreamer/src/ustreamer.bin.
[08/02/24 16:03:20] crowsnest: Version Control: ustreamer is up to date. (v6.10)
[08/02/24 16:03:20] crowsnest: INFO: Print Configfile: '/home/kkobold/printer_data/config/crowsnest.conf'
[08/02/24 16:03:20] crowsnest:		[crowsnest]
[08/02/24 16:03:20] crowsnest:		log_path: /home/kkobold/printer_data/logs/crowsnest.log
[08/02/24 16:03:20] crowsnest:		log_level: verbose
[08/02/24 16:03:20] crowsnest:		delete_log: false
[08/02/24 16:03:20] crowsnest:		no_proxy: true
[08/02/24 16:03:20] crowsnest:		
[08/02/24 16:03:20] crowsnest:		[cam 1]
[08/02/24 16:03:20] crowsnest:		mode: ustreamer
[08/02/24 16:03:20] crowsnest:		
[08/02/24 16:03:20] crowsnest:		enable_rtsp: false
[08/02/24 16:03:20] crowsnest:		rtsp_port: 8554
[08/02/24 16:03:20] crowsnest:		port: 8080
[08/02/24 16:03:20] crowsnest:		device: /dev/video1
[08/02/24 16:03:20] crowsnest:		resolution: 1280x720
[08/02/24 16:03:20] crowsnest:		max_fps: 24
[08/02/24 16:03:20] crowsnest: INFO: Detect available Devices
[08/02/24 16:03:20] crowsnest: ERROR: No usable Devices Found. Stopping crowsnest.
[08/02/24 16:03:26] crowsnest: crowsnest - A webcam Service for multiple Cams and Stream Services.
[08/02/24 16:03:26] crowsnest: Version: v4.1.9-1-gd75a3ae
[08/02/24 16:03:26] crowsnest: Prepare Startup ...
[08/02/24 16:03:26] crowsnest: INFO: Host information:
[08/02/24 16:03:26] crowsnest: Host Info: Distribution: Debian GNU/Linux 11 (bullseye)
[08/02/24 16:03:26] crowsnest: Host Info: Kernel: Linux 5.16.17-sun50iw6 aarch64
[08/02/24 16:03:26] crowsnest: Host Info: Available CPU Cores: 4
[08/02/24 16:03:26] crowsnest: Host Info: Available Memory: 2032516 kB
[08/02/24 16:03:26] crowsnest: Host Info: Diskspace (avail. / total): 1.2G / 7.0G
[08/02/24 16:03:26] crowsnest: INFO: Checking Dependencies
[08/02/24 16:03:26] crowsnest: Dependency: 'crudini' found in /usr/bin/crudini.
[08/02/24 16:03:26] crowsnest: Dependency: 'find' found in /usr/bin/find.
[08/02/24 16:03:26] crowsnest: Dependency: 'xargs' found in /usr/bin/xargs.
[08/02/24 16:03:26] crowsnest: Dependency: 'ustreamer' found in bin/ustreamer/src/ustreamer.bin.
[08/02/24 16:03:26] crowsnest: Version Control: ustreamer is up to date. (v6.10)
[08/02/24 16:03:26] crowsnest: INFO: Print Configfile: '/home/kkobold/printer_data/config/crowsnest.conf'
[08/02/24 16:03:26] crowsnest:		[crowsnest]
[08/02/24 16:03:26] crowsnest:		log_path: /home/kkobold/printer_data/logs/crowsnest.log
[08/02/24 16:03:26] crowsnest:		log_level: verbose
[08/02/24 16:03:26] crowsnest:		delete_log: false
[08/02/24 16:03:26] crowsnest:		no_proxy: true
[08/02/24 16:03:26] crowsnest:		
[08/02/24 16:03:26] crowsnest:		[cam 1]
[08/02/24 16:03:26] crowsnest:		mode: ustreamer
[08/02/24 16:03:26] crowsnest:		
[08/02/24 16:03:26] crowsnest:		enable_rtsp: false
[08/02/24 16:03:26] crowsnest:		rtsp_port: 8554
[08/02/24 16:03:26] crowsnest:		port: 8080
[08/02/24 16:03:26] crowsnest:		device: /dev/video1
[08/02/24 16:03:26] crowsnest:		resolution: 1280x720
[08/02/24 16:03:26] crowsnest:		max_fps: 24
[08/02/24 16:03:26] crowsnest: INFO: Detect available Devices
[08/02/24 16:03:26] crowsnest: ERROR: No usable Devices Found. Stopping crowsnest.
[08/02/24 09:17:07] crowsnest: crowsnest - A webcam Service for multiple Cams and Stream Services.
[08/02/24 09:17:07] crowsnest: Version: v4.1.9-1-gd75a3ae
[08/02/24 09:17:07] crowsnest: Prepare Startup ...
[08/02/24 09:17:08] crowsnest: INFO: Host information:
[08/02/24 09:17:08] crowsnest: Host Info: Distribution: Debian GNU/Linux 11 (bullseye)
[08/02/24 09:17:08] crowsnest: Host Info: Kernel: Linux 5.16.17-sun50iw6 aarch64
[08/02/24 09:17:08] crowsnest: Host Info: Available CPU Cores: 4
[08/02/24 09:17:08] crowsnest: Host Info: Available Memory: 2032516 kB
[08/02/24 09:17:08] crowsnest: Host Info: Diskspace (avail. / total): 1.2G / 7.0G
[08/02/24 09:17:08] crowsnest: INFO: Checking Dependencies
[08/02/24 09:17:08] crowsnest: Dependency: 'crudini' found in /usr/bin/crudini.
[08/02/24 09:17:08] crowsnest: Dependency: 'find' found in /usr/bin/find.
[08/02/24 09:17:08] crowsnest: Dependency: 'xargs' found in /usr/bin/xargs.
[08/02/24 09:17:08] crowsnest: Dependency: 'ustreamer' found in bin/ustreamer/src/ustreamer.bin.
[08/02/24 09:17:08] crowsnest: Version Control: ustreamer is up to date. (v6.10)
[08/02/24 09:17:08] crowsnest: INFO: Print Configfile: '/home/kkobold/printer_data/config/crowsnest.conf'
[08/02/24 09:17:08] crowsnest:		[crowsnest]
[08/02/24 09:17:08] crowsnest:		log_path: /home/kkobold/printer_data/logs/crowsnest.log
[08/02/24 09:17:08] crowsnest:		log_level: verbose
[08/02/24 09:17:08] crowsnest:		delete_log: false
[08/02/24 09:17:08] crowsnest:		no_proxy: true
[08/02/24 09:17:08] crowsnest:		
[08/02/24 09:17:08] crowsnest:		[cam 1]
[08/02/24 09:17:08] crowsnest:		mode: ustreamer
[08/02/24 09:17:08] crowsnest:		
[08/02/24 09:17:08] crowsnest:		enable_rtsp: false
[08/02/24 09:17:08] crowsnest:		rtsp_port: 8554
[08/02/24 09:17:08] crowsnest:		port: 8080
[08/02/24 09:17:08] crowsnest:		device: /dev/video1
[08/02/24 09:17:08] crowsnest:		resolution: 1280x720
[08/02/24 09:17:08] crowsnest:		max_fps: 24
[08/02/24 09:17:08] crowsnest: INFO: Detect available Devices
[08/02/24 09:17:08] crowsnest: ERROR: No usable Devices Found. Stopping crowsnest.
[08/02/24 09:17:14] crowsnest: crowsnest - A webcam Service for multiple Cams and Stream Services.
[08/02/24 09:17:14] crowsnest: Version: v4.1.9-1-gd75a3ae
[08/02/24 09:17:14] crowsnest: Prepare Startup ...
[08/02/24 09:17:14] crowsnest: INFO: Host information:
[08/02/24 09:17:14] crowsnest: Host Info: Distribution: Debian GNU/Linux 11 (bullseye)
[08/02/24 09:17:14] crowsnest: Host Info: Kernel: Linux 5.16.17-sun50iw6 aarch64
[08/02/24 09:17:14] crowsnest: Host Info: Available CPU Cores: 4
[08/02/24 09:17:14] crowsnest: Host Info: Available Memory: 2032516 kB
[08/02/24 09:17:14] crowsnest: Host Info: Diskspace (avail. / total): 1.2G / 7.0G
[08/02/24 09:17:14] crowsnest: INFO: Checking Dependencies
[08/02/24 09:17:14] crowsnest: Dependency: 'crudini' found in /usr/bin/crudini.
[08/02/24 09:17:14] crowsnest: Dependency: 'find' found in /usr/bin/find.
[08/02/24 09:17:14] crowsnest: Dependency: 'xargs' found in /usr/bin/xargs.
[08/02/24 09:17:14] crowsnest: Dependency: 'ustreamer' found in bin/ustreamer/src/ustreamer.bin.
[08/02/24 09:17:14] crowsnest: Version Control: ustreamer is up to date. (v6.10)
[08/02/24 09:17:14] crowsnest: INFO: Print Configfile: '/home/kkobold/printer_data/config/crowsnest.conf'
[08/02/24 09:17:14] crowsnest:		[crowsnest]
[08/02/24 09:17:14] crowsnest:		log_path: /home/kkobold/printer_data/logs/crowsnest.log
[08/02/24 09:17:14] crowsnest:		log_level: verbose
[08/02/24 09:17:14] crowsnest:		delete_log: false
[08/02/24 09:17:14] crowsnest:		no_proxy: true
[08/02/24 09:17:14] crowsnest:		
[08/02/24 09:17:14] crowsnest:		[cam 1]
[08/02/24 09:17:14] crowsnest:		mode: ustreamer
[08/02/24 09:17:14] crowsnest:		
[08/02/24 09:17:14] crowsnest:		enable_rtsp: false
[08/02/24 09:17:14] crowsnest:		rtsp_port: 8554
[08/02/24 09:17:14] crowsnest:		port: 8080
[08/02/24 09:17:14] crowsnest:		device: /dev/video1
[08/02/24 09:17:14] crowsnest:		resolution: 1280x720
[08/02/24 09:17:14] crowsnest:		max_fps: 24
[08/02/24 09:17:14] crowsnest: INFO: Detect available Devices
[08/02/24 09:17:15] crowsnest: ERROR: No usable Devices Found. Stopping crowsnest.
[08/02/24 21:32:35] crowsnest: crowsnest - A webcam Service for multiple Cams and Stream Services.
[08/02/24 21:32:35] crowsnest: Version: v4.1.9-1-gd75a3ae
[08/02/24 21:32:35] crowsnest: Prepare Startup ...
[08/02/24 21:32:35] crowsnest: INFO: Host information:
[08/02/24 21:32:35] crowsnest: Host Info: Distribution: Debian GNU/Linux 11 (bullseye)
[08/02/24 21:32:35] crowsnest: Host Info: Kernel: Linux 5.16.17-sun50iw6 aarch64
[08/02/24 21:32:35] crowsnest: Host Info: Available CPU Cores: 4
[08/02/24 21:32:35] crowsnest: Host Info: Available Memory: 2032516 kB
[08/02/24 21:32:35] crowsnest: Host Info: Diskspace (avail. / total): 1.2G / 7.0G
[08/02/24 21:32:35] crowsnest: INFO: Checking Dependencies
[08/02/24 21:32:35] crowsnest: Dependency: 'crudini' found in /usr/bin/crudini.
[08/02/24 21:32:35] crowsnest: Dependency: 'find' found in /usr/bin/find.
[08/02/24 21:32:35] crowsnest: Dependency: 'xargs' found in /usr/bin/xargs.
[08/02/24 21:32:35] crowsnest: Dependency: 'ustreamer' found in bin/ustreamer/src/ustreamer.bin.
[08/02/24 21:32:35] crowsnest: Version Control: ustreamer is up to date. (v6.10)
[08/02/24 21:32:35] crowsnest: INFO: Print Configfile: '/home/kkobold/printer_data/config/crowsnest.conf'
[08/02/24 21:32:35] crowsnest:		[crowsnest]
[08/02/24 21:32:35] crowsnest:		log_path: /home/kkobold/printer_data/logs/crowsnest.log
[08/02/24 21:32:35] crowsnest:		log_level: verbose
[08/02/24 21:32:35] crowsnest:		delete_log: false
[08/02/24 21:32:35] crowsnest:		no_proxy: true
[08/02/24 21:32:35] crowsnest:		
[08/02/24 21:32:35] crowsnest:		[cam 1]
[08/02/24 21:32:35] crowsnest:		mode: ustreamer
[08/02/24 21:32:35] crowsnest:		
[08/02/24 21:32:35] crowsnest:		enable_rtsp: false
[08/02/24 21:32:35] crowsnest:		rtsp_port: 8554
[08/02/24 21:32:35] crowsnest:		port: 8080
[08/02/24 21:32:35] crowsnest:		device: /dev/video1
[08/02/24 21:32:35] crowsnest:		resolution: 1280x720
[08/02/24 21:32:35] crowsnest:		max_fps: 24
[08/02/24 21:32:35] crowsnest: INFO: Detect available Devices
[08/02/24 21:32:35] crowsnest: ERROR: No usable Devices Found. Stopping crowsnest.
[08/02/24 21:32:41] crowsnest: crowsnest - A webcam Service for multiple Cams and Stream Services.
[08/02/24 21:32:41] crowsnest: Version: v4.1.9-1-gd75a3ae
[08/02/24 21:32:41] crowsnest: Prepare Startup ...
[08/02/24 21:32:41] crowsnest: INFO: Host information:
[08/02/24 21:32:41] crowsnest: Host Info: Distribution: Debian GNU/Linux 11 (bullseye)
[08/02/24 21:32:42] crowsnest: Host Info: Kernel: Linux 5.16.17-sun50iw6 aarch64
[08/02/24 21:32:42] crowsnest: Host Info: Available CPU Cores: 4
[08/02/24 21:32:42] crowsnest: Host Info: Available Memory: 2032516 kB
[08/02/24 21:32:42] crowsnest: Host Info: Diskspace (avail. / total): 1.2G / 7.0G
[08/02/24 21:32:42] crowsnest: INFO: Checking Dependencies
[08/02/24 21:32:42] crowsnest: Dependency: 'crudini' found in /usr/bin/crudini.
[08/02/24 21:32:42] crowsnest: Dependency: 'find' found in /usr/bin/find.
[08/02/24 21:32:42] crowsnest: Dependency: 'xargs' found in /usr/bin/xargs.
[08/02/24 21:32:42] crowsnest: Dependency: 'ustreamer' found in bin/ustreamer/src/ustreamer.bin.
[08/02/24 21:32:42] crowsnest: Version Control: ustreamer is up to date. (v6.10)
[08/02/24 21:32:42] crowsnest: INFO: Print Configfile: '/home/kkobold/printer_data/config/crowsnest.conf'
[08/02/24 21:32:42] crowsnest:		[crowsnest]
[08/02/24 21:32:42] crowsnest:		log_path: /home/kkobold/printer_data/logs/crowsnest.log
[08/02/24 21:32:42] crowsnest:		log_level: verbose
[08/02/24 21:32:42] crowsnest:		delete_log: false
[08/02/24 21:32:42] crowsnest:		no_proxy: true
[08/02/24 21:32:42] crowsnest:		
[08/02/24 21:32:42] crowsnest:		[cam 1]
[08/02/24 21:32:42] crowsnest:		mode: ustreamer
[08/02/24 21:32:42] crowsnest:		
[08/02/24 21:32:42] crowsnest:		enable_rtsp: false
[08/02/24 21:32:42] crowsnest:		rtsp_port: 8554
[08/02/24 21:32:42] crowsnest:		port: 8080
[08/02/24 21:32:42] crowsnest:		device: /dev/video1
[08/02/24 21:32:42] crowsnest:		resolution: 1280x720
[08/02/24 21:32:42] crowsnest:		max_fps: 24
[08/02/24 21:32:42] crowsnest: INFO: Detect available Devices
[08/02/24 21:32:42] crowsnest: ERROR: No usable Devices Found. Stopping crowsnest.
[08/02/24 21:32:48] crowsnest: crowsnest - A webcam Service for multiple Cams and Stream Services.
[08/02/24 21:32:48] crowsnest: Version: v4.1.9-1-gd75a3ae
[08/02/24 21:32:48] crowsnest: Prepare Startup ...
[08/02/24 21:32:48] crowsnest: INFO: Host information:
[08/02/24 21:32:48] crowsnest: Host Info: Distribution: Debian GNU/Linux 11 (bullseye)
[08/02/24 21:32:48] crowsnest: Host Info: Kernel: Linux 5.16.17-sun50iw6 aarch64
[08/02/24 21:32:48] crowsnest: Host Info: Available CPU Cores: 4
[08/02/24 21:32:48] crowsnest: Host Info: Available Memory: 2032516 kB
[08/02/24 21:32:48] crowsnest: Host Info: Diskspace (avail. / total): 1.2G / 7.0G
[08/02/24 21:32:48] crowsnest: INFO: Checking Dependencies
[08/02/24 21:32:48] crowsnest: Dependency: 'crudini' found in /usr/bin/crudini.
[08/02/24 21:32:48] crowsnest: Dependency: 'find' found in /usr/bin/find.
[08/02/24 21:32:48] crowsnest: Dependency: 'xargs' found in /usr/bin/xargs.
[08/02/24 21:32:48] crowsnest: Dependency: 'ustreamer' found in bin/ustreamer/src/ustreamer.bin.
[08/02/24 21:32:48] crowsnest: Version Control: ustreamer is up to date. (v6.10)
[08/02/24 21:32:48] crowsnest: INFO: Print Configfile: '/home/kkobold/printer_data/config/crowsnest.conf'
[08/02/24 21:32:48] crowsnest:		[crowsnest]
[08/02/24 21:32:48] crowsnest:		log_path: /home/kkobold/printer_data/logs/crowsnest.log
[08/02/24 21:32:48] crowsnest:		log_level: verbose
[08/02/24 21:32:48] crowsnest:		delete_log: false
[08/02/24 21:32:48] crowsnest:		no_proxy: true
[08/02/24 21:32:48] crowsnest:		
[08/02/24 21:32:48] crowsnest:		[cam 1]
[08/02/24 21:32:48] crowsnest:		mode: ustreamer
[08/02/24 21:32:48] crowsnest:		
[08/02/24 21:32:48] crowsnest:		enable_rtsp: false
[08/02/24 21:32:48] crowsnest:		rtsp_port: 8554
[08/02/24 21:32:48] crowsnest:		port: 8080
[08/02/24 21:32:48] crowsnest:		device: /dev/video1
[08/02/24 21:32:48] crowsnest:		resolution: 1280x720
[08/02/24 21:32:48] crowsnest:		max_fps: 24
[08/02/24 21:32:48] crowsnest: INFO: Detect available Devices
[08/02/24 21:32:48] crowsnest: ERROR: No usable Devices Found. Stopping crowsnest.
[08/02/24 21:32:54] crowsnest: crowsnest - A webcam Service for multiple Cams and Stream Services.
[08/02/24 21:32:54] crowsnest: Version: v4.1.9-1-gd75a3ae
[08/02/24 21:32:54] crowsnest: Prepare Startup ...
[08/02/24 21:32:54] crowsnest: INFO: Host information:
[08/02/24 21:32:54] crowsnest: Host Info: Distribution: Debian GNU/Linux 11 (bullseye)
[08/02/24 21:32:54] crowsnest: Host Info: Kernel: Linux 5.16.17-sun50iw6 aarch64
[08/02/24 21:32:54] crowsnest: Host Info: Available CPU Cores: 4
[08/02/24 21:32:54] crowsnest: Host Info: Available Memory: 2032516 kB
[08/02/24 21:32:54] crowsnest: Host Info: Diskspace (avail. / total): 1.2G / 7.0G
[08/02/24 21:32:54] crowsnest: INFO: Checking Dependencies
[08/02/24 21:32:54] crowsnest: Dependency: 'crudini' found in /usr/bin/crudini.
[08/02/24 21:32:54] crowsnest: Dependency: 'find' found in /usr/bin/find.
[08/02/24 21:32:54] crowsnest: Dependency: 'xargs' found in /usr/bin/xargs.
[08/02/24 21:32:54] crowsnest: Dependency: 'ustreamer' found in bin/ustreamer/src/ustreamer.bin.
[08/02/24 21:32:54] crowsnest: Version Control: ustreamer is up to date. (v6.10)
[08/02/24 21:32:54] crowsnest: INFO: Print Configfile: '/home/kkobold/printer_data/config/crowsnest.conf'
[08/02/24 21:32:54] crowsnest:		[crowsnest]
[08/02/24 21:32:54] crowsnest:		log_path: /home/kkobold/printer_data/logs/crowsnest.log
[08/02/24 21:32:54] crowsnest:		log_level: verbose
[08/02/24 21:32:54] crowsnest:		delete_log: false
[08/02/24 21:32:54] crowsnest:		no_proxy: true
[08/02/24 21:32:54] crowsnest:		
[08/02/24 21:32:54] crowsnest:		[cam 1]
[08/02/24 21:32:54] crowsnest:		mode: ustreamer
[08/02/24 21:32:54] crowsnest:		
[08/02/24 21:32:54] crowsnest:		enable_rtsp: false
[08/02/24 21:32:54] crowsnest:		rtsp_port: 8554
[08/02/24 21:32:54] crowsnest:		port: 8080
[08/02/24 21:32:54] crowsnest:		device: /dev/video1
[08/02/24 21:32:54] crowsnest:		resolution: 1280x720
[08/02/24 21:32:54] crowsnest:		max_fps: 24
[08/02/24 21:32:54] crowsnest: INFO: Detect available Devices
[08/02/24 21:32:55] crowsnest: ERROR: No usable Devices Found. Stopping crowsnest.
[08/02/24 21:33:01] crowsnest: crowsnest - A webcam Service for multiple Cams and Stream Services.
[08/02/24 21:33:01] crowsnest: Version: v4.1.9-1-gd75a3ae
[08/02/24 21:33:01] crowsnest: Prepare Startup ...
[08/02/24 21:33:01] crowsnest: INFO: Host information:
[08/02/24 21:33:01] crowsnest: Host Info: Distribution: Debian GNU/Linux 11 (bullseye)
[08/02/24 21:33:01] crowsnest: Host Info: Kernel: Linux 5.16.17-sun50iw6 aarch64
[08/02/24 21:33:01] crowsnest: Host Info: Available CPU Cores: 4
[08/02/24 21:33:01] crowsnest: Host Info: Available Memory: 2032516 kB
[08/02/24 21:33:01] crowsnest: Host Info: Diskspace (avail. / total): 1.2G / 7.0G
[08/02/24 21:33:01] crowsnest: INFO: Checking Dependencies
[08/02/24 21:33:01] crowsnest: Dependency: 'crudini' found in /usr/bin/crudini.
[08/02/24 21:33:01] crowsnest: Dependency: 'find' found in /usr/bin/find.
[08/02/24 21:33:01] crowsnest: Dependency: 'xargs' found in /usr/bin/xargs.
[08/02/24 21:33:01] crowsnest: Dependency: 'ustreamer' found in bin/ustreamer/src/ustreamer.bin.
[08/02/24 21:33:01] crowsnest: Version Control: ustreamer is up to date. (v6.10)
[08/02/24 21:33:01] crowsnest: INFO: Print Configfile: '/home/kkobold/printer_data/config/crowsnest.conf'
[08/02/24 21:33:01] crowsnest:		[crowsnest]
[08/02/24 21:33:01] crowsnest:		log_path: /home/kkobold/printer_data/logs/crowsnest.log
[08/02/24 21:33:01] crowsnest:		log_level: verbose
[08/02/24 21:33:01] crowsnest:		delete_log: false
[08/02/24 21:33:01] crowsnest:		no_proxy: true
[08/02/24 21:33:01] crowsnest:		
[08/02/24 21:33:01] crowsnest:		[cam 1]
[08/02/24 21:33:01] crowsnest:		mode: ustreamer
[08/02/24 21:33:01] crowsnest:		
[08/02/24 21:33:01] crowsnest:		enable_rtsp: false
[08/02/24 21:33:01] crowsnest:		rtsp_port: 8554
[08/02/24 21:33:01] crowsnest:		port: 8080
[08/02/24 21:33:01] crowsnest:		device: /dev/video1
[08/02/24 21:33:01] crowsnest:		resolution: 1280x720
[08/02/24 21:33:01] crowsnest:		max_fps: 24
[08/02/24 21:33:01] crowsnest: INFO: Detect available Devices
[08/02/24 21:33:01] crowsnest: ERROR: No usable Devices Found. Stopping crowsnest.
[08/02/24 21:33:07] crowsnest: crowsnest - A webcam Service for multiple Cams and Stream Services.
[08/02/24 21:33:07] crowsnest: Version: v4.1.9-1-gd75a3ae
[08/02/24 21:33:07] crowsnest: Prepare Startup ...
[08/02/24 21:33:07] crowsnest: INFO: Host information:
[08/02/24 21:33:07] crowsnest: Host Info: Distribution: Debian GNU/Linux 11 (bullseye)
[08/02/24 21:33:07] crowsnest: Host Info: Kernel: Linux 5.16.17-sun50iw6 aarch64
[08/02/24 21:33:07] crowsnest: Host Info: Available CPU Cores: 4
[08/02/24 21:33:07] crowsnest: Host Info: Available Memory: 2032516 kB
[08/02/24 21:33:07] crowsnest: Host Info: Diskspace (avail. / total): 1.2G / 7.0G
[08/02/24 21:33:07] crowsnest: INFO: Checking Dependencies
[08/02/24 21:33:07] crowsnest: Dependency: 'crudini' found in /usr/bin/crudini.
[08/02/24 21:33:07] crowsnest: Dependency: 'find' found in /usr/bin/find.
[08/02/24 21:33:07] crowsnest: Dependency: 'xargs' found in /usr/bin/xargs.
[08/02/24 21:33:07] crowsnest: Dependency: 'ustreamer' found in bin/ustreamer/src/ustreamer.bin.
[08/02/24 21:33:07] crowsnest: Version Control: ustreamer is up to date. (v6.10)
[08/02/24 21:33:07] crowsnest: INFO: Print Configfile: '/home/kkobold/printer_data/config/crowsnest.conf'
[08/02/24 21:33:07] crowsnest:		[crowsnest]
[08/02/24 21:33:07] crowsnest:		log_path: /home/kkobold/printer_data/logs/crowsnest.log
[08/02/24 21:33:07] crowsnest:		log_level: verbose
[08/02/24 21:33:07] crowsnest:		delete_log: false
[08/02/24 21:33:07] crowsnest:		no_proxy: true
[08/02/24 21:33:07] crowsnest:		
[08/02/24 21:33:07] crowsnest:		[cam 1]
[08/02/24 21:33:07] crowsnest:		mode: ustreamer
[08/02/24 21:33:07] crowsnest:		
[08/02/24 21:33:07] crowsnest:		enable_rtsp: false
[08/02/24 21:33:07] crowsnest:		rtsp_port: 8554
[08/02/24 21:33:07] crowsnest:		port: 8080
[08/02/24 21:33:07] crowsnest:		device: /dev/video1
[08/02/24 21:33:07] crowsnest:		resolution: 1280x720
[08/02/24 21:33:07] crowsnest:		max_fps: 24
[08/02/24 21:33:07] crowsnest: INFO: Detect available Devices
[08/02/24 21:33:07] crowsnest: ERROR: No usable Devices Found. Stopping crowsnest.
[08/02/24 21:33:13] crowsnest: crowsnest - A webcam Service for multiple Cams and Stream Services.
[08/02/24 21:33:13] crowsnest: Version: v4.1.9-1-gd75a3ae
[08/02/24 21:33:13] crowsnest: Prepare Startup ...
[08/02/24 21:33:13] crowsnest: INFO: Host information:
[08/02/24 21:33:13] crowsnest: Host Info: Distribution: Debian GNU/Linux 11 (bullseye)
[08/02/24 21:33:13] crowsnest: Host Info: Kernel: Linux 5.16.17-sun50iw6 aarch64
[08/02/24 21:33:13] crowsnest: Host Info: Available CPU Cores: 4
[08/02/24 21:33:13] crowsnest: Host Info: Available Memory: 2032516 kB
[08/02/24 21:33:13] crowsnest: Host Info: Diskspace (avail. / total): 1.2G / 7.0G
[08/02/24 21:33:13] crowsnest: INFO: Checking Dependencies
[08/02/24 21:33:13] crowsnest: Dependency: 'crudini' found in /usr/bin/crudini.
[08/02/24 21:33:13] crowsnest: Dependency: 'find' found in /usr/bin/find.
[08/02/24 21:33:13] crowsnest: Dependency: 'xargs' found in /usr/bin/xargs.
[08/02/24 21:33:13] crowsnest: Dependency: 'ustreamer' found in bin/ustreamer/src/ustreamer.bin.
[08/02/24 21:33:13] crowsnest: Version Control: ustreamer is up to date. (v6.10)
[08/02/24 21:33:13] crowsnest: INFO: Print Configfile: '/home/kkobold/printer_data/config/crowsnest.conf'
[08/02/24 21:33:13] crowsnest:		[crowsnest]
[08/02/24 21:33:13] crowsnest:		log_path: /home/kkobold/printer_data/logs/crowsnest.log
[08/02/24 21:33:13] crowsnest:		log_level: verbose
[08/02/24 21:33:13] crowsnest:		delete_log: false
[08/02/24 21:33:13] crowsnest:		no_proxy: true
[08/02/24 21:33:13] crowsnest:		
[08/02/24 21:33:13] crowsnest:		[cam 1]
[08/02/24 21:33:13] crowsnest:		mode: ustreamer
[08/02/24 21:33:13] crowsnest:		
[08/02/24 21:33:13] crowsnest:		enable_rtsp: false
[08/02/24 21:33:13] crowsnest:		rtsp_port: 8554
[08/02/24 21:33:13] crowsnest:		port: 8080
[08/02/24 21:33:13] crowsnest:		device: /dev/video1
[08/02/24 21:33:13] crowsnest:		resolution: 1280x720
[08/02/24 21:33:13] crowsnest:		max_fps: 24
[08/02/24 21:33:13] crowsnest: INFO: Detect available Devices
[08/02/24 21:33:13] crowsnest: ERROR: No usable Devices Found. Stopping crowsnest.
[08/02/24 21:33:19] crowsnest: crowsnest - A webcam Service for multiple Cams and Stream Services.
[08/02/24 21:33:19] crowsnest: Version: v4.1.9-1-gd75a3ae
[08/02/24 21:33:19] crowsnest: Prepare Startup ...
[08/02/24 21:33:19] crowsnest: INFO: Host information:
[08/02/24 21:33:19] crowsnest: Host Info: Distribution: Debian GNU/Linux 11 (bullseye)
[08/02/24 21:33:19] crowsnest: Host Info: Kernel: Linux 5.16.17-sun50iw6 aarch64
[08/02/24 21:33:19] crowsnest: Host Info: Available CPU Cores: 4
[08/02/24 21:33:20] crowsnest: Host Info: Available Memory: 2032516 kB
[08/02/24 21:33:20] crowsnest: Host Info: Diskspace (avail. / total): 1.2G / 7.0G
[08/02/24 21:33:20] crowsnest: INFO: Checking Dependencies
[08/02/24 21:33:20] crowsnest: Dependency: 'crudini' found in /usr/bin/crudini.
[08/02/24 21:33:20] crowsnest: Dependency: 'find' found in /usr/bin/find.
[08/02/24 21:33:20] crowsnest: Dependency: 'xargs' found in /usr/bin/xargs.
[08/02/24 21:33:20] crowsnest: Dependency: 'ustreamer' found in bin/ustreamer/src/ustreamer.bin.
[08/02/24 21:33:20] crowsnest: Version Control: ustreamer is up to date. (v6.10)
[08/02/24 21:33:20] crowsnest: INFO: Print Configfile: '/home/kkobold/printer_data/config/crowsnest.conf'
[08/02/24 21:33:20] crowsnest:		[crowsnest]
[08/02/24 21:33:20] crowsnest:		log_path: /home/kkobold/printer_data/logs/crowsnest.log
[08/02/24 21:33:20] crowsnest:		log_level: verbose
[08/02/24 21:33:20] crowsnest:		delete_log: false
[08/02/24 21:33:20] crowsnest:		no_proxy: true
[08/02/24 21:33:20] crowsnest:		
[08/02/24 21:33:20] crowsnest:		[cam 1]
[08/02/24 21:33:20] crowsnest:		mode: ustreamer
[08/02/24 21:33:20] crowsnest:		
[08/02/24 21:33:20] crowsnest:		enable_rtsp: false
[08/02/24 21:33:20] crowsnest:		rtsp_port: 8554
[08/02/24 21:33:20] crowsnest:		port: 8080
[08/02/24 21:33:20] crowsnest:		device: /dev/video1
[08/02/24 21:33:20] crowsnest:		resolution: 1280x720
[08/02/24 21:33:20] crowsnest:		max_fps: 24
[08/02/24 21:33:20] crowsnest: INFO: Detect available Devices
[08/02/24 21:33:20] crowsnest: ERROR: No usable Devices Found. Stopping crowsnest.
[08/02/24 09:17:07] crowsnest: crowsnest - A webcam Service for multiple Cams and Stream Services.
[08/02/24 09:17:07] crowsnest: Version: v4.1.9-1-gd75a3ae
[08/02/24 09:17:07] crowsnest: Prepare Startup ...
[08/02/24 09:17:07] crowsnest: INFO: Host information:
[08/02/24 09:17:07] crowsnest: Host Info: Distribution: Debian GNU/Linux 11 (bullseye)
[08/02/24 09:17:07] crowsnest: Host Info: Kernel: Linux 5.16.17-sun50iw6 aarch64
[08/02/24 09:17:07] crowsnest: Host Info: Available CPU Cores: 4
[08/02/24 09:17:07] crowsnest: Host Info: Available Memory: 2032516 kB
[08/02/24 09:17:07] crowsnest: Host Info: Diskspace (avail. / total): 1.2G / 7.0G
[08/02/24 09:17:08] crowsnest: INFO: Checking Dependencies
[08/02/24 09:17:08] crowsnest: Dependency: 'crudini' found in /usr/bin/crudini.
[08/02/24 09:17:08] crowsnest: Dependency: 'find' found in /usr/bin/find.
[08/02/24 09:17:08] crowsnest: Dependency: 'xargs' found in /usr/bin/xargs.
[08/02/24 09:17:08] crowsnest: Dependency: 'ustreamer' found in bin/ustreamer/src/ustreamer.bin.
[08/02/24 09:17:08] crowsnest: Version Control: ustreamer is up to date. (v6.10)
[08/02/24 09:17:08] crowsnest: INFO: Print Configfile: '/home/kkobold/printer_data/config/crowsnest.conf'
[08/02/24 09:17:08] crowsnest:		[crowsnest]
[08/02/24 09:17:08] crowsnest:		log_path: /home/kkobold/printer_data/logs/crowsnest.log
[08/02/24 09:17:08] crowsnest:		log_level: verbose
[08/02/24 09:17:08] crowsnest:		delete_log: false
[08/02/24 09:17:08] crowsnest:		no_proxy: true
[08/02/24 09:17:08] crowsnest:		
[08/02/24 09:17:08] crowsnest:		[cam 1]
[08/02/24 09:17:08] crowsnest:		mode: ustreamer
[08/02/24 09:17:08] crowsnest:		
[08/02/24 09:17:08] crowsnest:		enable_rtsp: false
[08/02/24 09:17:08] crowsnest:		rtsp_port: 8554
[08/02/24 09:17:08] crowsnest:		port: 8080
[08/02/24 09:17:08] crowsnest:		device: /dev/video1
[08/02/24 09:17:08] crowsnest:		resolution: 1280x720
[08/02/24 09:17:08] crowsnest:		max_fps: 24
[08/02/24 09:17:08] crowsnest: INFO: Detect available Devices
[08/02/24 09:17:08] crowsnest: ERROR: No usable Devices Found. Stopping crowsnest.
[08/02/24 09:17:14] crowsnest: crowsnest - A webcam Service for multiple Cams and Stream Services.
[08/02/24 09:17:14] crowsnest: Version: v4.1.9-1-gd75a3ae
[08/02/24 09:17:14] crowsnest: Prepare Startup ...
[08/02/24 09:17:14] crowsnest: INFO: Host information:
[08/02/24 09:17:14] crowsnest: Host Info: Distribution: Debian GNU/Linux 11 (bullseye)
[08/02/24 09:17:14] crowsnest: Host Info: Kernel: Linux 5.16.17-sun50iw6 aarch64
[08/02/24 09:17:14] crowsnest: Host Info: Available CPU Cores: 4
[08/02/24 09:17:14] crowsnest: Host Info: Available Memory: 2032516 kB
[08/02/24 09:17:14] crowsnest: Host Info: Diskspace (avail. / total): 1.2G / 7.0G
[08/02/24 09:17:14] crowsnest: INFO: Checking Dependencies
[08/02/24 09:17:14] crowsnest: Dependency: 'crudini' found in /usr/bin/crudini.
[08/02/24 09:17:14] crowsnest: Dependency: 'find' found in /usr/bin/find.
[08/02/24 09:17:14] crowsnest: Dependency: 'xargs' found in /usr/bin/xargs.
[08/02/24 09:17:14] crowsnest: Dependency: 'ustreamer' found in bin/ustreamer/src/ustreamer.bin.
[08/02/24 09:17:14] crowsnest: Version Control: ustreamer is up to date. (v6.10)
[08/02/24 09:17:14] crowsnest: INFO: Print Configfile: '/home/kkobold/printer_data/config/crowsnest.conf'
[08/02/24 09:17:14] crowsnest:		[crowsnest]
[08/02/24 09:17:14] crowsnest:		log_path: /home/kkobold/printer_data/logs/crowsnest.log
[08/02/24 09:17:14] crowsnest:		log_level: verbose
[08/02/24 09:17:14] crowsnest:		delete_log: false
[08/02/24 09:17:14] crowsnest:		no_proxy: true
[08/02/24 09:17:14] crowsnest:		
[08/02/24 09:17:14] crowsnest:		[cam 1]
[08/02/24 09:17:14] crowsnest:		mode: ustreamer
[08/02/24 09:17:14] crowsnest:		
[08/02/24 09:17:14] crowsnest:		enable_rtsp: false
[08/02/24 09:17:14] crowsnest:		rtsp_port: 8554
[08/02/24 09:17:14] crowsnest:		port: 8080
[08/02/24 09:17:14] crowsnest:		device: /dev/video1
[08/02/24 09:17:14] crowsnest:		resolution: 1280x720
[08/02/24 09:17:14] crowsnest:		max_fps: 24
[08/02/24 09:17:14] crowsnest: INFO: Detect available Devices
[08/02/24 09:17:15] crowsnest: ERROR: No usable Devices Found. Stopping crowsnest.
[08/02/24 22:17:02] crowsnest: crowsnest - A webcam Service for multiple Cams and Stream Services.
[08/02/24 22:17:02] crowsnest: Version: v4.1.9-1-gd75a3ae
[08/02/24 22:17:02] crowsnest: Prepare Startup ...
[08/02/24 22:17:02] crowsnest: INFO: Host information:
[08/02/24 22:17:02] crowsnest: Host Info: Distribution: Debian GNU/Linux 11 (bullseye)
[08/02/24 22:17:02] crowsnest: Host Info: Kernel: Linux 5.16.17-sun50iw6 aarch64
[08/02/24 22:17:02] crowsnest: Host Info: Available CPU Cores: 4
[08/02/24 22:17:02] crowsnest: Host Info: Available Memory: 2032516 kB
[08/02/24 22:17:02] crowsnest: Host Info: Diskspace (avail. / total): 1.2G / 7.0G
[08/02/24 22:17:02] crowsnest: INFO: Checking Dependencies
[08/02/24 22:17:02] crowsnest: Dependency: 'crudini' found in /usr/bin/crudini.
[08/02/24 22:17:02] crowsnest: Dependency: 'find' found in /usr/bin/find.
[08/02/24 22:17:02] crowsnest: Dependency: 'xargs' found in /usr/bin/xargs.
[08/02/24 22:17:02] crowsnest: Dependency: 'ustreamer' found in bin/ustreamer/src/ustreamer.bin.
[08/02/24 22:17:02] crowsnest: Version Control: ustreamer is up to date. (v6.10)
[08/02/24 22:17:02] crowsnest: INFO: Print Configfile: '/home/kkobold/printer_data/config/crowsnest.conf'
[08/02/24 22:17:02] crowsnest:		[crowsnest]
[08/02/24 22:17:02] crowsnest:		log_path: /home/kkobold/printer_data/logs/crowsnest.log
[08/02/24 22:17:02] crowsnest:		log_level: verbose
[08/02/24 22:17:02] crowsnest:		delete_log: false
[08/02/24 22:17:02] crowsnest:		no_proxy: true
[08/02/24 22:17:02] crowsnest:		
[08/02/24 22:17:02] crowsnest:		[cam 1]
[08/02/24 22:17:02] crowsnest:		mode: ustreamer
[08/02/24 22:17:02] crowsnest:		
[08/02/24 22:17:02] crowsnest:		enable_rtsp: false
[08/02/24 22:17:02] crowsnest:		rtsp_port: 8554
[08/02/24 22:17:02] crowsnest:		port: 8080
[08/02/24 22:17:02] crowsnest:		device: /dev/video1
[08/02/24 22:17:02] crowsnest:		resolution: 1280x720
[08/02/24 22:17:02] crowsnest:		max_fps: 24
[08/02/24 22:17:02] crowsnest: INFO: Detect available Devices
[08/02/24 22:17:02] crowsnest: ERROR: No usable Devices Found. Stopping crowsnest.
[08/02/24 22:17:08] crowsnest: crowsnest - A webcam Service for multiple Cams and Stream Services.
[08/02/24 22:17:08] crowsnest: Version: v4.1.9-1-gd75a3ae
[08/02/24 22:17:08] crowsnest: Prepare Startup ...
[08/02/24 22:17:08] crowsnest: INFO: Host information:
[08/02/24 22:17:08] crowsnest: Host Info: Distribution: Debian GNU/Linux 11 (bullseye)
[08/02/24 22:17:08] crowsnest: Host Info: Kernel: Linux 5.16.17-sun50iw6 aarch64
[08/02/24 22:17:08] crowsnest: Host Info: Available CPU Cores: 4
[08/02/24 22:17:08] crowsnest: Host Info: Available Memory: 2032516 kB
[08/02/24 22:17:08] crowsnest: Host Info: Diskspace (avail. / total): 1.2G / 7.0G
[08/02/24 22:17:08] crowsnest: INFO: Checking Dependencies
[08/02/24 22:17:08] crowsnest: Dependency: 'crudini' found in /usr/bin/crudini.
[08/02/24 22:17:09] crowsnest: Dependency: 'find' found in /usr/bin/find.
[08/02/24 22:17:09] crowsnest: Dependency: 'xargs' found in /usr/bin/xargs.
[08/02/24 22:17:09] crowsnest: Dependency: 'ustreamer' found in bin/ustreamer/src/ustreamer.bin.
[08/02/24 22:17:09] crowsnest: Version Control: ustreamer is up to date. (v6.10)
[08/02/24 22:17:09] crowsnest: INFO: Print Configfile: '/home/kkobold/printer_data/config/crowsnest.conf'
[08/02/24 22:17:09] crowsnest:		[crowsnest]
[08/02/24 22:17:09] crowsnest:		log_path: /home/kkobold/printer_data/logs/crowsnest.log
[08/02/24 22:17:09] crowsnest:		log_level: verbose
[08/02/24 22:17:09] crowsnest:		delete_log: false
[08/02/24 22:17:09] crowsnest:		no_proxy: true
[08/02/24 22:17:09] crowsnest:		
[08/02/24 22:17:09] crowsnest:		[cam 1]
[08/02/24 22:17:09] crowsnest:		mode: ustreamer
[08/02/24 22:17:09] crowsnest:		
[08/02/24 22:17:09] crowsnest:		enable_rtsp: false
[08/02/24 22:17:09] crowsnest:		rtsp_port: 8554
[08/02/24 22:17:09] crowsnest:		port: 8080
[08/02/24 22:17:09] crowsnest:		device: /dev/video1
[08/02/24 22:17:09] crowsnest:		resolution: 1280x720
[08/02/24 22:17:09] crowsnest:		max_fps: 24
[08/02/24 22:17:09] crowsnest: INFO: Detect available Devices
[08/02/24 22:17:09] crowsnest: ERROR: No usable Devices Found. Stopping crowsnest.
[08/02/24 22:17:15] crowsnest: crowsnest - A webcam Service for multiple Cams and Stream Services.
[08/02/24 22:17:15] crowsnest: Version: v4.1.9-1-gd75a3ae
[08/02/24 22:17:15] crowsnest: Prepare Startup ...
[08/02/24 22:17:15] crowsnest: INFO: Host information:
[08/02/24 22:17:15] crowsnest: Host Info: Distribution: Debian GNU/Linux 11 (bullseye)
[08/02/24 22:17:15] crowsnest: Host Info: Kernel: Linux 5.16.17-sun50iw6 aarch64
[08/02/24 22:17:15] crowsnest: Host Info: Available CPU Cores: 4
[08/02/24 22:17:15] crowsnest: Host Info: Available Memory: 2032516 kB
[08/02/24 22:17:15] crowsnest: Host Info: Diskspace (avail. / total): 1.2G / 7.0G
[08/02/24 22:17:15] crowsnest: INFO: Checking Dependencies
[08/02/24 22:17:15] crowsnest: Dependency: 'crudini' found in /usr/bin/crudini.
[08/02/24 22:17:15] crowsnest: Dependency: 'find' found in /usr/bin/find.
[08/02/24 22:17:15] crowsnest: Dependency: 'xargs' found in /usr/bin/xargs.
[08/02/24 22:17:15] crowsnest: Dependency: 'ustreamer' found in bin/ustreamer/src/ustreamer.bin.
[08/02/24 22:17:15] crowsnest: Version Control: ustreamer is up to date. (v6.10)
[08/02/24 22:17:15] crowsnest: INFO: Print Configfile: '/home/kkobold/printer_data/config/crowsnest.conf'
[08/02/24 22:17:15] crowsnest:		[crowsnest]
[08/02/24 22:17:15] crowsnest:		log_path: /home/kkobold/printer_data/logs/crowsnest.log
[08/02/24 22:17:15] crowsnest:		log_level: verbose
[08/02/24 22:17:15] crowsnest:		delete_log: false
[08/02/24 22:17:15] crowsnest:		no_proxy: true
[08/02/24 22:17:15] crowsnest:		
[08/02/24 22:17:15] crowsnest:		[cam 1]
[08/02/24 22:17:15] crowsnest:		mode: ustreamer
[08/02/24 22:17:15] crowsnest:		
[08/02/24 22:17:15] crowsnest:		enable_rtsp: false
[08/02/24 22:17:15] crowsnest:		rtsp_port: 8554
[08/02/24 22:17:15] crowsnest:		port: 8080
[08/02/24 22:17:15] crowsnest:		device: /dev/video1
[08/02/24 22:17:15] crowsnest:		resolution: 1280x720
[08/02/24 22:17:15] crowsnest:		max_fps: 24
[08/02/24 22:17:15] crowsnest: INFO: Detect available Devices
[08/02/24 22:17:15] crowsnest: ERROR: No usable Devices Found. Stopping crowsnest.
[08/02/24 22:17:21] crowsnest: crowsnest - A webcam Service for multiple Cams and Stream Services.
[08/02/24 22:17:21] crowsnest: Version: v4.1.9-1-gd75a3ae
[08/02/24 22:17:21] crowsnest: Prepare Startup ...
[08/02/24 22:17:21] crowsnest: INFO: Host information:
[08/02/24 22:17:21] crowsnest: Host Info: Distribution: Debian GNU/Linux 11 (bullseye)
[08/02/24 22:17:21] crowsnest: Host Info: Kernel: Linux 5.16.17-sun50iw6 aarch64
[08/02/24 22:17:21] crowsnest: Host Info: Available CPU Cores: 4
[08/02/24 22:17:21] crowsnest: Host Info: Available Memory: 2032516 kB
[08/02/24 22:17:21] crowsnest: Host Info: Diskspace (avail. / total): 1.2G / 7.0G
[08/02/24 22:17:21] crowsnest: INFO: Checking Dependencies
[08/02/24 22:17:21] crowsnest: Dependency: 'crudini' found in /usr/bin/crudini.
[08/02/24 22:17:21] crowsnest: Dependency: 'find' found in /usr/bin/find.
[08/02/24 22:17:21] crowsnest: Dependency: 'xargs' found in /usr/bin/xargs.
[08/02/24 22:17:21] crowsnest: Dependency: 'ustreamer' found in bin/ustreamer/src/ustreamer.bin.
[08/02/24 22:17:21] crowsnest: Version Control: ustreamer is up to date. (v6.10)
[08/02/24 22:17:21] crowsnest: INFO: Print Configfile: '/home/kkobold/printer_data/config/crowsnest.conf'
[08/02/24 22:17:21] crowsnest:		[crowsnest]
[08/02/24 22:17:21] crowsnest:		log_path: /home/kkobold/printer_data/logs/crowsnest.log
[08/02/24 22:17:21] crowsnest:		log_level: verbose
[08/02/24 22:17:21] crowsnest:		delete_log: false
[08/02/24 22:17:21] crowsnest:		no_proxy: true
[08/02/24 22:17:21] crowsnest:		
[08/02/24 22:17:21] crowsnest:		[cam 1]
[08/02/24 22:17:21] crowsnest:		mode: ustreamer
[08/02/24 22:17:21] crowsnest:		
[08/02/24 22:17:21] crowsnest:		enable_rtsp: false
[08/02/24 22:17:21] crowsnest:		rtsp_port: 8554
[08/02/24 22:17:21] crowsnest:		port: 8080
[08/02/24 22:17:21] crowsnest:		device: /dev/video1
[08/02/24 22:17:21] crowsnest:		resolution: 1280x720
[08/02/24 22:17:21] crowsnest:		max_fps: 24
[08/02/24 22:17:21] crowsnest: INFO: Detect available Devices
[08/02/24 22:17:21] crowsnest: ERROR: No usable Devices Found. Stopping crowsnest.
[08/02/24 22:17:27] crowsnest: crowsnest - A webcam Service for multiple Cams and Stream Services.
[08/02/24 22:17:27] crowsnest: Version: v4.1.9-1-gd75a3ae
[08/02/24 22:17:27] crowsnest: Prepare Startup ...
[08/02/24 22:17:27] crowsnest: INFO: Host information:
[08/02/24 22:17:27] crowsnest: Host Info: Distribution: Debian GNU/Linux 11 (bullseye)
[08/02/24 22:17:27] crowsnest: Host Info: Kernel: Linux 5.16.17-sun50iw6 aarch64
[08/02/24 22:17:27] crowsnest: Host Info: Available CPU Cores: 4
[08/02/24 22:17:27] crowsnest: Host Info: Available Memory: 2032516 kB
[08/02/24 22:17:27] crowsnest: Host Info: Diskspace (avail. / total): 1.2G / 7.0G
[08/02/24 22:17:27] crowsnest: INFO: Checking Dependencies
[08/02/24 22:17:27] crowsnest: Dependency: 'crudini' found in /usr/bin/crudini.
[08/02/24 22:17:27] crowsnest: Dependency: 'find' found in /usr/bin/find.
[08/02/24 22:17:28] crowsnest: Dependency: 'xargs' found in /usr/bin/xargs.
[08/02/24 22:17:28] crowsnest: Dependency: 'ustreamer' found in bin/ustreamer/src/ustreamer.bin.
[08/02/24 22:17:28] crowsnest: Version Control: ustreamer is up to date. (v6.10)
[08/02/24 22:17:28] crowsnest: INFO: Print Configfile: '/home/kkobold/printer_data/config/crowsnest.conf'
[08/02/24 22:17:28] crowsnest:		[crowsnest]
[08/02/24 22:17:28] crowsnest:		log_path: /home/kkobold/printer_data/logs/crowsnest.log
[08/02/24 22:17:28] crowsnest:		log_level: verbose
[08/02/24 22:17:28] crowsnest:		delete_log: false
[08/02/24 22:17:28] crowsnest:		no_proxy: true
[08/02/24 22:17:28] crowsnest:		
[08/02/24 22:17:28] crowsnest:		[cam 1]
[08/02/24 22:17:28] crowsnest:		mode: ustreamer
[08/02/24 22:17:28] crowsnest:		
[08/02/24 22:17:28] crowsnest:		enable_rtsp: false
[08/02/24 22:17:28] crowsnest:		rtsp_port: 8554
[08/02/24 22:17:28] crowsnest:		port: 8080
[08/02/24 22:17:28] crowsnest:		device: /dev/video1
[08/02/24 22:17:28] crowsnest:		resolution: 1280x720
[08/02/24 22:17:28] crowsnest:		max_fps: 24
[08/02/24 22:17:28] crowsnest: INFO: Detect available Devices
[08/02/24 22:17:28] crowsnest: ERROR: No usable Devices Found. Stopping crowsnest.
[08/02/24 22:17:34] crowsnest: crowsnest - A webcam Service for multiple Cams and Stream Services.
[08/02/24 22:17:34] crowsnest: Version: v4.1.9-1-gd75a3ae
[08/02/24 22:17:34] crowsnest: Prepare Startup ...
[08/02/24 22:17:34] crowsnest: INFO: Host information:
[08/02/24 22:17:34] crowsnest: Host Info: Distribution: Debian GNU/Linux 11 (bullseye)
[08/02/24 22:17:34] crowsnest: Host Info: Kernel: Linux 5.16.17-sun50iw6 aarch64
[08/02/24 22:17:34] crowsnest: Host Info: Available CPU Cores: 4
[08/02/24 22:17:34] crowsnest: Host Info: Available Memory: 2032516 kB
[08/02/24 22:17:34] crowsnest: Host Info: Diskspace (avail. / total): 1.2G / 7.0G
[08/02/24 22:17:34] crowsnest: INFO: Checking Dependencies
[08/02/24 22:17:34] crowsnest: Dependency: 'crudini' found in /usr/bin/crudini.
[08/02/24 22:17:34] crowsnest: Dependency: 'find' found in /usr/bin/find.
[08/02/24 22:17:34] crowsnest: Dependency: 'xargs' found in /usr/bin/xargs.
[08/02/24 22:17:34] crowsnest: Dependency: 'ustreamer' found in bin/ustreamer/src/ustreamer.bin.
[08/02/24 22:17:34] crowsnest: Version Control: ustreamer is up to date. (v6.10)
[08/02/24 22:17:34] crowsnest: INFO: Print Configfile: '/home/kkobold/printer_data/config/crowsnest.conf'
[08/02/24 22:17:34] crowsnest:		[crowsnest]
[08/02/24 22:17:34] crowsnest:		log_path: /home/kkobold/printer_data/logs/crowsnest.log
[08/02/24 22:17:34] crowsnest:		log_level: verbose
[08/02/24 22:17:34] crowsnest:		delete_log: false
[08/02/24 22:17:34] crowsnest:		no_proxy: true
[08/02/24 22:17:34] crowsnest:		
[08/02/24 22:17:34] crowsnest:		[cam 1]
[08/02/24 22:17:34] crowsnest:		mode: ustreamer
[08/02/24 22:17:34] crowsnest:		
[08/02/24 22:17:34] crowsnest:		enable_rtsp: false
[08/02/24 22:17:34] crowsnest:		rtsp_port: 8554
[08/02/24 22:17:34] crowsnest:		port: 8080
[08/02/24 22:17:34] crowsnest:		device: /dev/video1
[08/02/24 22:17:34] crowsnest:		resolution: 1280x720
[08/02/24 22:17:34] crowsnest:		max_fps: 24
[08/02/24 22:17:34] crowsnest: INFO: Detect available Devices
[08/02/24 22:17:34] crowsnest: ERROR: No usable Devices Found. Stopping crowsnest.
[08/02/24 22:17:40] crowsnest: crowsnest - A webcam Service for multiple Cams and Stream Services.
[08/02/24 22:17:40] crowsnest: Version: v4.1.9-1-gd75a3ae
[08/02/24 22:17:40] crowsnest: Prepare Startup ...
[08/02/24 22:17:40] crowsnest: INFO: Host information:
[08/02/24 22:17:40] crowsnest: Host Info: Distribution: Debian GNU/Linux 11 (bullseye)
[08/02/24 22:17:40] crowsnest: Host Info: Kernel: Linux 5.16.17-sun50iw6 aarch64
[08/02/24 22:17:40] crowsnest: Host Info: Available CPU Cores: 4
[08/02/24 22:17:40] crowsnest: Host Info: Available Memory: 2032516 kB
[08/02/24 22:17:40] crowsnest: Host Info: Diskspace (avail. / total): 1.2G / 7.0G
[08/02/24 22:17:40] crowsnest: INFO: Checking Dependencies
[08/02/24 22:17:40] crowsnest: Dependency: 'crudini' found in /usr/bin/crudini.
[08/02/24 22:17:40] crowsnest: Dependency: 'find' found in /usr/bin/find.
[08/02/24 22:17:40] crowsnest: Dependency: 'xargs' found in /usr/bin/xargs.
[08/02/24 22:17:40] crowsnest: Dependency: 'ustreamer' found in bin/ustreamer/src/ustreamer.bin.
[08/02/24 22:17:40] crowsnest: Version Control: ustreamer is up to date. (v6.10)
[08/02/24 22:17:40] crowsnest: INFO: Print Configfile: '/home/kkobold/printer_data/config/crowsnest.conf'
[08/02/24 22:17:40] crowsnest:		[crowsnest]
[08/02/24 22:17:40] crowsnest:		log_path: /home/kkobold/printer_data/logs/crowsnest.log
[08/02/24 22:17:40] crowsnest:		log_level: verbose
[08/02/24 22:17:40] crowsnest:		delete_log: false
[08/02/24 22:17:40] crowsnest:		no_proxy: true
[08/02/24 22:17:40] crowsnest:		
[08/02/24 22:17:40] crowsnest:		[cam 1]
[08/02/24 22:17:40] crowsnest:		mode: ustreamer
[08/02/24 22:17:40] crowsnest:		
[08/02/24 22:17:40] crowsnest:		enable_rtsp: false
[08/02/24 22:17:40] crowsnest:		rtsp_port: 8554
[08/02/24 22:17:40] crowsnest:		port: 8080
[08/02/24 22:17:40] crowsnest:		device: /dev/video1
[08/02/24 22:17:40] crowsnest:		resolution: 1280x720
[08/02/24 22:17:40] crowsnest:		max_fps: 24
[08/02/24 22:17:40] crowsnest: INFO: Detect available Devices
[08/02/24 22:17:40] crowsnest: ERROR: No usable Devices Found. Stopping crowsnest.
[08/02/24 22:17:46] crowsnest: crowsnest - A webcam Service for multiple Cams and Stream Services.
[08/02/24 22:17:46] crowsnest: Version: v4.1.9-1-gd75a3ae
[08/02/24 22:17:46] crowsnest: Prepare Startup ...
[08/02/24 22:17:46] crowsnest: INFO: Host information:
[08/02/24 22:17:46] crowsnest: Host Info: Distribution: Debian GNU/Linux 11 (bullseye)
[08/02/24 22:17:46] crowsnest: Host Info: Kernel: Linux 5.16.17-sun50iw6 aarch64
[08/02/24 22:17:46] crowsnest: Host Info: Available CPU Cores: 4
[08/02/24 22:17:46] crowsnest: Host Info: Available Memory: 2032516 kB
[08/02/24 22:17:46] crowsnest: Host Info: Diskspace (avail. / total): 1.2G / 7.0G
[08/02/24 22:17:46] crowsnest: INFO: Checking Dependencies
[08/02/24 22:17:46] crowsnest: Dependency: 'crudini' found in /usr/bin/crudini.
[08/02/24 22:17:46] crowsnest: Dependency: 'find' found in /usr/bin/find.
[08/02/24 22:17:46] crowsnest: Dependency: 'xargs' found in /usr/bin/xargs.
[08/02/24 22:17:46] crowsnest: Dependency: 'ustreamer' found in bin/ustreamer/src/ustreamer.bin.
[08/02/24 22:17:46] crowsnest: Version Control: ustreamer is up to date. (v6.10)
[08/02/24 22:17:46] crowsnest: INFO: Print Configfile: '/home/kkobold/printer_data/config/crowsnest.conf'
[08/02/24 22:17:46] crowsnest:		[crowsnest]
[08/02/24 22:17:46] crowsnest:		log_path: /home/kkobold/printer_data/logs/crowsnest.log
[08/02/24 22:17:46] crowsnest:		log_level: verbose
[08/02/24 22:17:46] crowsnest:		delete_log: false
[08/02/24 22:17:46] crowsnest:		no_proxy: true
[08/02/24 22:17:46] crowsnest:		
[08/02/24 22:17:46] crowsnest:		[cam 1]
[08/02/24 22:17:46] crowsnest:		mode: ustreamer
[08/02/24 22:17:46] crowsnest:		
[08/02/24 22:17:46] crowsnest:		enable_rtsp: false
[08/02/24 22:17:46] crowsnest:		rtsp_port: 8554
[08/02/24 22:17:46] crowsnest:		port: 8080
[08/02/24 22:17:46] crowsnest:		device: /dev/video1
[08/02/24 22:17:46] crowsnest:		resolution: 1280x720
[08/02/24 22:17:46] crowsnest:		max_fps: 24
[08/02/24 22:17:46] crowsnest: INFO: Detect available Devices
[08/02/24 22:17:46] crowsnest: ERROR: No usable Devices Found. Stopping crowsnest.
[08/02/24 22:17:09] crowsnest: crowsnest - A webcam Service for multiple Cams and Stream Services.
[08/02/24 22:17:09] crowsnest: Version: v4.1.9-1-gd75a3ae
[08/02/24 22:17:09] crowsnest: Prepare Startup ...
[08/02/24 22:17:09] crowsnest: INFO: Host information:
[08/02/24 22:17:09] crowsnest: Host Info: Distribution: Debian GNU/Linux 11 (bullseye)
[08/02/24 22:17:09] crowsnest: Host Info: Kernel: Linux 5.16.17-sun50iw6 aarch64
[08/02/24 22:17:09] crowsnest: Host Info: Available CPU Cores: 4
[08/02/24 22:17:09] crowsnest: Host Info: Available Memory: 2032516 kB
[08/02/24 22:17:09] crowsnest: Host Info: Diskspace (avail. / total): 1.2G / 7.0G
[08/02/24 22:17:09] crowsnest: INFO: Checking Dependencies
[08/02/24 22:17:10] crowsnest: Dependency: 'crudini' found in /usr/bin/crudini.
[08/02/24 22:17:10] crowsnest: Dependency: 'find' found in /usr/bin/find.
[08/02/24 22:17:10] crowsnest: Dependency: 'xargs' found in /usr/bin/xargs.
[08/02/24 22:17:10] crowsnest: Dependency: 'ustreamer' found in bin/ustreamer/src/ustreamer.bin.
[08/02/24 22:17:10] crowsnest: Version Control: ustreamer is up to date. (v6.10)
[08/02/24 22:17:10] crowsnest: INFO: Print Configfile: '/home/kkobold/printer_data/config/crowsnest.conf'
[08/02/24 22:17:10] crowsnest:		[crowsnest]
[08/02/24 22:17:10] crowsnest:		log_path: /home/kkobold/printer_data/logs/crowsnest.log
[08/02/24 22:17:10] crowsnest:		log_level: verbose
[08/02/24 22:17:10] crowsnest:		delete_log: false
[08/02/24 22:17:10] crowsnest:		no_proxy: true
[08/02/24 22:17:10] crowsnest:		
[08/02/24 22:17:10] crowsnest:		[cam 1]
[08/02/24 22:17:10] crowsnest:		mode: ustreamer
[08/02/24 22:17:10] crowsnest:		
[08/02/24 22:17:10] crowsnest:		enable_rtsp: false
[08/02/24 22:17:10] crowsnest:		rtsp_port: 8554
[08/02/24 22:17:10] crowsnest:		port: 8080
[08/02/24 22:17:10] crowsnest:		device: /dev/video1
[08/02/24 22:17:10] crowsnest:		resolution: 1280x720
[08/02/24 22:17:10] crowsnest:		max_fps: 24
[08/02/24 22:17:10] crowsnest: INFO: Detect available Devices
[08/02/24 22:17:10] crowsnest: ERROR: No usable Devices Found. Stopping crowsnest.
[08/02/24 22:17:16] crowsnest: crowsnest - A webcam Service for multiple Cams and Stream Services.
[08/02/24 22:17:16] crowsnest: Version: v4.1.9-1-gd75a3ae
[08/02/24 22:17:16] crowsnest: Prepare Startup ...
[08/02/24 22:17:16] crowsnest: INFO: Host information:
[08/02/24 22:17:16] crowsnest: Host Info: Distribution: Debian GNU/Linux 11 (bullseye)
[08/02/24 22:17:16] crowsnest: Host Info: Kernel: Linux 5.16.17-sun50iw6 aarch64
[08/02/24 22:17:16] crowsnest: Host Info: Available CPU Cores: 4
[08/02/24 22:17:16] crowsnest: Host Info: Available Memory: 2032516 kB
[08/02/24 22:17:16] crowsnest: Host Info: Diskspace (avail. / total): 1.2G / 7.0G
[08/02/24 22:17:16] crowsnest: INFO: Checking Dependencies
[08/02/24 22:17:16] crowsnest: Dependency: 'crudini' found in /usr/bin/crudini.
[08/02/24 22:17:16] crowsnest: Dependency: 'find' found in /usr/bin/find.
[08/02/24 22:17:16] crowsnest: Dependency: 'xargs' found in /usr/bin/xargs.
[08/02/24 22:17:16] crowsnest: Dependency: 'ustreamer' found in bin/ustreamer/src/ustreamer.bin.
[08/02/24 23:23:43] crowsnest: Version Control: ustreamer is up to date. (v6.10)
[08/02/24 23:23:43] crowsnest: INFO: Print Configfile: '/home/kkobold/printer_data/config/crowsnest.conf'
[08/02/24 23:23:43] crowsnest:		[crowsnest]
[08/02/24 23:23:43] crowsnest:		log_path: /home/kkobold/printer_data/logs/crowsnest.log
[08/02/24 23:23:43] crowsnest:		log_level: verbose
[08/02/24 23:23:43] crowsnest:		delete_log: false
[08/02/24 23:23:43] crowsnest:		no_proxy: true
[08/02/24 23:23:43] crowsnest:		
[08/02/24 23:23:43] crowsnest:		[cam 1]
[08/02/24 23:23:43] crowsnest:		mode: ustreamer
[08/02/24 23:23:43] crowsnest:		
[08/02/24 23:23:43] crowsnest:		enable_rtsp: false
[08/02/24 23:23:43] crowsnest:		rtsp_port: 8554
[08/02/24 23:23:43] crowsnest:		port: 8080
[08/02/24 23:23:43] crowsnest:		device: /dev/video1
[08/02/24 23:23:43] crowsnest:		resolution: 1280x720
[08/02/24 23:23:43] crowsnest:		max_fps: 24
[08/02/24 23:23:43] crowsnest: INFO: Detect available Devices
[08/02/24 23:23:43] crowsnest: ERROR: No usable Devices Found. Stopping crowsnest.
[08/02/24 23:23:49] crowsnest: crowsnest - A webcam Service for multiple Cams and Stream Services.
[08/02/24 23:23:49] crowsnest: Version: v4.1.9-1-gd75a3ae
[08/02/24 23:23:49] crowsnest: Prepare Startup ...
[08/02/24 23:23:49] crowsnest: INFO: Host information:
[08/02/24 23:23:49] crowsnest: Host Info: Distribution: Debian GNU/Linux 11 (bullseye)
[08/02/24 23:23:49] crowsnest: Host Info: Kernel: Linux 5.16.17-sun50iw6 aarch64
[08/02/24 23:23:49] crowsnest: Host Info: Available CPU Cores: 4
[08/02/24 23:23:49] crowsnest: Host Info: Available Memory: 2032516 kB
[08/02/24 23:23:49] crowsnest: Host Info: Diskspace (avail. / total): 1.2G / 7.0G
[08/02/24 23:23:49] crowsnest: INFO: Checking Dependencies
[08/02/24 23:23:49] crowsnest: Dependency: 'crudini' found in /usr/bin/crudini.
[08/02/24 23:23:49] crowsnest: Dependency: 'find' found in /usr/bin/find.
[08/02/24 23:23:49] crowsnest: Dependency: 'xargs' found in /usr/bin/xargs.
[08/02/24 23:23:50] crowsnest: Dependency: 'ustreamer' found in bin/ustreamer/src/ustreamer.bin.
[08/02/24 23:23:50] crowsnest: Version Control: ustreamer is up to date. (v6.10)
[08/02/24 23:23:50] crowsnest: INFO: Print Configfile: '/home/kkobold/printer_data/config/crowsnest.conf'
[08/02/24 23:23:50] crowsnest:		[crowsnest]
[08/02/24 23:23:50] crowsnest:		log_path: /home/kkobold/printer_data/logs/crowsnest.log
[08/02/24 23:23:50] crowsnest:		log_level: verbose
[08/02/24 23:23:50] crowsnest:		delete_log: false
[08/02/24 23:23:50] crowsnest:		no_proxy: true
[08/02/24 23:23:50] crowsnest:		
[08/02/24 23:23:50] crowsnest:		[cam 1]
[08/02/24 23:23:50] crowsnest:		mode: ustreamer
[08/02/24 23:23:50] crowsnest:		
[08/02/24 23:23:50] crowsnest:		enable_rtsp: false
[08/02/24 23:23:50] crowsnest:		rtsp_port: 8554
[08/02/24 23:23:50] crowsnest:		port: 8080
[08/02/24 23:23:50] crowsnest:		device: /dev/video1
[08/02/24 23:23:50] crowsnest:		resolution: 1280x720
[08/02/24 23:23:50] crowsnest:		max_fps: 24
[08/02/24 23:23:50] crowsnest: INFO: Detect available Devices
[08/02/24 23:23:50] crowsnest: ERROR: No usable Devices Found. Stopping crowsnest.
[08/02/24 23:23:56] crowsnest: crowsnest - A webcam Service for multiple Cams and Stream Services.
[08/02/24 23:23:56] crowsnest: Version: v4.1.9-1-gd75a3ae
[08/02/24 23:23:56] crowsnest: Prepare Startup ...
[08/02/24 23:23:56] crowsnest: INFO: Host information:
[08/02/24 23:23:56] crowsnest: Host Info: Distribution: Debian GNU/Linux 11 (bullseye)
[08/02/24 23:23:56] crowsnest: Host Info: Kernel: Linux 5.16.17-sun50iw6 aarch64
[08/02/24 23:23:56] crowsnest: Host Info: Available CPU Cores: 4
[08/02/24 23:23:56] crowsnest: Host Info: Available Memory: 2032516 kB
[08/02/24 23:23:56] crowsnest: Host Info: Diskspace (avail. / total): 1.2G / 7.0G
[08/02/24 23:23:56] crowsnest: INFO: Checking Dependencies
[08/02/24 23:23:56] crowsnest: Dependency: 'crudini' found in /usr/bin/crudini.
[08/02/24 23:23:56] crowsnest: Dependency: 'find' found in /usr/bin/find.
[08/02/24 23:23:56] crowsnest: Dependency: 'xargs' found in /usr/bin/xargs.
[08/02/24 23:23:56] crowsnest: Dependency: 'ustreamer' found in bin/ustreamer/src/ustreamer.bin.
[08/02/24 23:23:56] crowsnest: Version Control: ustreamer is up to date. (v6.10)
[08/02/24 23:23:56] crowsnest: INFO: Print Configfile: '/home/kkobold/printer_data/config/crowsnest.conf'
[08/02/24 23:23:56] crowsnest:		[crowsnest]
[08/02/24 23:23:56] crowsnest:		log_path: /home/kkobold/printer_data/logs/crowsnest.log
[08/02/24 23:23:56] crowsnest:		log_level: verbose
[08/02/24 23:23:56] crowsnest:		delete_log: false
[08/02/24 23:23:56] crowsnest:		no_proxy: true
[08/02/24 23:23:56] crowsnest:		
[08/02/24 23:23:56] crowsnest:		[cam 1]
[08/02/24 23:23:56] crowsnest:		mode: ustreamer
[08/02/24 23:23:56] crowsnest:		
[08/02/24 23:23:56] crowsnest:		enable_rtsp: false
[08/02/24 23:23:56] crowsnest:		rtsp_port: 8554
[08/02/24 23:23:56] crowsnest:		port: 8080
[08/02/24 23:23:56] crowsnest:		device: /dev/video1
[08/02/24 23:23:56] crowsnest:		resolution: 1280x720
[08/02/24 23:23:56] crowsnest:		max_fps: 24
[08/02/24 23:23:56] crowsnest: INFO: Detect available Devices
[08/02/24 23:23:56] crowsnest: ERROR: No usable Devices Found. Stopping crowsnest.
[08/02/24 23:24:02] crowsnest: crowsnest - A webcam Service for multiple Cams and Stream Services.
[08/02/24 23:24:02] crowsnest: Version: v4.1.9-1-gd75a3ae
[08/02/24 23:24:02] crowsnest: Prepare Startup ...
[08/02/24 23:24:02] crowsnest: INFO: Host information:
[08/02/24 23:24:02] crowsnest: Host Info: Distribution: Debian GNU/Linux 11 (bullseye)
[08/02/24 23:24:02] crowsnest: Host Info: Kernel: Linux 5.16.17-sun50iw6 aarch64
[08/02/24 23:24:02] crowsnest: Host Info: Available CPU Cores: 4
[08/02/24 23:24:02] crowsnest: Host Info: Available Memory: 2032516 kB
[08/02/24 23:24:02] crowsnest: Host Info: Diskspace (avail. / total): 1.2G / 7.0G
[08/02/24 23:24:02] crowsnest: INFO: Checking Dependencies
[08/02/24 23:24:02] crowsnest: Dependency: 'crudini' found in /usr/bin/crudini.
[08/02/24 23:24:02] crowsnest: Dependency: 'find' found in /usr/bin/find.
[08/02/24 23:24:02] crowsnest: Dependency: 'xargs' found in /usr/bin/xargs.
[08/02/24 23:24:02] crowsnest: Dependency: 'ustreamer' found in bin/ustreamer/src/ustreamer.bin.
[08/02/24 23:24:02] crowsnest: Version Control: ustreamer is up to date. (v6.10)
[08/02/24 23:24:02] crowsnest: INFO: Print Configfile: '/home/kkobold/printer_data/config/crowsnest.conf'
[08/02/24 23:24:02] crowsnest:		[crowsnest]
[08/02/24 23:24:02] crowsnest:		log_path: /home/kkobold/printer_data/logs/crowsnest.log
[08/02/24 23:24:02] crowsnest:		log_level: verbose
[08/02/24 23:24:02] crowsnest:		delete_log: false
[08/02/24 23:24:02] crowsnest:		no_proxy: true
[08/02/24 23:24:02] crowsnest:		
[08/02/24 23:24:02] crowsnest:		[cam 1]
[08/02/24 23:24:02] crowsnest:		mode: ustreamer
[08/02/24 23:24:02] crowsnest:		
[08/02/24 23:24:02] crowsnest:		enable_rtsp: false
[08/02/24 23:24:02] crowsnest:		rtsp_port: 8554
[08/02/24 23:24:02] crowsnest:		port: 8080
[08/02/24 23:24:02] crowsnest:		device: /dev/video1
[08/02/24 23:24:02] crowsnest:		resolution: 1280x720
[08/02/24 23:24:02] crowsnest:		max_fps: 24
[08/02/24 23:24:02] crowsnest: INFO: Detect available Devices
[08/02/24 23:24:02] crowsnest: ERROR: No usable Devices Found. Stopping crowsnest.
[08/02/24 23:24:09] crowsnest: crowsnest - A webcam Service for multiple Cams and Stream Services.
[08/02/24 23:24:09] crowsnest: Version: v4.1.9-1-gd75a3ae
[08/02/24 23:24:09] crowsnest: Prepare Startup ...
[08/02/24 23:24:09] crowsnest: INFO: Host information:
[08/02/24 23:24:09] crowsnest: Host Info: Distribution: Debian GNU/Linux 11 (bullseye)
[08/02/24 23:24:09] crowsnest: Host Info: Kernel: Linux 5.16.17-sun50iw6 aarch64
[08/02/24 23:24:09] crowsnest: Host Info: Available CPU Cores: 4
[08/02/24 23:24:09] crowsnest: Host Info: Available Memory: 2032516 kB
[08/02/24 23:24:09] crowsnest: Host Info: Diskspace (avail. / total): 1.2G / 7.0G
[08/02/24 23:24:09] crowsnest: INFO: Checking Dependencies
[08/02/24 23:24:09] crowsnest: Dependency: 'crudini' found in /usr/bin/crudini.
[08/02/24 23:24:09] crowsnest: Dependency: 'find' found in /usr/bin/find.
[08/02/24 23:24:09] crowsnest: Dependency: 'xargs' found in /usr/bin/xargs.
[08/02/24 23:24:09] crowsnest: Dependency: 'ustreamer' found in bin/ustreamer/src/ustreamer.bin.
[08/02/24 23:24:09] crowsnest: Version Control: ustreamer is up to date. (v6.10)
[08/02/24 23:24:09] crowsnest: INFO: Print Configfile: '/home/kkobold/printer_data/config/crowsnest.conf'
[08/02/24 23:24:09] crowsnest:		[crowsnest]
[08/02/24 23:24:09] crowsnest:		log_path: /home/kkobold/printer_data/logs/crowsnest.log
[08/02/24 23:24:09] crowsnest:		log_level: verbose
[08/02/24 23:24:09] crowsnest:		delete_log: false
[08/02/24 23:24:09] crowsnest:		no_proxy: true
[08/02/24 23:24:09] crowsnest:		
[08/02/24 23:24:09] crowsnest:		[cam 1]
[08/02/24 23:24:09] crowsnest:		mode: ustreamer
[08/02/24 23:24:09] crowsnest:		
[08/02/24 23:24:09] crowsnest:		enable_rtsp: false
[08/02/24 23:24:09] crowsnest:		rtsp_port: 8554
[08/02/24 23:24:09] crowsnest:		port: 8080
[08/02/24 23:24:09] crowsnest:		device: /dev/video1
[08/02/24 23:24:09] crowsnest:		resolution: 1280x720
[08/02/24 23:24:09] crowsnest:		max_fps: 24
[08/02/24 23:24:09] crowsnest: INFO: Detect available Devices
[08/02/24 23:24:09] crowsnest: ERROR: No usable Devices Found. Stopping crowsnest.
[08/02/24 23:24:15] crowsnest: crowsnest - A webcam Service for multiple Cams and Stream Services.
[08/02/24 23:24:15] crowsnest: Version: v4.1.9-1-gd75a3ae
[08/02/24 23:24:15] crowsnest: Prepare Startup ...
[08/02/24 23:24:15] crowsnest: INFO: Host information:
[08/02/24 23:24:15] crowsnest: Host Info: Distribution: Debian GNU/Linux 11 (bullseye)
[08/02/24 23:24:15] crowsnest: Host Info: Kernel: Linux 5.16.17-sun50iw6 aarch64
[08/02/24 23:24:15] crowsnest: Host Info: Available CPU Cores: 4
[08/02/24 23:24:15] crowsnest: Host Info: Available Memory: 2032516 kB
[08/02/24 23:24:15] crowsnest: Host Info: Diskspace (avail. / total): 1.2G / 7.0G
[08/02/24 23:24:15] crowsnest: INFO: Checking Dependencies
[08/02/24 23:24:15] crowsnest: Dependency: 'crudini' found in /usr/bin/crudini.
[08/02/24 23:24:15] crowsnest: Dependency: 'find' found in /usr/bin/find.
[08/02/24 23:24:15] crowsnest: Dependency: 'xargs' found in /usr/bin/xargs.
[08/02/24 23:24:15] crowsnest: Dependency: 'ustreamer' found in bin/ustreamer/src/ustreamer.bin.
[08/02/24 23:24:15] crowsnest: Version Control: ustreamer is up to date. (v6.10)
[08/02/24 23:24:15] crowsnest: INFO: Print Configfile: '/home/kkobold/printer_data/config/crowsnest.conf'
[08/02/24 23:24:15] crowsnest:		[crowsnest]
[08/02/24 23:24:15] crowsnest:		log_path: /home/kkobold/printer_data/logs/crowsnest.log
[08/02/24 23:24:15] crowsnest:		log_level: verbose
[08/02/24 23:24:15] crowsnest:		delete_log: false
[08/02/24 23:24:15] crowsnest:		no_proxy: true
[08/02/24 23:24:15] crowsnest:		
[08/02/24 23:24:15] crowsnest:		[cam 1]
[08/02/24 23:24:15] crowsnest:		mode: ustreamer
[08/02/24 23:24:15] crowsnest:		
[08/02/24 23:24:15] crowsnest:		enable_rtsp: false
[08/02/24 23:24:15] crowsnest:		rtsp_port: 8554
[08/02/24 23:24:15] crowsnest:		port: 8080
[08/02/24 23:24:15] crowsnest:		device: /dev/video1
[08/02/24 23:24:15] crowsnest:		resolution: 1280x720
[08/02/24 23:24:15] crowsnest:		max_fps: 24
[08/02/24 23:24:15] crowsnest: INFO: Detect available Devices
[08/02/24 23:24:15] crowsnest: ERROR: No usable Devices Found. Stopping crowsnest.
[08/02/24 23:24:21] crowsnest: crowsnest - A webcam Service for multiple Cams and Stream Services.
[08/02/24 23:24:21] crowsnest: Version: v4.1.9-1-gd75a3ae
[08/02/24 23:24:21] crowsnest: Prepare Startup ...
[08/02/24 23:24:21] crowsnest: INFO: Host information:
[08/02/24 23:24:21] crowsnest: Host Info: Distribution: Debian GNU/Linux 11 (bullseye)
[08/02/24 23:24:21] crowsnest: Host Info: Kernel: Linux 5.16.17-sun50iw6 aarch64
[08/02/24 23:24:21] crowsnest: Host Info: Available CPU Cores: 4
[08/02/24 23:24:21] crowsnest: Host Info: Available Memory: 2032516 kB
[08/02/24 23:24:21] crowsnest: Host Info: Diskspace (avail. / total): 1.2G / 7.0G
[08/02/24 23:24:21] crowsnest: INFO: Checking Dependencies
[08/02/24 23:24:21] crowsnest: Dependency: 'crudini' found in /usr/bin/crudini.
[08/02/24 23:24:21] crowsnest: Dependency: 'find' found in /usr/bin/find.
[08/02/24 23:24:21] crowsnest: Dependency: 'xargs' found in /usr/bin/xargs.
[08/02/24 23:24:21] crowsnest: Dependency: 'ustreamer' found in bin/ustreamer/src/ustreamer.bin.
[08/02/24 23:24:21] crowsnest: Version Control: ustreamer is up to date. (v6.10)
[08/02/24 23:24:21] crowsnest: INFO: Print Configfile: '/home/kkobold/printer_data/config/crowsnest.conf'
[08/02/24 23:24:21] crowsnest:		[crowsnest]
[08/02/24 23:24:21] crowsnest:		log_path: /home/kkobold/printer_data/logs/crowsnest.log
[08/02/24 23:24:21] crowsnest:		log_level: verbose
[08/02/24 23:24:21] crowsnest:		delete_log: false
[08/02/24 23:24:21] crowsnest:		no_proxy: true
[08/02/24 23:24:21] crowsnest:		
[08/02/24 23:24:21] crowsnest:		[cam 1]
[08/02/24 23:24:21] crowsnest:		mode: ustreamer
[08/02/24 23:24:21] crowsnest:		
[08/02/24 23:24:21] crowsnest:		enable_rtsp: false
[08/02/24 23:24:21] crowsnest:		rtsp_port: 8554
[08/02/24 23:24:21] crowsnest:		port: 8080
[08/02/24 23:24:21] crowsnest:		device: /dev/video1
[08/02/24 23:24:21] crowsnest:		resolution: 1280x720
[08/02/24 23:24:21] crowsnest:		max_fps: 24
[08/02/24 23:24:21] crowsnest: INFO: Detect available Devices
[08/02/24 23:24:21] crowsnest: ERROR: No usable Devices Found. Stopping crowsnest.
[08/02/24 23:24:27] crowsnest: crowsnest - A webcam Service for multiple Cams and Stream Services.
[08/02/24 23:24:27] crowsnest: Version: v4.1.9-1-gd75a3ae
[08/02/24 23:24:27] crowsnest: Prepare Startup ...
[08/02/24 23:24:27] crowsnest: INFO: Host information:
[08/02/24 23:24:27] crowsnest: Host Info: Distribution: Debian GNU/Linux 11 (bullseye)
[08/02/24 23:24:27] crowsnest: Host Info: Kernel: Linux 5.16.17-sun50iw6 aarch64
[08/02/24 23:24:27] crowsnest: Host Info: Available CPU Cores: 4
[08/02/24 23:24:27] crowsnest: Host Info: Available Memory: 2032516 kB
[08/02/24 23:24:27] crowsnest: Host Info: Diskspace (avail. / total): 1.2G / 7.0G
[08/02/24 23:24:27] crowsnest: INFO: Checking Dependencies
[08/02/24 23:24:27] crowsnest: Dependency: 'crudini' found in /usr/bin/crudini.
[08/02/24 23:24:28] crowsnest: Dependency: 'find' found in /usr/bin/find.
[08/02/24 23:24:28] crowsnest: Dependency: 'xargs' found in /usr/bin/xargs.
[08/02/24 23:24:28] crowsnest: Dependency: 'ustreamer' found in bin/ustreamer/src/ustreamer.bin.
[08/02/24 23:24:28] crowsnest: Version Control: ustreamer is up to date. (v6.10)
[08/02/24 23:24:28] crowsnest: INFO: Print Configfile: '/home/kkobold/printer_data/config/crowsnest.conf'
[08/02/24 23:24:28] crowsnest:		[crowsnest]
[08/02/24 23:24:28] crowsnest:		log_path: /home/kkobold/printer_data/logs/crowsnest.log
[08/02/24 23:24:28] crowsnest:		log_level: verbose
[08/02/24 23:24:28] crowsnest:		delete_log: false
[08/02/24 23:24:28] crowsnest:		no_proxy: true
[08/02/24 23:24:28] crowsnest:		
[08/02/24 23:24:28] crowsnest:		[cam 1]
[08/02/24 23:24:28] crowsnest:		mode: ustreamer
[08/02/24 23:24:28] crowsnest:		
[08/02/24 23:24:28] crowsnest:		enable_rtsp: false
[08/02/24 23:24:28] crowsnest:		rtsp_port: 8554
[08/02/24 23:24:28] crowsnest:		port: 8080
[08/02/24 23:24:28] crowsnest:		device: /dev/video1
[08/02/24 23:24:28] crowsnest:		resolution: 1280x720
[08/02/24 23:24:28] crowsnest:		max_fps: 24
[08/02/24 23:24:28] crowsnest: INFO: Detect available Devices
[08/02/24 23:24:28] crowsnest: ERROR: No usable Devices Found. Stopping crowsnest.
[08/02/24 23:24:34] crowsnest: crowsnest - A webcam Service for multiple Cams and Stream Services.
[08/02/24 23:24:34] crowsnest: Version: v4.1.9-1-gd75a3ae
[08/02/24 23:24:34] crowsnest: Prepare Startup ...
[08/02/24 23:24:34] crowsnest: INFO: Host information:
[08/02/24 23:24:34] crowsnest: Host Info: Distribution: Debian GNU/Linux 11 (bullseye)
[08/02/24 23:24:34] crowsnest: Host Info: Kernel: Linux 5.16.17-sun50iw6 aarch64
[08/02/24 23:24:34] crowsnest: Host Info: Available CPU Cores: 4
[08/02/24 23:24:34] crowsnest: Host Info: Available Memory: 2032516 kB
[08/02/24 23:24:34] crowsnest: Host Info: Diskspace (avail. / total): 1.2G / 7.0G
[08/02/24 23:24:34] crowsnest: INFO: Checking Dependencies
[08/02/24 23:24:34] crowsnest: Dependency: 'crudini' found in /usr/bin/crudini.
[08/02/24 23:24:34] crowsnest: Dependency: 'find' found in /usr/bin/find.
[08/02/24 23:24:34] crowsnest: Dependency: 'xargs' found in /usr/bin/xargs.
[08/02/24 23:24:34] crowsnest: Dependency: 'ustreamer' found in bin/ustreamer/src/ustreamer.bin.
[08/02/24 23:24:34] crowsnest: Version Control: ustreamer is up to date. (v6.10)
[08/02/24 23:24:34] crowsnest: INFO: Print Configfile: '/home/kkobold/printer_data/config/crowsnest.conf'
[08/02/24 23:24:34] crowsnest:		[crowsnest]
[08/02/24 23:24:34] crowsnest:		log_path: /home/kkobold/printer_data/logs/crowsnest.log
[08/02/24 23:24:34] crowsnest:		log_level: verbose
[08/02/24 23:24:34] crowsnest:		delete_log: false
[08/02/24 23:24:34] crowsnest:		no_proxy: true
[08/02/24 23:24:34] crowsnest:		
[08/02/24 23:24:34] crowsnest:		[cam 1]
[08/02/24 23:24:34] crowsnest:		mode: ustreamer
[08/02/24 23:24:34] crowsnest:		
[08/02/24 23:24:34] crowsnest:		enable_rtsp: false
[08/02/24 23:24:34] crowsnest:		rtsp_port: 8554
[08/02/24 23:24:34] crowsnest:		port: 8080
[08/02/24 23:24:34] crowsnest:		device: /dev/video1
[08/02/24 23:24:34] crowsnest:		resolution: 1280x720
[08/02/24 23:24:34] crowsnest:		max_fps: 24
[08/02/24 23:24:34] crowsnest: INFO: Detect available Devices
[08/02/24 23:24:34] crowsnest: ERROR: No usable Devices Found. Stopping crowsnest.
[08/04/24 23:17:08] crowsnest: crowsnest - A webcam Service for multiple Cams and Stream Services.
[08/04/24 23:17:08] crowsnest: Version: v4.1.9-1-gd75a3ae
[08/04/24 23:17:08] crowsnest: Prepare Startup ...
[08/04/24 23:17:08] crowsnest: INFO: Host information:
[08/04/24 23:17:08] crowsnest: Host Info: Distribution: Debian GNU/Linux 11 (bullseye)
[08/04/24 23:17:08] crowsnest: Host Info: Kernel: Linux 5.16.17-sun50iw6 aarch64
[08/04/24 23:17:08] crowsnest: Host Info: Available CPU Cores: 4
[08/04/24 23:17:08] crowsnest: Host Info: Available Memory: 2032516 kB
[08/04/24 23:17:08] crowsnest: Host Info: Diskspace (avail. / total): 902M / 7.0G
[08/04/24 23:17:08] crowsnest: INFO: Checking Dependencies
[08/04/24 23:17:08] crowsnest: Dependency: 'crudini' found in /usr/bin/crudini.
[08/04/24 23:17:08] crowsnest: Dependency: 'find' found in /usr/bin/find.
[08/04/24 23:17:08] crowsnest: Dependency: 'xargs' found in /usr/bin/xargs.
[08/04/24 23:17:08] crowsnest: Dependency: 'ustreamer' found in bin/ustreamer/src/ustreamer.bin.
[08/04/24 23:17:08] crowsnest: Version Control: ustreamer is up to date. (v6.10)
[08/04/24 23:17:08] crowsnest: INFO: Print Configfile: '/home/kkobold/printer_data/config/crowsnest.conf'
[08/04/24 23:17:08] crowsnest:		[crowsnest]
[08/04/24 23:17:08] crowsnest:		log_path: /home/kkobold/printer_data/logs/crowsnest.log
[08/04/24 23:17:08] crowsnest:		log_level: verbose
[08/04/24 23:17:08] crowsnest:		delete_log: false
[08/04/24 23:17:08] crowsnest:		no_proxy: true
[08/04/24 23:17:08] crowsnest:		
[08/04/24 23:17:08] crowsnest:		[cam 1]
[08/04/24 23:17:08] crowsnest:		mode: ustreamer
[08/04/24 23:17:08] crowsnest:		
[08/04/24 23:17:08] crowsnest:		enable_rtsp: false
[08/04/24 23:17:08] crowsnest:		rtsp_port: 8554
[08/04/24 23:17:08] crowsnest:		port: 8080
[08/04/24 23:17:08] crowsnest:		device: /dev/video1
[08/04/24 23:17:08] crowsnest:		resolution: 1280x720
[08/04/24 23:17:08] crowsnest:		max_fps: 24
[08/04/24 23:17:08] crowsnest: INFO: Detect available Devices
[08/04/24 23:17:09] crowsnest: ERROR: No usable Devices Found. Stopping crowsnest.
[08/04/24 23:17:15] crowsnest: crowsnest - A webcam Service for multiple Cams and Stream Services.
[08/04/24 23:17:15] crowsnest: Version: v4.1.9-1-gd75a3ae
[08/04/24 23:17:15] crowsnest: Prepare Startup ...
[08/04/24 23:17:15] crowsnest: INFO: Host information:
[08/04/24 23:17:15] crowsnest: Host Info: Distribution: Debian GNU/Linux 11 (bullseye)
[08/04/24 23:17:15] crowsnest: Host Info: Kernel: Linux 5.16.17-sun50iw6 aarch64
[08/04/24 23:17:15] crowsnest: Host Info: Available CPU Cores: 4
[08/04/24 23:17:15] crowsnest: Host Info: Available Memory: 2032516 kB
[08/04/24 23:17:15] crowsnest: Host Info: Diskspace (avail. / total): 902M / 7.0G
[08/04/24 23:17:15] crowsnest: INFO: Checking Dependencies
[08/04/24 23:17:15] crowsnest: Dependency: 'crudini' found in /usr/bin/crudini.
[08/04/24 23:17:15] crowsnest: Dependency: 'find' found in /usr/bin/find.
[08/04/24 23:17:15] crowsnest: Dependency: 'xargs' found in /usr/bin/xargs.
[08/04/24 23:17:15] crowsnest: Dependency: 'ustreamer' found in bin/ustreamer/src/ustreamer.bin.
[08/04/24 23:17:15] crowsnest: Version Control: ustreamer is up to date. (v6.10)
[08/04/24 23:17:15] crowsnest: INFO: Print Configfile: '/home/kkobold/printer_data/config/crowsnest.conf'
[08/04/24 23:17:15] crowsnest:		[crowsnest]
[08/04/24 23:17:15] crowsnest:		log_path: /home/kkobold/printer_data/logs/crowsnest.log
[08/04/24 23:17:15] crowsnest:		log_level: verbose
[08/04/24 23:17:15] crowsnest:		delete_log: false
[08/04/24 23:17:15] crowsnest:		no_proxy: true
[08/04/24 23:17:15] crowsnest:		
[08/04/24 23:17:15] crowsnest:		[cam 1]
[08/04/24 23:17:15] crowsnest:		mode: ustreamer
[08/04/24 23:17:15] crowsnest:		
[08/04/24 23:17:15] crowsnest:		enable_rtsp: false
[08/04/24 23:17:15] crowsnest:		rtsp_port: 8554
[08/04/24 23:17:15] crowsnest:		port: 8080
[08/04/24 23:17:15] crowsnest:		device: /dev/video1
[08/04/24 23:17:15] crowsnest:		resolution: 1280x720
[08/04/24 23:17:15] crowsnest:		max_fps: 24
[08/04/24 23:17:15] crowsnest: INFO: Detect available Devices
[08/04/24 23:17:15] crowsnest: ERROR: No usable Devices Found. Stopping crowsnest.
[08/05/24 06:32:17] crowsnest: crowsnest - A webcam Service for multiple Cams and Stream Services.
[08/05/24 06:32:17] crowsnest: Version: v4.1.9-1-gd75a3ae
[08/05/24 06:32:17] crowsnest: Prepare Startup ...
[08/05/24 06:32:17] crowsnest: INFO: Host information:
[08/05/24 06:32:17] crowsnest: Host Info: Distribution: Debian GNU/Linux 11 (bullseye)
[08/05/24 06:32:17] crowsnest: Host Info: Kernel: Linux 5.16.17-sun50iw6 aarch64
[08/05/24 06:32:17] crowsnest: Host Info: Available CPU Cores: 4
[08/05/24 06:32:17] crowsnest: Host Info: Available Memory: 2032516 kB
[08/05/24 06:32:17] crowsnest: Host Info: Diskspace (avail. / total): 928M / 7.0G
[08/05/24 06:32:17] crowsnest: INFO: Checking Dependencies
[08/05/24 06:32:17] crowsnest: Dependency: 'crudini' found in /usr/bin/crudini.
[08/05/24 06:32:18] crowsnest: Dependency: 'find' found in /usr/bin/find.
[08/05/24 06:32:18] crowsnest: Dependency: 'xargs' found in /usr/bin/xargs.
[08/05/24 06:32:18] crowsnest: Dependency: 'ustreamer' found in bin/ustreamer/src/ustreamer.bin.
[08/05/24 06:32:18] crowsnest: Version Control: ustreamer is up to date. (v6.10)
[08/05/24 06:32:18] crowsnest: INFO: Print Configfile: '/home/kkobold/printer_data/config/crowsnest.conf'
[08/05/24 06:32:18] crowsnest:		[crowsnest]
[08/05/24 06:32:18] crowsnest:		log_path: /home/kkobold/printer_data/logs/crowsnest.log
[08/05/24 06:32:18] crowsnest:		log_level: verbose
[08/05/24 06:32:18] crowsnest:		delete_log: false
[08/05/24 06:32:18] crowsnest:		no_proxy: true
[08/05/24 06:32:18] crowsnest:		
[08/05/24 06:32:18] crowsnest:		[cam 1]
[08/05/24 06:32:18] crowsnest:		mode: ustreamer
[08/05/24 06:32:18] crowsnest:		
[08/05/24 06:32:18] crowsnest:		enable_rtsp: false
[08/05/24 06:32:18] crowsnest:		rtsp_port: 8554
[08/05/24 06:32:18] crowsnest:		port: 8080
[08/05/24 06:32:18] crowsnest:		device: /dev/video1
[08/05/24 06:32:18] crowsnest:		resolution: 1280x720
[08/05/24 06:32:18] crowsnest:		max_fps: 24
[08/05/24 06:32:18] crowsnest: INFO: Detect available Devices
[08/05/24 06:32:18] crowsnest: ERROR: No usable Devices Found. Stopping crowsnest.
[08/05/24 06:32:24] crowsnest: crowsnest - A webcam Service for multiple Cams and Stream Services.
[08/05/24 06:32:24] crowsnest: Version: v4.1.9-1-gd75a3ae
[08/05/24 06:32:24] crowsnest: Prepare Startup ...
[08/05/24 06:32:24] crowsnest: INFO: Host information:
[08/05/24 06:32:24] crowsnest: Host Info: Distribution: Debian GNU/Linux 11 (bullseye)
[08/05/24 06:32:24] crowsnest: Host Info: Kernel: Linux 5.16.17-sun50iw6 aarch64
[08/05/24 06:32:24] crowsnest: Host Info: Available CPU Cores: 4
[08/05/24 06:32:24] crowsnest: Host Info: Available Memory: 2032516 kB
[08/05/24 06:32:24] crowsnest: Host Info: Diskspace (avail. / total): 922M / 7.0G
[08/05/24 06:32:24] crowsnest: INFO: Checking Dependencies
[08/05/24 06:32:24] crowsnest: Dependency: 'crudini' found in /usr/bin/crudini.
[08/05/24 06:32:24] crowsnest: Dependency: 'find' found in /usr/bin/find.
[08/05/24 06:32:24] crowsnest: Dependency: 'xargs' found in /usr/bin/xargs.
[08/05/24 06:32:24] crowsnest: Dependency: 'ustreamer' found in bin/ustreamer/src/ustreamer.bin.
[08/05/24 06:32:24] crowsnest: Version Control: ustreamer is up to date. (v6.10)
[08/05/24 06:32:24] crowsnest: INFO: Print Configfile: '/home/kkobold/printer_data/config/crowsnest.conf'
[08/05/24 06:32:24] crowsnest:		[crowsnest]
[08/05/24 06:32:24] crowsnest:		log_path: /home/kkobold/printer_data/logs/crowsnest.log
[08/05/24 06:32:24] crowsnest:		log_level: verbose
[08/05/24 06:32:24] crowsnest:		delete_log: false
[08/05/24 06:32:24] crowsnest:		no_proxy: true
[08/05/24 06:32:24] crowsnest:		
[08/05/24 06:32:24] crowsnest:		[cam 1]
[08/05/24 06:32:24] crowsnest:		mode: ustreamer
[08/05/24 06:32:24] crowsnest:		
[08/05/24 06:32:24] crowsnest:		enable_rtsp: false
[08/05/24 06:32:24] crowsnest:		rtsp_port: 8554
[08/05/24 06:32:24] crowsnest:		port: 8080
[08/05/24 06:32:24] crowsnest:		device: /dev/video1
[08/05/24 06:32:24] crowsnest:		resolution: 1280x720
[08/05/24 06:32:24] crowsnest:		max_fps: 24
[08/05/24 06:32:24] crowsnest: INFO: Detect available Devices
[08/05/24 06:32:24] crowsnest: ERROR: No usable Devices Found. Stopping crowsnest.
[08/05/24 06:32:30] crowsnest: crowsnest - A webcam Service for multiple Cams and Stream Services.
[08/05/24 06:32:30] crowsnest: Version: v4.1.9-1-gd75a3ae
[08/05/24 06:32:30] crowsnest: Prepare Startup ...
[08/05/24 06:32:30] crowsnest: INFO: Host information:
[08/05/24 06:32:30] crowsnest: Host Info: Distribution: Debian GNU/Linux 11 (bullseye)
[08/05/24 06:32:30] crowsnest: Host Info: Kernel: Linux 5.16.17-sun50iw6 aarch64
[08/05/24 06:32:30] crowsnest: Host Info: Available CPU Cores: 4
[08/05/24 06:32:30] crowsnest: Host Info: Available Memory: 2032516 kB
[08/05/24 06:32:30] crowsnest: Host Info: Diskspace (avail. / total): 922M / 7.0G
[08/05/24 06:32:30] crowsnest: INFO: Checking Dependencies
[08/05/24 06:32:30] crowsnest: Dependency: 'crudini' found in /usr/bin/crudini.
[08/05/24 06:32:30] crowsnest: Dependency: 'find' found in /usr/bin/find.
[08/05/24 06:32:30] crowsnest: Dependency: 'xargs' found in /usr/bin/xargs.
[08/05/24 06:32:30] crowsnest: Dependency: 'ustreamer' found in bin/ustreamer/src/ustreamer.bin.
[08/05/24 06:32:30] crowsnest: Version Control: ustreamer is up to date. (v6.10)
[08/05/24 06:32:30] crowsnest: INFO: Print Configfile: '/home/kkobold/printer_data/config/crowsnest.conf'
[08/05/24 06:32:30] crowsnest:		[crowsnest]
[08/05/24 06:32:30] crowsnest:		log_path: /home/kkobold/printer_data/logs/crowsnest.log
[08/05/24 06:32:30] crowsnest:		log_level: verbose
[08/05/24 06:32:30] crowsnest:		delete_log: false
[08/05/24 06:32:30] crowsnest:		no_proxy: true
[08/05/24 06:32:30] crowsnest:		
[08/05/24 06:32:30] crowsnest:		[cam 1]
[08/05/24 06:32:30] crowsnest:		mode: ustreamer
[08/05/24 06:32:30] crowsnest:		
[08/05/24 06:32:30] crowsnest:		enable_rtsp: false
[08/05/24 06:32:30] crowsnest:		rtsp_port: 8554
[08/05/24 06:32:30] crowsnest:		port: 8080
[08/05/24 06:32:30] crowsnest:		device: /dev/video1
[08/05/24 06:32:30] crowsnest:		resolution: 1280x720
[08/05/24 06:32:30] crowsnest:		max_fps: 24
[08/05/24 06:32:30] crowsnest: INFO: Detect available Devices
[08/05/24 06:32:30] crowsnest: ERROR: No usable Devices Found. Stopping crowsnest.
[08/05/24 06:32:37] crowsnest: crowsnest - A webcam Service for multiple Cams and Stream Services.
[08/05/24 06:32:37] crowsnest: Version: v4.1.9-1-gd75a3ae
[08/05/24 06:32:37] crowsnest: Prepare Startup ...
[08/05/24 06:32:37] crowsnest: INFO: Host information:
[08/05/24 06:32:37] crowsnest: Host Info: Distribution: Debian GNU/Linux 11 (bullseye)
[08/05/24 06:32:37] crowsnest: Host Info: Kernel: Linux 5.16.17-sun50iw6 aarch64
[08/05/24 06:32:37] crowsnest: Host Info: Available CPU Cores: 4
[08/05/24 06:32:37] crowsnest: Host Info: Available Memory: 2032516 kB
[08/05/24 06:32:37] crowsnest: Host Info: Diskspace (avail. / total): 922M / 7.0G
[08/05/24 06:32:37] crowsnest: INFO: Checking Dependencies
[08/05/24 06:32:37] crowsnest: Dependency: 'crudini' found in /usr/bin/crudini.
[08/05/24 06:32:37] crowsnest: Dependency: 'find' found in /usr/bin/find.
[08/05/24 06:32:37] crowsnest: Dependency: 'xargs' found in /usr/bin/xargs.
[08/05/24 06:32:37] crowsnest: Dependency: 'ustreamer' found in bin/ustreamer/src/ustreamer.bin.
[08/05/24 06:32:37] crowsnest: Version Control: ustreamer is up to date. (v6.10)
[08/05/24 06:32:37] crowsnest: INFO: Print Configfile: '/home/kkobold/printer_data/config/crowsnest.conf'
[08/05/24 06:32:37] crowsnest:		[crowsnest]
[08/05/24 06:32:37] crowsnest:		log_path: /home/kkobold/printer_data/logs/crowsnest.log
[08/05/24 06:32:37] crowsnest:		log_level: verbose
[08/05/24 06:32:37] crowsnest:		delete_log: false
[08/05/24 06:32:37] crowsnest:		no_proxy: true
[08/05/24 06:32:37] crowsnest:		
[08/05/24 06:32:37] crowsnest:		[cam 1]
[08/05/24 06:32:37] crowsnest:		mode: ustreamer
[08/05/24 06:32:37] crowsnest:		
[08/05/24 06:32:37] crowsnest:		enable_rtsp: false
[08/05/24 06:32:37] crowsnest:		rtsp_port: 8554
[08/05/24 06:32:37] crowsnest:		port: 8080
[08/05/24 06:32:37] crowsnest:		device: /dev/video1
[08/05/24 06:32:37] crowsnest:		resolution: 1280x720
[08/05/24 06:32:37] crowsnest:		max_fps: 24
[08/05/24 06:32:37] crowsnest: INFO: Detect available Devices
[08/05/24 06:32:37] crowsnest: ERROR: No usable Devices Found. Stopping crowsnest.
[08/05/24 06:32:43] crowsnest: crowsnest - A webcam Service for multiple Cams and Stream Services.
[08/05/24 06:32:43] crowsnest: Version: v4.1.9-1-gd75a3ae
[08/05/24 06:32:43] crowsnest: Prepare Startup ...
[08/05/24 06:32:43] crowsnest: INFO: Host information:
[08/05/24 06:32:43] crowsnest: Host Info: Distribution: Debian GNU/Linux 11 (bullseye)
[08/05/24 06:32:43] crowsnest: Host Info: Kernel: Linux 5.16.17-sun50iw6 aarch64
[08/05/24 06:32:43] crowsnest: Host Info: Available CPU Cores: 4
[08/05/24 06:32:43] crowsnest: Host Info: Available Memory: 2032516 kB
[08/05/24 06:32:43] crowsnest: Host Info: Diskspace (avail. / total): 922M / 7.0G
[08/05/24 06:32:43] crowsnest: INFO: Checking Dependencies
[08/05/24 06:32:43] crowsnest: Dependency: 'crudini' found in /usr/bin/crudini.
[08/05/24 06:32:43] crowsnest: Dependency: 'find' found in /usr/bin/find.
[08/05/24 06:32:43] crowsnest: Dependency: 'xargs' found in /usr/bin/xargs.
[08/05/24 06:32:43] crowsnest: Dependency: 'ustreamer' found in bin/ustreamer/src/ustreamer.bin.
[08/05/24 06:32:43] crowsnest: Version Control: ustreamer is up to date. (v6.10)
[08/05/24 06:32:43] crowsnest: INFO: Print Configfile: '/home/kkobold/printer_data/config/crowsnest.conf'
[08/05/24 06:32:43] crowsnest:		[crowsnest]
[08/05/24 06:32:43] crowsnest:		log_path: /home/kkobold/printer_data/logs/crowsnest.log
[08/05/24 06:32:43] crowsnest:		log_level: verbose
[08/05/24 06:32:43] crowsnest:		delete_log: false
[08/05/24 06:32:43] crowsnest:		no_proxy: true
[08/05/24 06:32:43] crowsnest:		
[08/05/24 06:32:43] crowsnest:		[cam 1]
[08/05/24 06:32:43] crowsnest:		mode: ustreamer
[08/05/24 06:32:43] crowsnest:		
[08/05/24 06:32:43] crowsnest:		enable_rtsp: false
[08/05/24 06:32:43] crowsnest:		rtsp_port: 8554
[08/05/24 06:32:43] crowsnest:		port: 8080
[08/05/24 06:32:43] crowsnest:		device: /dev/video1
[08/05/24 06:32:43] crowsnest:		resolution: 1280x720
[08/05/24 06:32:43] crowsnest:		max_fps: 24
[08/05/24 06:32:43] crowsnest: INFO: Detect available Devices
[08/05/24 06:32:43] crowsnest: ERROR: No usable Devices Found. Stopping crowsnest.
[08/05/24 06:32:49] crowsnest: crowsnest - A webcam Service for multiple Cams and Stream Services.
[08/05/24 06:32:49] crowsnest: Version: v4.1.9-1-gd75a3ae
[08/05/24 06:32:49] crowsnest: Prepare Startup ...
[08/05/24 06:32:49] crowsnest: INFO: Host information:
[08/05/24 06:32:49] crowsnest: Host Info: Distribution: Debian GNU/Linux 11 (bullseye)
[08/05/24 06:32:49] crowsnest: Host Info: Kernel: Linux 5.16.17-sun50iw6 aarch64
[08/05/24 06:32:49] crowsnest: Host Info: Available CPU Cores: 4
[08/05/24 06:32:49] crowsnest: Host Info: Available Memory: 2032516 kB
[08/05/24 06:32:49] crowsnest: Host Info: Diskspace (avail. / total): 922M / 7.0G
[08/05/24 06:32:49] crowsnest: INFO: Checking Dependencies
[08/05/24 06:32:49] crowsnest: Dependency: 'crudini' found in /usr/bin/crudini.
[08/05/24 06:32:49] crowsnest: Dependency: 'find' found in /usr/bin/find.
[08/05/24 06:32:49] crowsnest: Dependency: 'xargs' found in /usr/bin/xargs.
[08/05/24 06:32:49] crowsnest: Dependency: 'ustreamer' found in bin/ustreamer/src/ustreamer.bin.
[08/05/24 06:32:49] crowsnest: Version Control: ustreamer is up to date. (v6.10)
[08/05/24 06:32:49] crowsnest: INFO: Print Configfile: '/home/kkobold/printer_data/config/crowsnest.conf'
[08/05/24 06:32:49] crowsnest:		[crowsnest]
[08/05/24 06:32:49] crowsnest:		log_path: /home/kkobold/printer_data/logs/crowsnest.log
[08/05/24 06:32:49] crowsnest:		log_level: verbose
[08/05/24 06:32:49] crowsnest:		delete_log: false
[08/05/24 06:32:49] crowsnest:		no_proxy: true
[08/05/24 06:32:49] crowsnest:		
[08/05/24 06:32:49] crowsnest:		[cam 1]
[08/05/24 06:32:49] crowsnest:		mode: ustreamer
[08/05/24 06:32:49] crowsnest:		
[08/05/24 06:32:49] crowsnest:		enable_rtsp: false
[08/05/24 06:32:49] crowsnest:		rtsp_port: 8554
[08/05/24 06:32:49] crowsnest:		port: 8080
[08/05/24 06:32:49] crowsnest:		device: /dev/video1
[08/05/24 06:32:49] crowsnest:		resolution: 1280x720
[08/05/24 06:32:49] crowsnest:		max_fps: 24
[08/05/24 06:32:50] crowsnest: INFO: Detect available Devices
[08/05/24 06:32:50] crowsnest: ERROR: No usable Devices Found. Stopping crowsnest.
[08/05/24 06:32:55] crowsnest: crowsnest - A webcam Service for multiple Cams and Stream Services.
[08/05/24 06:32:55] crowsnest: Version: v4.1.9-1-gd75a3ae
[08/05/24 06:32:55] crowsnest: Prepare Startup ...
[08/05/24 06:32:56] crowsnest: INFO: Host information:
[08/05/24 06:32:56] crowsnest: Host Info: Distribution: Debian GNU/Linux 11 (bullseye)
[08/05/24 06:32:56] crowsnest: Host Info: Kernel: Linux 5.16.17-sun50iw6 aarch64
[08/05/24 06:32:56] crowsnest: Host Info: Available CPU Cores: 4
[08/05/24 06:32:56] crowsnest: Host Info: Available Memory: 2032516 kB
[08/05/24 06:32:56] crowsnest: Host Info: Diskspace (avail. / total): 922M / 7.0G
[08/05/24 06:32:56] crowsnest: INFO: Checking Dependencies
[08/05/24 06:32:56] crowsnest: Dependency: 'crudini' found in /usr/bin/crudini.
[08/05/24 06:32:56] crowsnest: Dependency: 'find' found in /usr/bin/find.
[08/05/24 06:32:56] crowsnest: Dependency: 'xargs' found in /usr/bin/xargs.
[08/05/24 06:32:56] crowsnest: Dependency: 'ustreamer' found in bin/ustreamer/src/ustreamer.bin.
[08/05/24 06:32:56] crowsnest: Version Control: ustreamer is up to date. (v6.10)
[08/05/24 06:32:56] crowsnest: INFO: Print Configfile: '/home/kkobold/printer_data/config/crowsnest.conf'
[08/05/24 06:32:56] crowsnest:		[crowsnest]
[08/05/24 06:32:56] crowsnest:		log_path: /home/kkobold/printer_data/logs/crowsnest.log
[08/05/24 06:32:56] crowsnest:		log_level: verbose
[08/05/24 06:32:56] crowsnest:		delete_log: false
[08/05/24 06:32:56] crowsnest:		no_proxy: true
[08/05/24 06:32:56] crowsnest:		
[08/05/24 06:32:56] crowsnest:		[cam 1]
[08/05/24 06:32:56] crowsnest:		mode: ustreamer
[08/05/24 06:32:56] crowsnest:		
[08/05/24 06:32:56] crowsnest:		enable_rtsp: false
[08/05/24 06:32:56] crowsnest:		rtsp_port: 8554
[08/05/24 06:32:56] crowsnest:		port: 8080
[08/05/24 06:32:56] crowsnest:		device: /dev/video1
[08/05/24 06:32:56] crowsnest:		resolution: 1280x720
[08/05/24 06:32:56] crowsnest:		max_fps: 24
[08/05/24 06:32:56] crowsnest: INFO: Detect available Devices
[08/05/24 06:32:56] crowsnest: ERROR: No usable Devices Found. Stopping crowsnest.
[08/05/24 06:33:02] crowsnest: crowsnest - A webcam Service for multiple Cams and Stream Services.
[08/05/24 06:33:02] crowsnest: Version: v4.1.9-1-gd75a3ae
[08/05/24 06:33:02] crowsnest: Prepare Startup ...
[08/05/24 06:33:02] crowsnest: INFO: Host information:
[08/05/24 06:33:02] crowsnest: Host Info: Distribution: Debian GNU/Linux 11 (bullseye)
[08/05/24 06:33:02] crowsnest: Host Info: Kernel: Linux 5.16.17-sun50iw6 aarch64
[08/05/24 06:33:02] crowsnest: Host Info: Available CPU Cores: 4
[08/05/24 06:33:02] crowsnest: Host Info: Available Memory: 2032516 kB
[08/05/24 06:33:02] crowsnest: Host Info: Diskspace (avail. / total): 922M / 7.0G
[08/05/24 06:33:02] crowsnest: INFO: Checking Dependencies
[08/05/24 06:33:02] crowsnest: Dependency: 'crudini' found in /usr/bin/crudini.
[08/05/24 06:33:02] crowsnest: Dependency: 'find' found in /usr/bin/find.
[08/05/24 06:33:02] crowsnest: Dependency: 'xargs' found in /usr/bin/xargs.
[08/05/24 06:33:02] crowsnest: Dependency: 'ustreamer' found in bin/ustreamer/src/ustreamer.bin.
[08/05/24 06:33:02] crowsnest: Version Control: ustreamer is up to date. (v6.10)
[08/05/24 06:33:02] crowsnest: INFO: Print Configfile: '/home/kkobold/printer_data/config/crowsnest.conf'
[08/05/24 06:33:02] crowsnest:		[crowsnest]
[08/05/24 06:33:02] crowsnest:		log_path: /home/kkobold/printer_data/logs/crowsnest.log
[08/05/24 06:33:02] crowsnest:		log_level: verbose
[08/05/24 06:33:02] crowsnest:		delete_log: false
[08/05/24 06:33:02] crowsnest:		no_proxy: true
[08/05/24 06:33:02] crowsnest:		
[08/05/24 06:33:02] crowsnest:		[cam 1]
[08/05/24 06:33:02] crowsnest:		mode: ustreamer
[08/05/24 06:33:02] crowsnest:		
[08/05/24 06:33:02] crowsnest:		enable_rtsp: false
[08/05/24 06:33:02] crowsnest:		rtsp_port: 8554
[08/05/24 06:33:02] crowsnest:		port: 8080
[08/05/24 06:33:02] crowsnest:		device: /dev/video1
[08/05/24 06:33:02] crowsnest:		resolution: 1280x720
[08/05/24 06:33:02] crowsnest:		max_fps: 24
[08/05/24 06:33:02] crowsnest: INFO: Detect available Devices
[08/05/24 06:33:02] crowsnest: ERROR: No usable Devices Found. Stopping crowsnest.
[08/05/24 21:17:08] crowsnest: crowsnest - A webcam Service for multiple Cams and Stream Services.
[08/05/24 21:17:08] crowsnest: Version: v4.1.9-1-gd75a3ae
[08/05/24 21:17:08] crowsnest: Prepare Startup ...
[08/05/24 21:17:08] crowsnest: INFO: Host information:
[08/05/24 21:17:08] crowsnest: Host Info: Distribution: Debian GNU/Linux 11 (bullseye)
[08/05/24 21:17:08] crowsnest: Host Info: Kernel: Linux 5.16.17-sun50iw6 aarch64
[08/05/24 21:17:08] crowsnest: Host Info: Available CPU Cores: 4
[08/05/24 21:17:08] crowsnest: Host Info: Available Memory: 2032516 kB
[08/05/24 21:17:08] crowsnest: Host Info: Diskspace (avail. / total): 874M / 7.0G
[08/05/24 21:17:08] crowsnest: INFO: Checking Dependencies
[08/05/24 21:17:08] crowsnest: Dependency: 'crudini' found in /usr/bin/crudini.
[08/05/24 21:17:08] crowsnest: Dependency: 'find' found in /usr/bin/find.
[08/05/24 21:17:08] crowsnest: Dependency: 'xargs' found in /usr/bin/xargs.
[08/05/24 21:17:08] crowsnest: Dependency: 'ustreamer' found in bin/ustreamer/src/ustreamer.bin.
[08/05/24 21:17:08] crowsnest: Version Control: ustreamer is up to date. (v6.10)
[08/05/24 21:17:08] crowsnest: INFO: Print Configfile: '/home/kkobold/printer_data/config/crowsnest.conf'
[08/05/24 21:17:08] crowsnest:		[crowsnest]
[08/05/24 21:17:08] crowsnest:		log_path: /home/kkobold/printer_data/logs/crowsnest.log
[08/05/24 21:17:08] crowsnest:		log_level: verbose
[08/05/24 21:17:08] crowsnest:		delete_log: false
[08/05/24 21:17:08] crowsnest:		no_proxy: true
[08/05/24 21:17:08] crowsnest:		
[08/05/24 21:17:08] crowsnest:		[cam 1]
[08/05/24 21:17:08] crowsnest:		mode: ustreamer
[08/05/24 21:17:08] crowsnest:		
[08/05/24 21:17:08] crowsnest:		enable_rtsp: false
[08/05/24 21:17:08] crowsnest:		rtsp_port: 8554
[08/05/24 21:17:08] crowsnest:		port: 8080
[08/05/24 21:17:08] crowsnest:		device: /dev/video1
[08/05/24 21:17:08] crowsnest:		resolution: 1280x720
[08/05/24 21:17:08] crowsnest:		max_fps: 24
[08/05/24 21:17:08] crowsnest: INFO: Detect available Devices
[08/05/24 21:17:08] crowsnest: ERROR: No usable Devices Found. Stopping crowsnest.
[08/05/24 21:17:14] crowsnest: crowsnest - A webcam Service for multiple Cams and Stream Services.
[08/05/24 21:17:14] crowsnest: Version: v4.1.9-1-gd75a3ae
[08/05/24 21:17:14] crowsnest: Prepare Startup ...
[08/05/24 21:17:14] crowsnest: INFO: Host information:
[08/05/24 21:17:15] crowsnest: Host Info: Distribution: Debian GNU/Linux 11 (bullseye)
[08/05/24 21:17:15] crowsnest: Host Info: Kernel: Linux 5.16.17-sun50iw6 aarch64
[08/05/24 21:17:15] crowsnest: Host Info: Available CPU Cores: 4
[08/05/24 21:17:15] crowsnest: Host Info: Available Memory: 2032516 kB
[08/05/24 21:17:15] crowsnest: Host Info: Diskspace (avail. / total): 873M / 7.0G
[08/05/24 21:17:15] crowsnest: INFO: Checking Dependencies
[08/05/24 21:17:15] crowsnest: Dependency: 'crudini' found in /usr/bin/crudini.
[08/05/24 21:17:15] crowsnest: Dependency: 'find' found in /usr/bin/find.
[08/05/24 21:17:15] crowsnest: Dependency: 'xargs' found in /usr/bin/xargs.
[08/05/24 21:17:15] crowsnest: Dependency: 'ustreamer' found in bin/ustreamer/src/ustreamer.bin.
[08/05/24 21:17:15] crowsnest: Version Control: ustreamer is up to date. (v6.10)
[08/05/24 21:17:15] crowsnest: INFO: Print Configfile: '/home/kkobold/printer_data/config/crowsnest.conf'
[08/05/24 21:17:15] crowsnest:		[crowsnest]
[08/05/24 21:17:15] crowsnest:		log_path: /home/kkobold/printer_data/logs/crowsnest.log
[08/05/24 21:17:15] crowsnest:		log_level: verbose
[08/05/24 21:17:15] crowsnest:		delete_log: false
[08/05/24 21:17:15] crowsnest:		no_proxy: true
[08/05/24 21:17:15] crowsnest:		
[08/05/24 21:17:15] crowsnest:		[cam 1]
[08/05/24 21:17:15] crowsnest:		mode: ustreamer
[08/05/24 21:17:15] crowsnest:		
[08/05/24 21:17:15] crowsnest:		enable_rtsp: false
[08/05/24 21:17:15] crowsnest:		rtsp_port: 8554
[08/05/24 21:17:15] crowsnest:		port: 8080
[08/05/24 21:17:15] crowsnest:		device: /dev/video1
[08/05/24 21:17:15] crowsnest:		resolution: 1280x720
[08/05/24 21:17:15] crowsnest:		max_fps: 24
[08/05/24 21:17:15] crowsnest: INFO: Detect available Devices
[08/05/24 21:17:15] crowsnest: ERROR: No usable Devices Found. Stopping crowsnest.
[08/06/24 09:58:08] crowsnest: crowsnest - A webcam Service for multiple Cams and Stream Services.
[08/06/24 09:58:08] crowsnest: Version: v4.1.9-1-gd75a3ae
[08/06/24 09:58:08] crowsnest: Prepare Startup ...
[08/06/24 09:58:08] crowsnest: INFO: Host information:
[08/06/24 09:58:08] crowsnest: Host Info: Distribution: Debian GNU/Linux 11 (bullseye)
[08/06/24 09:58:08] crowsnest: Host Info: Kernel: Linux 5.16.17-sun50iw6 aarch64
[08/06/24 09:58:08] crowsnest: Host Info: Available CPU Cores: 4
[08/06/24 09:58:08] crowsnest: Host Info: Available Memory: 2032516 kB
[08/06/24 09:58:08] crowsnest: Host Info: Diskspace (avail. / total): 875M / 7.0G
[08/06/24 09:58:08] crowsnest: INFO: Checking Dependencies
[08/06/24 09:58:08] crowsnest: Dependency: 'crudini' found in /usr/bin/crudini.
[08/06/24 09:58:08] crowsnest: Dependency: 'find' found in /usr/bin/find.
[08/06/24 09:58:08] crowsnest: Dependency: 'xargs' found in /usr/bin/xargs.
[08/06/24 09:58:08] crowsnest: Dependency: 'ustreamer' found in bin/ustreamer/src/ustreamer.bin.
[08/06/24 09:58:08] crowsnest: Version Control: ustreamer is up to date. (v6.10)
[08/06/24 09:58:08] crowsnest: INFO: Print Configfile: '/home/kkobold/printer_data/config/crowsnest.conf'
[08/06/24 09:58:08] crowsnest:		[crowsnest]
[08/06/24 09:58:08] crowsnest:		log_path: /home/kkobold/printer_data/logs/crowsnest.log
[08/06/24 09:58:08] crowsnest:		log_level: verbose
[08/06/24 09:58:08] crowsnest:		delete_log: false
[08/06/24 09:58:08] crowsnest:		no_proxy: true
[08/06/24 09:58:08] crowsnest:		
[08/06/24 09:58:08] crowsnest:		[cam 1]
[08/06/24 09:58:08] crowsnest:		mode: ustreamer
[08/06/24 09:58:08] crowsnest:		
[08/06/24 09:58:08] crowsnest:		enable_rtsp: false
[08/06/24 09:58:08] crowsnest:		rtsp_port: 8554
[08/06/24 09:58:08] crowsnest:		port: 8080
[08/06/24 09:58:08] crowsnest:		device: /dev/video1
[08/06/24 09:58:08] crowsnest:		resolution: 1280x720
[08/06/24 09:58:08] crowsnest:		max_fps: 24
[08/06/24 09:58:08] crowsnest: INFO: Detect available Devices
[08/06/24 09:58:08] crowsnest: ERROR: No usable Devices Found. Stopping crowsnest.
[08/06/24 09:58:14] crowsnest: crowsnest - A webcam Service for multiple Cams and Stream Services.
[08/06/24 09:58:14] crowsnest: Version: v4.1.9-1-gd75a3ae
[08/06/24 09:58:14] crowsnest: Prepare Startup ...
[08/06/24 09:58:14] crowsnest: INFO: Host information:
[08/06/24 09:58:14] crowsnest: Host Info: Distribution: Debian GNU/Linux 11 (bullseye)
[08/06/24 09:58:15] crowsnest: Host Info: Kernel: Linux 5.16.17-sun50iw6 aarch64
[08/06/24 09:58:15] crowsnest: Host Info: Available CPU Cores: 4
[08/06/24 09:58:15] crowsnest: Host Info: Available Memory: 2032516 kB
[08/06/24 09:58:15] crowsnest: Host Info: Diskspace (avail. / total): 872M / 7.0G
[08/06/24 09:58:15] crowsnest: INFO: Checking Dependencies
[08/06/24 09:58:15] crowsnest: Dependency: 'crudini' found in /usr/bin/crudini.
[08/06/24 09:58:15] crowsnest: Dependency: 'find' found in /usr/bin/find.
[08/06/24 09:58:15] crowsnest: Dependency: 'xargs' found in /usr/bin/xargs.
[08/06/24 09:58:15] crowsnest: Dependency: 'ustreamer' found in bin/ustreamer/src/ustreamer.bin.
[08/06/24 09:58:15] crowsnest: Version Control: ustreamer is up to date. (v6.10)
[08/06/24 09:58:15] crowsnest: INFO: Print Configfile: '/home/kkobold/printer_data/config/crowsnest.conf'
[08/06/24 09:58:15] crowsnest:		[crowsnest]
[08/06/24 09:58:15] crowsnest:		log_path: /home/kkobold/printer_data/logs/crowsnest.log
[08/06/24 09:58:15] crowsnest:		log_level: verbose
[08/06/24 09:58:15] crowsnest:		delete_log: false
[08/06/24 09:58:15] crowsnest:		no_proxy: true
[08/06/24 09:58:15] crowsnest:		
[08/06/24 09:58:15] crowsnest:		[cam 1]
[08/06/24 09:58:15] crowsnest:		mode: ustreamer
[08/06/24 09:58:15] crowsnest:		
[08/06/24 09:58:15] crowsnest:		enable_rtsp: false
[08/06/24 09:58:15] crowsnest:		rtsp_port: 8554
[08/06/24 09:58:15] crowsnest:		port: 8080
[08/06/24 09:58:15] crowsnest:		device: /dev/video1
[08/06/24 09:58:15] crowsnest:		resolution: 1280x720
[08/06/24 09:58:15] crowsnest:		max_fps: 24
[08/06/24 09:58:15] crowsnest: INFO: Detect available Devices
[08/06/24 09:58:15] crowsnest: ERROR: No usable Devices Found. Stopping crowsnest.
[08/06/24 09:58:21] crowsnest: crowsnest - A webcam Service for multiple Cams and Stream Services.
[08/06/24 09:58:21] crowsnest: Version: v4.1.9-1-gd75a3ae
[08/06/24 09:58:21] crowsnest: Prepare Startup ...
[08/06/24 09:58:21] crowsnest: INFO: Host information:
[08/06/24 09:58:21] crowsnest: Host Info: Distribution: Debian GNU/Linux 11 (bullseye)
[08/06/24 09:58:21] crowsnest: Host Info: Kernel: Linux 5.16.17-sun50iw6 aarch64
[08/06/24 09:58:21] crowsnest: Host Info: Available CPU Cores: 4
[08/06/24 09:58:21] crowsnest: Host Info: Available Memory: 2032516 kB
[08/06/24 09:58:21] crowsnest: Host Info: Diskspace (avail. / total): 872M / 7.0G
[08/06/24 09:58:21] crowsnest: INFO: Checking Dependencies
[08/06/24 09:58:21] crowsnest: Dependency: 'crudini' found in /usr/bin/crudini.
[08/06/24 09:58:21] crowsnest: Dependency: 'find' found in /usr/bin/find.
[08/06/24 09:58:21] crowsnest: Dependency: 'xargs' found in /usr/bin/xargs.
[08/06/24 09:58:21] crowsnest: Dependency: 'ustreamer' found in bin/ustreamer/src/ustreamer.bin.
[08/06/24 09:58:21] crowsnest: Version Control: ustreamer is up to date. (v6.10)
[08/06/24 09:58:21] crowsnest: INFO: Print Configfile: '/home/kkobold/printer_data/config/crowsnest.conf'
[08/06/24 09:58:21] crowsnest:		[crowsnest]
[08/06/24 09:58:21] crowsnest:		log_path: /home/kkobold/printer_data/logs/crowsnest.log
[08/06/24 09:58:21] crowsnest:		log_level: verbose
[08/06/24 09:58:21] crowsnest:		delete_log: false
[08/06/24 09:58:21] crowsnest:		no_proxy: true
[08/06/24 09:58:21] crowsnest:		
[08/06/24 09:58:21] crowsnest:		[cam 1]
[08/06/24 09:58:21] crowsnest:		mode: ustreamer
[08/06/24 09:58:21] crowsnest:		
[08/06/24 09:58:21] crowsnest:		enable_rtsp: false
[08/06/24 09:58:21] crowsnest:		rtsp_port: 8554
[08/06/24 09:58:21] crowsnest:		port: 8080
[08/06/24 09:58:21] crowsnest:		device: /dev/video1
[08/06/24 09:58:21] crowsnest:		resolution: 1280x720
[08/06/24 09:58:21] crowsnest:		max_fps: 24
[08/06/24 09:58:21] crowsnest: INFO: Detect available Devices
[08/06/24 09:58:21] crowsnest: ERROR: No usable Devices Found. Stopping crowsnest.
[08/06/24 09:58:27] crowsnest: crowsnest - A webcam Service for multiple Cams and Stream Services.
[08/06/24 09:58:27] crowsnest: Version: v4.1.9-1-gd75a3ae
[08/06/24 09:58:27] crowsnest: Prepare Startup ...
[08/06/24 09:58:27] crowsnest: INFO: Host information:
[08/06/24 09:58:27] crowsnest: Host Info: Distribution: Debian GNU/Linux 11 (bullseye)
[08/06/24 09:58:27] crowsnest: Host Info: Kernel: Linux 5.16.17-sun50iw6 aarch64
[08/06/24 09:58:27] crowsnest: Host Info: Available CPU Cores: 4
[08/06/24 09:58:27] crowsnest: Host Info: Available Memory: 2032516 kB
[08/06/24 09:58:27] crowsnest: Host Info: Diskspace (avail. / total): 872M / 7.0G
[08/06/24 09:58:27] crowsnest: INFO: Checking Dependencies
[08/06/24 09:58:27] crowsnest: Dependency: 'crudini' found in /usr/bin/crudini.
[08/06/24 09:58:27] crowsnest: Dependency: 'find' found in /usr/bin/find.
[08/06/24 09:58:27] crowsnest: Dependency: 'xargs' found in /usr/bin/xargs.
[08/06/24 09:58:27] crowsnest: Dependency: 'ustreamer' found in bin/ustreamer/src/ustreamer.bin.
[08/06/24 09:58:27] crowsnest: Version Control: ustreamer is up to date. (v6.10)
[08/06/24 09:58:27] crowsnest: INFO: Print Configfile: '/home/kkobold/printer_data/config/crowsnest.conf'
[08/06/24 09:58:27] crowsnest:		[crowsnest]
[08/06/24 09:58:27] crowsnest:		log_path: /home/kkobold/printer_data/logs/crowsnest.log
[08/06/24 09:58:27] crowsnest:		log_level: verbose
[08/06/24 09:58:27] crowsnest:		delete_log: false
[08/06/24 09:58:27] crowsnest:		no_proxy: true
[08/06/24 09:58:27] crowsnest:		
[08/06/24 09:58:27] crowsnest:		[cam 1]
[08/06/24 09:58:27] crowsnest:		mode: ustreamer
[08/06/24 09:58:27] crowsnest:		
[08/06/24 09:58:27] crowsnest:		enable_rtsp: false
[08/06/24 09:58:27] crowsnest:		rtsp_port: 8554
[08/06/24 09:58:27] crowsnest:		port: 8080
[08/06/24 09:58:27] crowsnest:		device: /dev/video1
[08/06/24 09:58:27] crowsnest:		resolution: 1280x720
[08/06/24 09:58:27] crowsnest:		max_fps: 24
[08/06/24 09:58:27] crowsnest: INFO: Detect available Devices
[08/06/24 09:58:27] crowsnest: ERROR: No usable Devices Found. Stopping crowsnest.
[08/06/24 09:58:33] crowsnest: crowsnest - A webcam Service for multiple Cams and Stream Services.
[08/06/24 09:58:33] crowsnest: Version: v4.1.9-1-gd75a3ae
[08/06/24 09:58:33] crowsnest: Prepare Startup ...
[08/06/24 09:58:33] crowsnest: INFO: Host information:
[08/06/24 09:58:33] crowsnest: Host Info: Distribution: Debian GNU/Linux 11 (bullseye)
[08/06/24 09:58:33] crowsnest: Host Info: Kernel: Linux 5.16.17-sun50iw6 aarch64
[08/06/24 09:58:33] crowsnest: Host Info: Available CPU Cores: 4
[08/06/24 09:58:33] crowsnest: Host Info: Available Memory: 2032516 kB
[08/06/24 09:58:33] crowsnest: Host Info: Diskspace (avail. / total): 872M / 7.0G
[08/06/24 09:58:33] crowsnest: INFO: Checking Dependencies
[08/06/24 09:58:33] crowsnest: Dependency: 'crudini' found in /usr/bin/crudini.
[08/06/24 09:58:33] crowsnest: Dependency: 'find' found in /usr/bin/find.
[08/06/24 09:58:33] crowsnest: Dependency: 'xargs' found in /usr/bin/xargs.
[08/06/24 09:58:33] crowsnest: Dependency: 'ustreamer' found in bin/ustreamer/src/ustreamer.bin.
[08/06/24 09:58:33] crowsnest: Version Control: ustreamer is up to date. (v6.10)
[08/06/24 09:58:34] crowsnest: INFO: Print Configfile: '/home/kkobold/printer_data/config/crowsnest.conf'
[08/06/24 09:58:34] crowsnest:		[crowsnest]
[08/06/24 09:58:34] crowsnest:		log_path: /home/kkobold/printer_data/logs/crowsnest.log
[08/06/24 09:58:34] crowsnest:		log_level: verbose
[08/06/24 09:58:34] crowsnest:		delete_log: false
[08/06/24 09:58:34] crowsnest:		no_proxy: true
[08/06/24 09:58:34] crowsnest:		
[08/06/24 09:58:34] crowsnest:		[cam 1]
[08/06/24 09:58:34] crowsnest:		mode: ustreamer
[08/06/24 09:58:34] crowsnest:		
[08/06/24 09:58:34] crowsnest:		enable_rtsp: false
[08/06/24 09:58:34] crowsnest:		rtsp_port: 8554
[08/06/24 09:58:34] crowsnest:		port: 8080
[08/06/24 09:58:34] crowsnest:		device: /dev/video1
[08/06/24 09:58:34] crowsnest:		resolution: 1280x720
[08/06/24 09:58:34] crowsnest:		max_fps: 24
[08/06/24 09:58:34] crowsnest: INFO: Detect available Devices
[08/06/24 09:58:34] crowsnest: ERROR: No usable Devices Found. Stopping crowsnest.
[08/06/24 09:58:40] crowsnest: crowsnest - A webcam Service for multiple Cams and Stream Services.
[08/06/24 09:58:40] crowsnest: Version: v4.1.9-1-gd75a3ae
[08/06/24 09:58:40] crowsnest: Prepare Startup ...
[08/06/24 09:58:40] crowsnest: INFO: Host information:
[08/06/24 09:58:40] crowsnest: Host Info: Distribution: Debian GNU/Linux 11 (bullseye)
[08/06/24 09:58:40] crowsnest: Host Info: Kernel: Linux 5.16.17-sun50iw6 aarch64
[08/06/24 09:58:40] crowsnest: Host Info: Available CPU Cores: 4
[08/06/24 09:58:40] crowsnest: Host Info: Available Memory: 2032516 kB
[08/06/24 09:58:40] crowsnest: Host Info: Diskspace (avail. / total): 872M / 7.0G
[08/06/24 09:58:40] crowsnest: INFO: Checking Dependencies
[08/06/24 09:58:40] crowsnest: Dependency: 'crudini' found in /usr/bin/crudini.
[08/06/24 09:58:40] crowsnest: Dependency: 'find' found in /usr/bin/find.
[08/06/24 09:58:40] crowsnest: Dependency: 'xargs' found in /usr/bin/xargs.
[08/06/24 09:58:40] crowsnest: Dependency: 'ustreamer' found in bin/ustreamer/src/ustreamer.bin.
[08/06/24 09:58:40] crowsnest: Version Control: ustreamer is up to date. (v6.10)
[08/06/24 09:58:40] crowsnest: INFO: Print Configfile: '/home/kkobold/printer_data/config/crowsnest.conf'
[08/06/24 09:58:40] crowsnest:		[crowsnest]
[08/06/24 09:58:40] crowsnest:		log_path: /home/kkobold/printer_data/logs/crowsnest.log
[08/06/24 09:58:40] crowsnest:		log_level: verbose
[08/06/24 09:58:40] crowsnest:		delete_log: false
[08/06/24 09:58:40] crowsnest:		no_proxy: true
[08/06/24 09:58:40] crowsnest:		
[08/06/24 09:58:40] crowsnest:		[cam 1]
[08/06/24 09:58:40] crowsnest:		mode: ustreamer
[08/06/24 09:58:40] crowsnest:		
[08/06/24 09:58:40] crowsnest:		enable_rtsp: false
[08/06/24 09:58:40] crowsnest:		rtsp_port: 8554
[08/06/24 09:58:40] crowsnest:		port: 8080
[08/06/24 09:58:40] crowsnest:		device: /dev/video1
[08/06/24 09:58:40] crowsnest:		resolution: 1280x720
[08/06/24 09:58:40] crowsnest:		max_fps: 24
[08/06/24 09:58:40] crowsnest: INFO: Detect available Devices
[08/06/24 09:58:40] crowsnest: ERROR: No usable Devices Found. Stopping crowsnest.
[08/06/24 09:58:46] crowsnest: crowsnest - A webcam Service for multiple Cams and Stream Services.
[08/06/24 09:58:46] crowsnest: Version: v4.1.9-1-gd75a3ae
[08/06/24 09:58:46] crowsnest: Prepare Startup ...
[08/06/24 09:58:46] crowsnest: INFO: Host information:
[08/06/24 09:58:46] crowsnest: Host Info: Distribution: Debian GNU/Linux 11 (bullseye)
[08/06/24 09:58:46] crowsnest: Host Info: Kernel: Linux 5.16.17-sun50iw6 aarch64
[08/06/24 09:58:46] crowsnest: Host Info: Available CPU Cores: 4
[08/06/24 09:58:46] crowsnest: Host Info: Available Memory: 2032516 kB
[08/06/24 09:58:46] crowsnest: Host Info: Diskspace (avail. / total): 872M / 7.0G
[08/06/24 09:58:46] crowsnest: INFO: Checking Dependencies
[08/06/24 09:58:46] crowsnest: Dependency: 'crudini' found in /usr/bin/crudini.
[08/06/24 09:58:46] crowsnest: Dependency: 'find' found in /usr/bin/find.
[08/06/24 09:58:46] crowsnest: Dependency: 'xargs' found in /usr/bin/xargs.
[08/06/24 09:58:46] crowsnest: Dependency: 'ustreamer' found in bin/ustreamer/src/ustreamer.bin.
[08/06/24 09:58:46] crowsnest: Version Control: ustreamer is up to date. (v6.10)
[08/06/24 09:58:46] crowsnest: INFO: Print Configfile: '/home/kkobold/printer_data/config/crowsnest.conf'
[08/06/24 09:58:46] crowsnest:		[crowsnest]
[08/06/24 09:58:46] crowsnest:		log_path: /home/kkobold/printer_data/logs/crowsnest.log
[08/06/24 09:58:46] crowsnest:		log_level: verbose
[08/06/24 09:58:46] crowsnest:		delete_log: false
[08/06/24 09:58:46] crowsnest:		no_proxy: true
[08/06/24 09:58:46] crowsnest:		
[08/06/24 09:58:46] crowsnest:		[cam 1]
[08/06/24 09:58:46] crowsnest:		mode: ustreamer
[08/06/24 09:58:46] crowsnest:		
[08/06/24 09:58:46] crowsnest:		enable_rtsp: false
[08/06/24 09:58:46] crowsnest:		rtsp_port: 8554
[08/06/24 09:58:46] crowsnest:		port: 8080
[08/06/24 09:58:46] crowsnest:		device: /dev/video1
[08/06/24 09:58:46] crowsnest:		resolution: 1280x720
[08/06/24 09:58:46] crowsnest:		max_fps: 24
[08/06/24 09:58:46] crowsnest: INFO: Detect available Devices
[08/06/24 09:58:46] crowsnest: ERROR: No usable Devices Found. Stopping crowsnest.
[08/05/24 21:17:08] crowsnest: crowsnest - A webcam Service for multiple Cams and Stream Services.
[08/05/24 21:17:08] crowsnest: Version: v4.1.9-1-gd75a3ae
[08/05/24 21:17:08] crowsnest: Prepare Startup ...
[08/05/24 21:17:08] crowsnest: INFO: Host information:
[08/05/24 21:17:08] crowsnest: Host Info: Distribution: Debian GNU/Linux 11 (bullseye)
[08/05/24 21:17:08] crowsnest: Host Info: Kernel: Linux 5.16.17-sun50iw6 aarch64
[08/05/24 21:17:08] crowsnest: Host Info: Available CPU Cores: 4
[08/05/24 21:17:08] crowsnest: Host Info: Available Memory: 2032516 kB
[08/05/24 21:17:08] crowsnest: Host Info: Diskspace (avail. / total): 872M / 7.0G
[08/05/24 21:17:08] crowsnest: INFO: Checking Dependencies
[08/05/24 21:17:08] crowsnest: Dependency: 'crudini' found in /usr/bin/crudini.
[08/05/24 21:17:08] crowsnest: Dependency: 'find' found in /usr/bin/find.
[08/05/24 21:17:08] crowsnest: Dependency: 'xargs' found in /usr/bin/xargs.
[08/05/24 21:17:08] crowsnest: Dependency: 'ustreamer' found in bin/ustreamer/src/ustreamer.bin.
[08/05/24 21:17:09] crowsnest: Version Control: ustreamer is up to date. (v6.10)
[08/05/24 21:17:09] crowsnest: INFO: Print Configfile: '/home/kkobold/printer_data/config/crowsnest.conf'
[08/05/24 21:17:09] crowsnest:		[crowsnest]
[08/05/24 21:17:09] crowsnest:		log_path: /home/kkobold/printer_data/logs/crowsnest.log
[08/05/24 21:17:09] crowsnest:		log_level: verbose
[08/05/24 21:17:09] crowsnest:		delete_log: false
[08/05/24 21:17:09] crowsnest:		no_proxy: true
[08/05/24 21:17:09] crowsnest:		
[08/05/24 21:17:09] crowsnest:		[cam 1]
[08/05/24 21:17:09] crowsnest:		mode: ustreamer
[08/05/24 21:17:09] crowsnest:		
[08/05/24 21:17:09] crowsnest:		enable_rtsp: false
[08/05/24 21:17:09] crowsnest:		rtsp_port: 8554
[08/05/24 21:17:09] crowsnest:		port: 8080
[08/05/24 21:17:09] crowsnest:		device: /dev/video1
[08/05/24 21:17:09] crowsnest:		resolution: 1280x720
[08/05/24 21:17:09] crowsnest:		max_fps: 24
[08/05/24 21:17:09] crowsnest: INFO: Detect available Devices
[08/05/24 21:17:09] crowsnest: ERROR: No usable Devices Found. Stopping crowsnest.
[08/05/24 21:17:15] crowsnest: crowsnest - A webcam Service for multiple Cams and Stream Services.
[08/05/24 21:17:15] crowsnest: Version: v4.1.9-1-gd75a3ae
[08/05/24 21:17:15] crowsnest: Prepare Startup ...
[08/05/24 21:17:15] crowsnest: INFO: Host information:
[08/05/24 21:17:15] crowsnest: Host Info: Distribution: Debian GNU/Linux 11 (bullseye)
[08/05/24 21:17:15] crowsnest: Host Info: Kernel: Linux 5.16.17-sun50iw6 aarch64
[08/05/24 21:17:15] crowsnest: Host Info: Available CPU Cores: 4
[08/05/24 21:17:15] crowsnest: Host Info: Available Memory: 2032516 kB
[08/05/24 21:17:15] crowsnest: Host Info: Diskspace (avail. / total): 872M / 7.0G
[08/05/24 21:17:15] crowsnest: INFO: Checking Dependencies
[08/05/24 21:17:15] crowsnest: Dependency: 'crudini' found in /usr/bin/crudini.
[08/05/24 21:17:15] crowsnest: Dependency: 'find' found in /usr/bin/find.
[08/05/24 21:17:15] crowsnest: Dependency: 'xargs' found in /usr/bin/xargs.
[08/05/24 21:17:15] crowsnest: Dependency: 'ustreamer' found in bin/ustreamer/src/ustreamer.bin.
[08/05/24 21:17:15] crowsnest: Version Control: ustreamer is up to date. (v6.10)
[08/05/24 21:17:15] crowsnest: INFO: Print Configfile: '/home/kkobold/printer_data/config/crowsnest.conf'
[08/05/24 21:17:15] crowsnest:		[crowsnest]
[08/05/24 21:17:15] crowsnest:		log_path: /home/kkobold/printer_data/logs/crowsnest.log
[08/05/24 21:17:15] crowsnest:		log_level: verbose
[08/05/24 21:17:15] crowsnest:		delete_log: false
[08/05/24 21:17:15] crowsnest:		no_proxy: true
[08/05/24 21:17:15] crowsnest:		
[08/05/24 21:17:15] crowsnest:		[cam 1]
[08/05/24 21:17:15] crowsnest:		mode: ustreamer
[08/05/24 21:17:15] crowsnest:		
[08/05/24 21:17:15] crowsnest:		enable_rtsp: false
[08/05/24 21:17:15] crowsnest:		rtsp_port: 8554
[08/05/24 21:17:15] crowsnest:		port: 8080
[08/05/24 21:17:15] crowsnest:		device: /dev/video1
[08/05/24 21:17:15] crowsnest:		resolution: 1280x720
[08/05/24 21:17:15] crowsnest:		max_fps: 24
[08/05/24 21:17:15] crowsnest: INFO: Detect available Devices
[08/05/24 21:17:15] crowsnest: ERROR: No usable Devices Found. Stopping crowsnest.
[08/06/24 10:51:47] crowsnest: crowsnest - A webcam Service for multiple Cams and Stream Services.
[08/06/24 10:51:47] crowsnest: Version: v4.1.9-1-gd75a3ae
[08/06/24 10:51:47] crowsnest: Prepare Startup ...
[08/06/24 10:51:47] crowsnest: INFO: Host information:
[08/06/24 10:51:47] crowsnest: Host Info: Distribution: Debian GNU/Linux 11 (bullseye)
[08/06/24 10:51:47] crowsnest: Host Info: Kernel: Linux 5.16.17-sun50iw6 aarch64
[08/06/24 10:51:47] crowsnest: Host Info: Available CPU Cores: 4
[08/06/24 10:51:47] crowsnest: Host Info: Available Memory: 2032516 kB
[08/06/24 10:51:47] crowsnest: Host Info: Diskspace (avail. / total): 872M / 7.0G
[08/06/24 10:51:47] crowsnest: INFO: Checking Dependencies
[08/06/24 10:51:48] crowsnest: Dependency: 'crudini' found in /usr/bin/crudini.
[08/06/24 10:51:48] crowsnest: Dependency: 'find' found in /usr/bin/find.
[08/06/24 10:51:48] crowsnest: Dependency: 'xargs' found in /usr/bin/xargs.
[08/06/24 10:51:48] crowsnest: Dependency: 'ustreamer' found in bin/ustreamer/src/ustreamer.bin.
[08/06/24 10:51:48] crowsnest: Version Control: ustreamer is up to date. (v6.10)
[08/06/24 10:51:48] crowsnest: INFO: Print Configfile: '/home/kkobold/printer_data/config/crowsnest.conf'
[08/06/24 10:51:48] crowsnest:		[crowsnest]
[08/06/24 10:51:48] crowsnest:		log_path: /home/kkobold/printer_data/logs/crowsnest.log
[08/06/24 10:51:48] crowsnest:		log_level: verbose
[08/06/24 10:51:48] crowsnest:		delete_log: false
[08/06/24 10:51:48] crowsnest:		no_proxy: true
[08/06/24 10:51:48] crowsnest:		
[08/06/24 10:51:48] crowsnest:		[cam 1]
[08/06/24 10:51:48] crowsnest:		mode: ustreamer
[08/06/24 10:51:48] crowsnest:		
[08/06/24 10:51:48] crowsnest:		enable_rtsp: false
[08/06/24 10:51:48] crowsnest:		rtsp_port: 8554
[08/06/24 10:51:48] crowsnest:		port: 8080
[08/06/24 10:51:48] crowsnest:		device: /dev/video1
[08/06/24 10:51:48] crowsnest:		resolution: 1280x720
[08/06/24 10:51:48] crowsnest:		max_fps: 24
[08/06/24 10:51:48] crowsnest: INFO: Detect available Devices
[08/06/24 10:51:48] crowsnest: ERROR: No usable Devices Found. Stopping crowsnest.
[08/06/24 10:51:54] crowsnest: crowsnest - A webcam Service for multiple Cams and Stream Services.
[08/06/24 10:51:54] crowsnest: Version: v4.1.9-1-gd75a3ae
[08/06/24 10:51:54] crowsnest: Prepare Startup ...
[08/06/24 10:51:54] crowsnest: INFO: Host information:
[08/06/24 10:51:54] crowsnest: Host Info: Distribution: Debian GNU/Linux 11 (bullseye)
[08/06/24 10:51:54] crowsnest: Host Info: Kernel: Linux 5.16.17-sun50iw6 aarch64
[08/06/24 10:51:54] crowsnest: Host Info: Available CPU Cores: 4
[08/06/24 10:51:54] crowsnest: Host Info: Available Memory: 2032516 kB
[08/06/24 10:51:54] crowsnest: Host Info: Diskspace (avail. / total): 872M / 7.0G
[08/06/24 10:51:54] crowsnest: INFO: Checking Dependencies
[08/06/24 10:51:54] crowsnest: Dependency: 'crudini' found in /usr/bin/crudini.
[08/06/24 10:51:54] crowsnest: Dependency: 'find' found in /usr/bin/find.
[08/06/24 10:51:54] crowsnest: Dependency: 'xargs' found in /usr/bin/xargs.
[08/06/24 10:51:54] crowsnest: Dependency: 'ustreamer' found in bin/ustreamer/src/ustreamer.bin.
[08/06/24 10:51:54] crowsnest: Version Control: ustreamer is up to date. (v6.10)
[08/06/24 10:51:54] crowsnest: INFO: Print Configfile: '/home/kkobold/printer_data/config/crowsnest.conf'
[08/06/24 10:51:54] crowsnest:		[crowsnest]
[08/06/24 10:51:54] crowsnest:		log_path: /home/kkobold/printer_data/logs/crowsnest.log
[08/06/24 10:51:54] crowsnest:		log_level: verbose
[08/06/24 10:51:54] crowsnest:		delete_log: false
[08/06/24 10:51:54] crowsnest:		no_proxy: true
[08/06/24 10:51:54] crowsnest:		
[08/06/24 10:51:54] crowsnest:		[cam 1]
[08/06/24 10:51:54] crowsnest:		mode: ustreamer
[08/06/24 10:51:54] crowsnest:		
[08/06/24 10:51:54] crowsnest:		enable_rtsp: false
[08/06/24 10:51:54] crowsnest:		rtsp_port: 8554
[08/06/24 10:51:54] crowsnest:		port: 8080
[08/06/24 10:51:54] crowsnest:		device: /dev/video1
[08/06/24 10:51:54] crowsnest:		resolution: 1280x720
[08/06/24 10:51:54] crowsnest:		max_fps: 24
[08/06/24 10:51:54] crowsnest: INFO: Detect available Devices
[08/06/24 10:51:54] crowsnest: ERROR: No usable Devices Found. Stopping crowsnest.
[08/06/24 10:52:00] crowsnest: crowsnest - A webcam Service for multiple Cams and Stream Services.
[08/06/24 10:52:00] crowsnest: Version: v4.1.9-1-gd75a3ae
[08/06/24 10:52:00] crowsnest: Prepare Startup ...
[08/06/24 10:52:00] crowsnest: INFO: Host information:
[08/06/24 10:52:00] crowsnest: Host Info: Distribution: Debian GNU/Linux 11 (bullseye)
[08/06/24 10:52:00] crowsnest: Host Info: Kernel: Linux 5.16.17-sun50iw6 aarch64
[08/06/24 10:52:00] crowsnest: Host Info: Available CPU Cores: 4
[08/06/24 10:52:00] crowsnest: Host Info: Available Memory: 2032516 kB
[08/06/24 10:52:00] crowsnest: Host Info: Diskspace (avail. / total): 872M / 7.0G
[08/06/24 10:52:00] crowsnest: INFO: Checking Dependencies
[08/06/24 10:52:01] crowsnest: Dependency: 'crudini' found in /usr/bin/crudini.
[08/06/24 10:52:01] crowsnest: Dependency: 'find' found in /usr/bin/find.
[08/06/24 10:52:01] crowsnest: Dependency: 'xargs' found in /usr/bin/xargs.
[08/06/24 10:52:01] crowsnest: Dependency: 'ustreamer' found in bin/ustreamer/src/ustreamer.bin.
[08/06/24 10:52:01] crowsnest: Version Control: ustreamer is up to date. (v6.10)
[08/06/24 10:52:01] crowsnest: INFO: Print Configfile: '/home/kkobold/printer_data/config/crowsnest.conf'
[08/06/24 10:52:01] crowsnest:		[crowsnest]
[08/06/24 10:52:01] crowsnest:		log_path: /home/kkobold/printer_data/logs/crowsnest.log
[08/06/24 10:52:01] crowsnest:		log_level: verbose
[08/06/24 10:52:01] crowsnest:		delete_log: false
[08/06/24 10:52:01] crowsnest:		no_proxy: true
[08/06/24 10:52:01] crowsnest:		
[08/06/24 10:52:01] crowsnest:		[cam 1]
[08/06/24 10:52:01] crowsnest:		mode: ustreamer
[08/06/24 10:52:01] crowsnest:		
[08/06/24 10:52:01] crowsnest:		enable_rtsp: false
[08/06/24 10:52:01] crowsnest:		rtsp_port: 8554
[08/06/24 10:52:01] crowsnest:		port: 8080
[08/06/24 10:52:01] crowsnest:		device: /dev/video1
[08/06/24 10:52:01] crowsnest:		resolution: 1280x720
[08/06/24 10:52:01] crowsnest:		max_fps: 24
[08/06/24 10:52:01] crowsnest: INFO: Detect available Devices
[08/06/24 10:52:01] crowsnest: ERROR: No usable Devices Found. Stopping crowsnest.
[08/06/24 10:52:07] crowsnest: crowsnest - A webcam Service for multiple Cams and Stream Services.
[08/06/24 10:52:07] crowsnest: Version: v4.1.9-1-gd75a3ae
[08/06/24 10:52:07] crowsnest: Prepare Startup ...
[08/06/24 10:52:07] crowsnest: INFO: Host information:
[08/06/24 10:52:07] crowsnest: Host Info: Distribution: Debian GNU/Linux 11 (bullseye)
[08/06/24 10:52:07] crowsnest: Host Info: Kernel: Linux 5.16.17-sun50iw6 aarch64
[08/06/24 10:52:07] crowsnest: Host Info: Available CPU Cores: 4
[08/06/24 10:52:07] crowsnest: Host Info: Available Memory: 2032516 kB
[08/06/24 10:52:07] crowsnest: Host Info: Diskspace (avail. / total): 872M / 7.0G
[08/06/24 10:52:07] crowsnest: INFO: Checking Dependencies
[08/06/24 10:52:07] crowsnest: Dependency: 'crudini' found in /usr/bin/crudini.
[08/06/24 10:52:07] crowsnest: Dependency: 'find' found in /usr/bin/find.
[08/06/24 10:52:07] crowsnest: Dependency: 'xargs' found in /usr/bin/xargs.
[08/06/24 10:52:07] crowsnest: Dependency: 'ustreamer' found in bin/ustreamer/src/ustreamer.bin.
[08/06/24 10:52:07] crowsnest: Version Control: ustreamer is up to date. (v6.10)
[08/06/24 10:52:07] crowsnest: INFO: Print Configfile: '/home/kkobold/printer_data/config/crowsnest.conf'
[08/06/24 10:52:07] crowsnest:		[crowsnest]
[08/06/24 10:52:07] crowsnest:		log_path: /home/kkobold/printer_data/logs/crowsnest.log
[08/06/24 10:52:07] crowsnest:		log_level: verbose
[08/06/24 10:52:07] crowsnest:		delete_log: false
[08/06/24 10:52:07] crowsnest:		no_proxy: true
[08/06/24 10:52:07] crowsnest:		
[08/06/24 10:52:07] crowsnest:		[cam 1]
[08/06/24 10:52:07] crowsnest:		mode: ustreamer
[08/06/24 10:52:07] crowsnest:		
[08/06/24 10:52:07] crowsnest:		enable_rtsp: false
[08/06/24 10:52:07] crowsnest:		rtsp_port: 8554
[08/06/24 10:52:07] crowsnest:		port: 8080
[08/06/24 10:52:07] crowsnest:		device: /dev/video1
[08/06/24 10:52:07] crowsnest:		resolution: 1280x720
[08/06/24 10:52:07] crowsnest:		max_fps: 24
[08/06/24 10:52:07] crowsnest: INFO: Detect available Devices
[08/06/24 10:52:07] crowsnest: ERROR: No usable Devices Found. Stopping crowsnest.
[08/06/24 10:52:13] crowsnest: crowsnest - A webcam Service for multiple Cams and Stream Services.
[08/06/24 10:52:13] crowsnest: Version: v4.1.9-1-gd75a3ae
[08/06/24 10:52:13] crowsnest: Prepare Startup ...
[08/06/24 10:52:13] crowsnest: INFO: Host information:
[08/06/24 10:52:13] crowsnest: Host Info: Distribution: Debian GNU/Linux 11 (bullseye)
[08/06/24 10:52:13] crowsnest: Host Info: Kernel: Linux 5.16.17-sun50iw6 aarch64
[08/06/24 10:52:13] crowsnest: Host Info: Available CPU Cores: 4
[08/06/24 10:52:13] crowsnest: Host Info: Available Memory: 2032516 kB
[08/06/24 10:52:13] crowsnest: Host Info: Diskspace (avail. / total): 872M / 7.0G
[08/06/24 10:52:13] crowsnest: INFO: Checking Dependencies
[08/06/24 10:52:13] crowsnest: Dependency: 'crudini' found in /usr/bin/crudini.
[08/06/24 10:52:13] crowsnest: Dependency: 'find' found in /usr/bin/find.
[08/06/24 10:52:13] crowsnest: Dependency: 'xargs' found in /usr/bin/xargs.
[08/06/24 10:52:13] crowsnest: Dependency: 'ustreamer' found in bin/ustreamer/src/ustreamer.bin.
[08/06/24 10:52:13] crowsnest: Version Control: ustreamer is up to date. (v6.10)
[08/06/24 10:52:13] crowsnest: INFO: Print Configfile: '/home/kkobold/printer_data/config/crowsnest.conf'
[08/06/24 10:52:13] crowsnest:		[crowsnest]
[08/06/24 10:52:13] crowsnest:		log_path: /home/kkobold/printer_data/logs/crowsnest.log
[08/06/24 10:52:13] crowsnest:		log_level: verbose
[08/06/24 10:52:13] crowsnest:		delete_log: false
[08/06/24 10:52:13] crowsnest:		no_proxy: true
[08/06/24 10:52:13] crowsnest:		
[08/06/24 10:52:13] crowsnest:		[cam 1]
[08/06/24 10:52:13] crowsnest:		mode: ustreamer
[08/06/24 10:52:13] crowsnest:		
[08/06/24 10:52:13] crowsnest:		enable_rtsp: false
[08/06/24 10:52:13] crowsnest:		rtsp_port: 8554
[08/06/24 10:52:13] crowsnest:		port: 8080
[08/06/24 10:52:13] crowsnest:		device: /dev/video1
[08/06/24 10:52:13] crowsnest:		resolution: 1280x720
[08/06/24 10:52:13] crowsnest:		max_fps: 24
[08/06/24 10:52:13] crowsnest: INFO: Detect available Devices
[08/06/24 10:52:13] crowsnest: ERROR: No usable Devices Found. Stopping crowsnest.
[08/06/24 10:52:20] crowsnest: crowsnest - A webcam Service for multiple Cams and Stream Services.
[08/06/24 10:52:20] crowsnest: Version: v4.1.9-1-gd75a3ae
[08/06/24 10:52:20] crowsnest: Prepare Startup ...
[08/06/24 10:52:20] crowsnest: INFO: Host information:
[08/06/24 10:52:20] crowsnest: Host Info: Distribution: Debian GNU/Linux 11 (bullseye)
[08/06/24 10:52:20] crowsnest: Host Info: Kernel: Linux 5.16.17-sun50iw6 aarch64
[08/06/24 10:52:20] crowsnest: Host Info: Available CPU Cores: 4
[08/06/24 10:52:20] crowsnest: Host Info: Available Memory: 2032516 kB
[08/06/24 10:52:20] crowsnest: Host Info: Diskspace (avail. / total): 872M / 7.0G
[08/06/24 10:52:20] crowsnest: INFO: Checking Dependencies
[08/06/24 10:52:20] crowsnest: Dependency: 'crudini' found in /usr/bin/crudini.
[08/06/24 10:52:20] crowsnest: Dependency: 'find' found in /usr/bin/find.
[08/06/24 10:52:20] crowsnest: Dependency: 'xargs' found in /usr/bin/xargs.
[08/06/24 10:52:20] crowsnest: Dependency: 'ustreamer' found in bin/ustreamer/src/ustreamer.bin.
[08/06/24 10:52:20] crowsnest: Version Control: ustreamer is up to date. (v6.10)
[08/06/24 10:52:20] crowsnest: INFO: Print Configfile: '/home/kkobold/printer_data/config/crowsnest.conf'
[08/06/24 10:52:20] crowsnest:		[crowsnest]
[08/06/24 10:52:20] crowsnest:		log_path: /home/kkobold/printer_data/logs/crowsnest.log
[08/06/24 10:52:20] crowsnest:		log_level: verbose
[08/06/24 10:52:20] crowsnest:		delete_log: false
[08/06/24 10:52:20] crowsnest:		no_proxy: true
[08/06/24 10:52:20] crowsnest:		
[08/06/24 10:52:20] crowsnest:		[cam 1]
[08/06/24 10:52:20] crowsnest:		mode: ustreamer
[08/06/24 10:52:20] crowsnest:		
[08/06/24 10:52:20] crowsnest:		enable_rtsp: false
[08/06/24 10:52:20] crowsnest:		rtsp_port: 8554
[08/06/24 10:52:20] crowsnest:		port: 8080
[08/06/24 10:52:20] crowsnest:		device: /dev/video1
[08/06/24 10:52:20] crowsnest:		resolution: 1280x720
[08/06/24 10:52:20] crowsnest:		max_fps: 24
[08/06/24 10:52:20] crowsnest: INFO: Detect available Devices
[08/06/24 10:52:20] crowsnest: ERROR: No usable Devices Found. Stopping crowsnest.
[08/06/24 10:52:26] crowsnest: crowsnest - A webcam Service for multiple Cams and Stream Services.
[08/06/24 10:52:26] crowsnest: Version: v4.1.9-1-gd75a3ae
[08/06/24 10:52:26] crowsnest: Prepare Startup ...
[08/06/24 10:52:26] crowsnest: INFO: Host information:
[08/06/24 10:52:26] crowsnest: Host Info: Distribution: Debian GNU/Linux 11 (bullseye)
[08/06/24 10:52:26] crowsnest: Host Info: Kernel: Linux 5.16.17-sun50iw6 aarch64
[08/06/24 10:52:26] crowsnest: Host Info: Available CPU Cores: 4
[08/06/24 10:52:26] crowsnest: Host Info: Available Memory: 2032516 kB
[08/06/24 10:52:26] crowsnest: Host Info: Diskspace (avail. / total): 872M / 7.0G
[08/06/24 10:52:26] crowsnest: INFO: Checking Dependencies
[08/06/24 10:52:26] crowsnest: Dependency: 'crudini' found in /usr/bin/crudini.
[08/06/24 10:52:26] crowsnest: Dependency: 'find' found in /usr/bin/find.
[08/06/24 10:52:26] crowsnest: Dependency: 'xargs' found in /usr/bin/xargs.
[08/06/24 10:52:26] crowsnest: Dependency: 'ustreamer' found in bin/ustreamer/src/ustreamer.bin.
[08/06/24 10:52:26] crowsnest: Version Control: ustreamer is up to date. (v6.10)
[08/06/24 10:52:26] crowsnest: INFO: Print Configfile: '/home/kkobold/printer_data/config/crowsnest.conf'
[08/06/24 10:52:26] crowsnest:		[crowsnest]
[08/06/24 10:52:26] crowsnest:		log_path: /home/kkobold/printer_data/logs/crowsnest.log
[08/06/24 10:52:26] crowsnest:		log_level: verbose
[08/06/24 10:52:26] crowsnest:		delete_log: false
[08/06/24 10:52:26] crowsnest:		no_proxy: true
[08/06/24 10:52:26] crowsnest:		
[08/06/24 10:52:26] crowsnest:		[cam 1]
[08/06/24 10:52:26] crowsnest:		mode: ustreamer
[08/06/24 10:52:26] crowsnest:		
[08/06/24 10:52:26] crowsnest:		enable_rtsp: false
[08/06/24 10:52:26] crowsnest:		rtsp_port: 8554
[08/06/24 10:52:26] crowsnest:		port: 8080
[08/06/24 10:52:26] crowsnest:		device: /dev/video1
[08/06/24 10:52:26] crowsnest:		resolution: 1280x720
[08/06/24 10:52:26] crowsnest:		max_fps: 24
[08/06/24 10:52:26] crowsnest: INFO: Detect available Devices
[08/06/24 10:52:26] crowsnest: ERROR: No usable Devices Found. Stopping crowsnest.
[08/06/24 10:52:32] crowsnest: crowsnest - A webcam Service for multiple Cams and Stream Services.
[08/06/24 10:52:32] crowsnest: Version: v4.1.9-1-gd75a3ae
[08/06/24 10:52:32] crowsnest: Prepare Startup ...
[08/06/24 10:52:32] crowsnest: INFO: Host information:
[08/06/24 10:52:32] crowsnest: Host Info: Distribution: Debian GNU/Linux 11 (bullseye)
[08/06/24 10:52:32] crowsnest: Host Info: Kernel: Linux 5.16.17-sun50iw6 aarch64
[08/06/24 10:52:32] crowsnest: Host Info: Available CPU Cores: 4
[08/06/24 10:52:32] crowsnest: Host Info: Available Memory: 2032516 kB
[08/06/24 10:52:32] crowsnest: Host Info: Diskspace (avail. / total): 872M / 7.0G
[08/06/24 10:52:32] crowsnest: INFO: Checking Dependencies
[08/06/24 10:52:32] crowsnest: Dependency: 'crudini' found in /usr/bin/crudini.
[08/06/24 10:52:32] crowsnest: Dependency: 'find' found in /usr/bin/find.
[08/06/24 10:52:32] crowsnest: Dependency: 'xargs' found in /usr/bin/xargs.
[08/06/24 10:52:32] crowsnest: Dependency: 'ustreamer' found in bin/ustreamer/src/ustreamer.bin.
[08/06/24 10:52:32] crowsnest: Version Control: ustreamer is up to date. (v6.10)
[08/06/24 10:52:32] crowsnest: INFO: Print Configfile: '/home/kkobold/printer_data/config/crowsnest.conf'
[08/06/24 10:52:32] crowsnest:		[crowsnest]
[08/06/24 10:52:32] crowsnest:		log_path: /home/kkobold/printer_data/logs/crowsnest.log
[08/06/24 10:52:32] crowsnest:		log_level: verbose
[08/06/24 10:52:32] crowsnest:		delete_log: false
[08/06/24 10:52:32] crowsnest:		no_proxy: true
[08/06/24 10:52:32] crowsnest:		
[08/06/24 10:52:32] crowsnest:		[cam 1]
[08/06/24 10:52:32] crowsnest:		mode: ustreamer
[08/06/24 10:52:32] crowsnest:		
[08/06/24 10:52:32] crowsnest:		enable_rtsp: false
[08/06/24 10:52:32] crowsnest:		rtsp_port: 8554
[08/06/24 10:52:32] crowsnest:		port: 8080
[08/06/24 10:52:32] crowsnest:		device: /dev/video1
[08/06/24 10:52:32] crowsnest:		resolution: 1280x720
[08/06/24 10:52:32] crowsnest:		max_fps: 24
[08/06/24 10:52:32] crowsnest: INFO: Detect available Devices
[08/06/24 10:52:32] crowsnest: ERROR: No usable Devices Found. Stopping crowsnest.
                                                                                                                                                                                                                                                               [08/07/24 13:17:08] crowsnest: crowsnest - A webcam Service for multiple Cams and Stream Services.
[08/07/24 13:17:08] crowsnest: Version: v4.1.9-1-gd75a3ae
[08/07/24 13:17:08] crowsnest: Prepare Startup ...
[08/07/24 13:17:08] crowsnest: INFO: Host information:
[08/07/24 13:17:08] crowsnest: Host Info: Distribution: Debian GNU/Linux 11 (bullseye)
[08/07/24 13:17:08] crowsnest: Host Info: Kernel: Linux 5.16.17-sun50iw6 aarch64
[08/07/24 13:17:08] crowsnest: Host Info: Available CPU Cores: 4
[08/07/24 13:17:08] crowsnest: Host Info: Available Memory: 2032516 kB
[08/07/24 13:17:08] crowsnest: Host Info: Diskspace (avail. / total): 881M / 7.0G
[08/07/24 13:17:08] crowsnest: INFO: Checking Dependencies
[08/07/24 13:17:08] crowsnest: Dependency: 'crudini' found in /usr/bin/crudini.
[08/07/24 13:17:08] crowsnest: Dependency: 'find' found in /usr/bin/find.
[08/07/24 13:17:08] crowsnest: Dependency: 'xargs' found in /usr/bin/xargs.
[08/07/24 13:17:08] crowsnest: Dependency: 'ustreamer' found in bin/ustreamer/src/ustreamer.bin.
[08/07/24 13:17:08] crowsnest: Version Control: ustreamer is up to date. (v6.10)
[08/07/24 13:17:08] crowsnest: INFO: Print Configfile: '/home/kkobold/printer_data/config/crowsnest.conf'
[08/07/24 13:17:08] crowsnest:		[crowsnest]
[08/07/24 13:17:08] crowsnest:		log_path: /home/kkobold/printer_data/logs/crowsnest.log
[08/07/24 13:17:08] crowsnest:		log_level: verbose
[08/07/24 13:17:08] crowsnest:		delete_log: false
[08/07/24 13:17:08] crowsnest:		no_proxy: true
[08/07/24 13:17:08] crowsnest:		
[08/07/24 13:17:08] crowsnest:		[cam 1]
[08/07/24 13:17:08] crowsnest:		mode: ustreamer
[08/07/24 13:17:08] crowsnest:		
[08/07/24 13:17:08] crowsnest:		enable_rtsp: false
[08/07/24 13:17:08] crowsnest:		rtsp_port: 8554
[08/07/24 13:17:08] crowsnest:		port: 8080
[08/07/24 13:17:08] crowsnest:		device: /dev/video1
[08/07/24 13:17:08] crowsnest:		resolution: 1280x720
[08/07/24 13:17:08] crowsnest:		max_fps: 24
[08/07/24 13:17:08] crowsnest: INFO: Detect available Devices
[08/07/24 13:17:08] crowsnest: ERROR: No usable Devices Found. Stopping crowsnest.
[08/07/24 13:17:15] crowsnest: crowsnest - A webcam Service for multiple Cams and Stream Services.
[08/07/24 13:17:15] crowsnest: Version: v4.1.9-1-gd75a3ae
[08/07/24 13:17:15] crowsnest: Prepare Startup ...
[08/07/24 13:17:15] crowsnest: INFO: Host information:
[08/07/24 13:17:15] crowsnest: Host Info: Distribution: Debian GNU/Linux 11 (bullseye)
[08/07/24 13:17:15] crowsnest: Host Info: Kernel: Linux 5.16.17-sun50iw6 aarch64
[08/07/24 13:17:15] crowsnest: Host Info: Available CPU Cores: 4
[08/07/24 13:17:15] crowsnest: Host Info: Available Memory: 2032516 kB
[08/07/24 13:17:15] crowsnest: Host Info: Diskspace (avail. / total): 881M / 7.0G
[08/07/24 13:17:15] crowsnest: INFO: Checking Dependencies
[08/07/24 13:17:15] crowsnest: Dependency: 'crudini' found in /usr/bin/crudini.
[08/07/24 13:17:15] crowsnest: Dependency: 'find' found in /usr/bin/find.
[08/07/24 13:17:15] crowsnest: Dependency: 'xargs' found in /usr/bin/xargs.
[08/07/24 13:17:15] crowsnest: Dependency: 'ustreamer' found in bin/ustreamer/src/ustreamer.bin.
[08/07/24 13:17:15] crowsnest: Version Control: ustreamer is up to date. (v6.10)
[08/07/24 13:17:15] crowsnest: INFO: Print Configfile: '/home/kkobold/printer_data/config/crowsnest.conf'
[08/07/24 13:17:15] crowsnest:		[crowsnest]
[08/07/24 13:17:15] crowsnest:		log_path: /home/kkobold/printer_data/logs/crowsnest.log
[08/07/24 13:17:15] crowsnest:		log_level: verbose
[08/07/24 13:17:15] crowsnest:		delete_log: false
[08/07/24 13:17:15] crowsnest:		no_proxy: true
[08/07/24 13:17:15] crowsnest:		
[08/07/24 13:17:15] crowsnest:		[cam 1]
[08/07/24 13:17:15] crowsnest:		mode: ustreamer
[08/07/24 13:17:15] crowsnest:		
[08/07/24 13:17:15] crowsnest:		enable_rtsp: false
[08/07/24 13:17:15] crowsnest:		rtsp_port: 8554
[08/07/24 13:17:15] crowsnest:		port: 8080
[08/07/24 13:17:15] crowsnest:		device: /dev/video1
[08/07/24 13:17:15] crowsnest:		resolution: 1280x720
[08/07/24 13:17:15] crowsnest:		max_fps: 24
[08/07/24 13:17:15] crowsnest: INFO: Detect available Devices
[08/07/24 13:17:15] crowsnest: ERROR: No usable Devices Found. Stopping crowsnest.
